Anolis ID,Date of Hatch,Notes,Mother,Father,Sex,Age at Death,Egg Weight,Date Egg Found,Date of Previous Egg Check,Developmental Status,Mother population,Father Population,Population
H0001,02/06/2014,,L0132,L0048,Female,1198,0.25,01/08/2014,01/02/2014,Juvenile,L,L,L
H0002,02/06/2014,,X0175,L0016,Male,1345,0.25,01/08/2014,01/02/2014,Juvenile,X,L,XL
H0003,,,L0137,L0018,,,0.22,01/08/2014,01/02/2014,Egg,L,L,L
H0004,,,L0077,X0043,,,0.16,01/08/2014,01/02/2014,Egg,L,X,LX
H0005,02/06/2014,,L0128,L0040,Female,1198,0.25,01/08/2014,01/02/2014,Juvenile,L,L,L
H0006,02/06/2014,,L0062,X0024,Male,1345,0.29,01/08/2014,01/02/2014,Juvenile,L,X,LX
H0007,02/07/2014,,X0269,X0048,Male,1344,0.25,01/08/2014,01/02/2014,Juvenile,X,X,X
H0008,,,X0130,L0029,,,0.18,01/08/2014,01/02/2014,Egg,X,L,XL
H0009,02/05/2014,,X0264,X0020,Male,1151,0.24,01/08/2014,01/02/2014,Juvenile,X,X,X
H0010,02/09/2014,,X0264,X0020,Female,1342,0.24,01/08/2014,01/02/2014,Juvenile,X,X,X
H0011,02/09/2014,,X0128,X0028,Female,1342,0.29,01/08/2014,01/02/2014,Juvenile,X,X,X
H0012,02/07/2014,,L0133,X0011,Female,1197,0.24,01/08/2014,01/02/2014,Juvenile,L,X,LX
H0013,02/10/2014,,X0199,L0001,Female,1194,0.19,01/08/2014,01/02/2014,Juvenile,X,L,XL
H0014,02/07/2014,,L0060,X0039,Female,1197,0.25,01/08/2014,01/02/2014,Juvenile,L,X,LX
H0015,02/17/2014,,L0137,L0018,Male,1187,0.25,01/16/2014,01/08/2014,Juvenile,L,L,L
H0016,02/14/2014,,X0175,L0016,Male,1337,0.27,01/16/2014,01/08/2014,Juvenile,X,L,XL
H0017,02/13/2014,,L0062,X0024,Female,1191,0.26,01/16/2014,01/08/2014,Juvenile,L,X,LX
H0018,02/16/2014,,X0199,L0001,Male,1335,0.18,01/16/2014,01/08/2014,Juvenile,X,L,XL
H0019,02/18/2014,,L0132,L0048,Male,1186,0.24,01/16/2014,01/08/2014,Juvenile,L,L,L
H0020,02/12/2014,,L0132,L0048,Female,1192,0.27,01/16/2014,01/08/2014,Juvenile,L,L,L
H0021,02/17/2014,Missing 6/12/2017,X0187,L0036,Male,1211,0.24,01/16/2014,01/08/2014,Juvenile,X,L,XL
H0022,02/14/2014,,L0060,X0039,Male,1337,0.22,01/16/2014,01/08/2014,Juvenile,L,X,LX
H0023,,,X0128,X0028,,,0.25,01/16/2014,01/08/2014,Egg,X,X,X
H0024,02/21/2014,,X0128,X0028,Female,1330,0.2,01/16/2014,01/08/2014,Juvenile,X,X,X
H0025,,,X0233,X0001,,,0.14,01/22/2014,01/16/2014,Egg,X,X,X
H0026,02/23/2014,,L0132,L0048,Female,1181,0.23,01/22/2014,01/16/2014,Juvenile,L,L,L
H0027,,,L0132,L0048,,,0.14,01/22/2014,01/16/2014,Egg,L,L,L
H0028,02/23/2014,,L0137,L0018,Female,1181,0.24,01/22/2014,01/16/2014,Juvenile,L,L,L
H0029,,,X0232,L0010,,,0.13,01/22/2014,01/16/2014,Egg,X,L,XL
H0030,02/23/2014,,X0199,L0001,Female,1181,0.2,01/22/2014,01/16/2014,Juvenile,X,L,XL
H0031,02/23/2014,,X0264,X0020,Male,1328,0.23,01/22/2014,01/16/2014,Juvenile,X,X,X
H0032,02/28/2014,,L0137,L0018,Female,1176,0.23,01/29/2014,01/22/2014,Juvenile,L,L,L
H0033,03/03/2014,,L0062,X0024,Female,1173,0.24,01/29/2014,01/22/2014,Juvenile,L,X,LX
H0034,,,L0092,X0023,,,0.16,01/29/2014,01/22/2014,Egg,L,X,LX
H0035,03/01/2014,,X0264,X0020,Female,1322,0.26,01/29/2014,01/22/2014,Juvenile,X,X,X
H0036,02/28/2014,,X0199,L0001,Male,1323,0.2,01/29/2014,01/22/2014,Juvenile,X,L,XL
H0037,,,L0093,L0004,,,0.18,01/29/2014,01/22/2014,Egg,L,L,L
H0038,02/27/2014,,X0269,X0048,Female,21,0.25,01/29/2014,01/22/2014,Juvenile,X,X,X
H0039,02/27/2014,,L0128,L0040,Male,59,0.24,01/29/2014,01/22/2014,Juvenile,L,L,L
H0040,02/26/2014,,X0187,L0036,Female,1178,0.26,01/29/2014,01/22/2014,Juvenile,X,L,XL
H0041,03/03/2014,,L0132,L0048,Female,1173,0.21,01/29/2014,01/22/2014,Juvenile,L,L,L
H0042,03/01/2014,,X0128,X0028,Female,1322,0.27,01/29/2014,01/22/2014,Juvenile,X,X,X
H0043,03/01/2014,,X0246,L0012,Male,1322,0.26,01/29/2014,01/22/2014,Juvenile,X,L,XL
H0044,03/09/2014,,X0128,X0028,Female,1314,0.26,02/04/2014,01/29/2014,Juvenile,X,X,X
H0045,03/09/2014,,L0132,L0048,Female,1167,0.24,02/04/2014,01/29/2014,Juvenile,L,L,L
H0046,03/06/2014,,X0264,X0020,Female,1317,0.27,02/04/2014,01/29/2014,Juvenile,X,X,X
H0047,,,X0233,X0001,,,0.13,02/04/2014,01/29/2014,Egg,X,X,X
H0048,03/05/2014,,X0187,L0036,Male,1318,0.28,02/04/2014,01/29/2014,Juvenile,X,L,XL
H0049,,,X0130,L0029,,,0.21,02/04/2014,01/29/2014,Egg,X,L,XL
H0050,03/05/2014,,L0128,L0040,Female,1171,0.25,02/04/2014,01/29/2014,Juvenile,L,L,L
H0051,03/07/2014,,L0137,L0018,Male,1165,0.28,02/04/2014,01/29/2014,Juvenile,L,L,L
H0052,03/09/2014,,X0175,L0016,Female,1167,0.24,02/04/2014,01/29/2014,Juvenile,X,L,XL
H0053,03/14/2014,,X0269,X0048,Female,417,0.29,02/12/2014,02/04/2014,Juvenile,X,X,X
H0054,03/16/2014,,X0269,X0048,Female,505,0.2,02/12/2014,02/04/2014,Juvenile,X,X,X
H0055,03/16/2014,,X0264,X0020,Female,1307,0.2,02/12/2014,02/04/2014,Juvenile,X,X,X
H0056,03/13/2014,,X0264,X0020,Female,1310,0.25,02/12/2014,02/04/2014,Juvenile,X,X,X
H0057,,,X0233,X0001,,,0.16,02/12/2014,02/04/2014,Egg,X,X,X
H0058,,,L0060,X0039,,,0.24,02/12/2014,02/04/2014,Egg,L,X,LX
H0059,03/18/2014,,L0062,X0024,Female,1158,0.2,02/12/2014,02/04/2014,Juvenile,L,X,LX
H0060,,,X0242,L0013,,,0.12,02/12/2014,02/04/2014,Egg,X,L,XL
H0061,03/17/2014,,L0137,L0018,Male,1159,0.21,02/12/2014,02/04/2014,Juvenile,L,L,L
H0062,,,X0199,L0001,,,0.16,02/12/2014,02/04/2014,Egg,X,L,XL
H0063,,,L0093,L0004,,,0.2,02/12/2014,02/04/2014,Egg,L,L,L
H0064,03/16/2014,,L0132,L0048,Female,1160,0.22,02/12/2014,02/04/2014,Juvenile,L,L,L
H0065,03/13/2014,,L0128,L0040,Female,1163,0.21,02/12/2014,02/04/2014,Juvenile,L,L,L
H0066,03/19/2014,,X0187,L0036,Male,680,0.19,02/12/2014,02/04/2014,Juvenile,X,L,XL
H0067,03/16/2014,,X0128,X0028,Female,1307,0.22,02/12/2014,02/04/2014,Juvenile,X,X,X
H0068,,,L0093,L0004,,,0.21,02/18/2014,02/12/2014,Egg,L,L,L
H0069,03/26/2014,,X0128,X0028,Female,1297,0.25,02/18/2014,02/12/2014,Juvenile,X,X,X
H0070,,,X0233,X0001,,,0.16,02/18/2014,02/12/2014,Egg,X,X,X
H0071,,,X0175,L0016,,,0.14,02/18/2014,02/12/2014,Egg,X,L,XL
H0072,,,X0163,L0042,,,0.17,02/18/2014,02/12/2014,Egg,X,L,XL
H0073,,,X0199,L0001,,,0.17,02/18/2014,02/12/2014,Egg,X,L,XL
H0074,03/23/2014,,L0132,L0048,Male,1153,0.22,02/18/2014,02/12/2014,Juvenile,L,L,L
H0075,03/22/2014,,X0264,X0020,Female,1301,0.24,02/18/2014,02/12/2014,Juvenile,X,X,X
H0076,,,X0276,X0012,,,0.16,02/18/2014,02/12/2014,Egg,X,X,X
H0077,,,X0242,L0013,,,0.16,02/18/2014,02/12/2014,Egg,X,L,XL
H0078,,,L0137,L0018,,,0.11,02/25/2014,02/18/2014,Egg,L,L,L
H0079,03/28/2014,,L0137,L0018,Male,1148,0.25,02/25/2014,02/18/2014,Juvenile,L,L,L
H0080,,,X0233,X0001,,,0.14,02/25/2014,02/18/2014,Egg,X,X,X
H0081,03/29/2014,,X0264,X0020,Female,1294,0.21,02/25/2014,02/18/2014,Juvenile,X,X,X
H0082,,,X0199,L0001,,,0.18,02/25/2014,02/18/2014,Egg,X,L,XL
H0083,,,X0232,L0010,,,0.15,02/25/2014,02/18/2014,Egg,X,L,XL
H0084,,,X0276,X0012,,,0.13,02/25/2014,02/18/2014,Egg,X,X,X
H0085,04/01/2014,,X0128,X0028,Male,1291,0.22,02/25/2014,02/18/2014,Juvenile,X,X,X
H0086,,,X0242,L0013,,,0.11,02/25/2014,02/18/2014,Egg,X,L,XL
H0087,03/29/2014,,L0062,X0024,Male,1294,0.19,02/25/2014,02/18/2014,Juvenile,L,X,LX
H0088,03/29/2014,,X0269,X0048,Male,332,0.27,02/25/2014,02/18/2014,Juvenile,X,X,X
H0089,,,X0246,L0012,,,0.13,02/25/2014,02/18/2014,Egg,X,L,XL
H0090,,,X0187,L0036,,,0.12,02/25/2014,02/18/2014,Egg,X,L,XL
H0091,,,X0175,L0016,,,0.17,02/25/2014,02/18/2014,Egg,X,L,XL
H0092,03/29/2014,,L0132,L0048,Female,1147,0.21,02/25/2014,02/18/2014,Juvenile,L,L,L
H0093,03/29/2014,,L0128,L0040,Male,1147,0.25,02/25/2014,02/18/2014,Juvenile,L,L,L
H0094,,,L0093,L0004,,,0.14,02/25/2014,02/18/2014,Egg,L,L,L
H0095,,,X0130,L0029,,,0.14,03/05/2014,02/25/2014,Egg,X,L,XL
H0096,,,X0232,L0010,,,0.12,03/05/2014,02/25/2014,Egg,X,L,XL
H0097,04/05/2014,,X0264,X0020,Female,1287,0.25,03/05/2014,02/25/2014,Juvenile,X,X,X
H0098,,,X0199,L0001,,,0.15,03/05/2014,02/25/2014,Egg,X,L,XL
H0099,,,X0233,X0001,,,0.16,03/05/2014,02/25/2014,Egg,X,X,X
H0100,,,X0276,X0012,,,0.18,03/05/2014,02/25/2014,Egg,X,X,X
H0101,,,X0242,L0013,,,0.12,03/05/2014,02/25/2014,Egg,X,L,XL
H0102,04/08/2014,,X0128,X0028,Female,1284,0.21,03/05/2014,02/25/2014,Juvenile,X,X,X
H0103,04/02/2014,,L0060,X0039,Female,1143,0.28,03/05/2014,02/25/2014,Juvenile,L,X,LX
H0104,,,X0175,L0016,,,0.16,03/05/2014,02/25/2014,Egg,X,L,XL
H0105,04/05/2014,,L0132,L0048,Female,1140,0.23,03/05/2014,02/25/2014,Juvenile,L,L,L
H0106,04/05/2014,,L0128,L0040,Male,1140,0.27,03/05/2014,02/25/2014,Juvenile,L,L,L
H0107,,,X0175,L0016,,,0.2,03/12/2014,03/05/2014,Egg,X,L,XL
H0108,,,X0130,L0029,,,0.15,03/12/2014,03/05/2014,Egg,X,L,XL
H0109,,,X0163,L0042,,,0.15,03/12/2014,03/05/2014,Egg,X,L,XL
H0110,,,X0242,L0013,,,0.19,03/12/2014,03/05/2014,Egg,X,L,XL
H0111,,,X0233,X0001,,,0.15,03/12/2014,03/05/2014,Egg,X,X,X
H0112,,,X0233,X0001,,,0.13,03/12/2014,03/05/2014,Egg,X,X,X
H0113,04/13/2014,,L0132,L0048,Male,1132,0.26,03/12/2014,03/05/2014,Juvenile,L,L,L
H0114,04/09/2014,,L0060,X0039,Male,1136,0.28,03/12/2014,03/05/2014,Juvenile,L,X,LX
H0115,04/12/2014,,X0269,X0048,Male,1280,0.28,03/12/2014,03/05/2014,Juvenile,X,X,X
H0116,04/13/2014,,L0137,L0018,Male,933,0.25,03/12/2014,03/05/2014,Juvenile,L,L,L
H0117,04/12/2014,,X0264,X0020,Female,1280,0.25,03/12/2014,03/05/2014,Juvenile,X,X,X
H0118,04/12/2014,,X0264,X0020,Male,3,0.22,03/12/2014,03/05/2014,Juvenile,X,X,X
H0119,04/12/2014,,X0128,X0028,Female,1280,0.25,03/12/2014,03/05/2014,Juvenile,X,X,X
H0120,04/17/2014,,L0060,X0039,Female,1128,0.28,03/18/2014,03/12/2014,Juvenile,L,X,LX
H0121,,,L0137,L0018,,,0.28,03/18/2014,03/12/2014,Egg,L,L,L
H0122,04/20/2014,,X0269,X0048,Male,1272,0.24,03/18/2014,03/12/2014,Juvenile,X,X,X
H0123,,,X0246,L0012,,,0.23,03/18/2014,03/12/2014,Egg,X,L,XL
H0124,,,X0232,L0010,,,0.19,03/18/2014,03/12/2014,Egg,X,L,XL
H0125,,,X0199,L0001,,,0.21,03/18/2014,03/12/2014,Egg,X,L,XL
H0126,04/20/2014,,X0128,X0028,Female,1272,0.27,03/18/2014,03/12/2014,Juvenile,X,X,X
H0127,,,X0242,L0013,,,0.2,03/18/2014,03/12/2014,Egg,X,L,XL
H0128,04/21/2014,,X0264,X0020,Female,1271,0.23,03/18/2014,03/12/2014,Juvenile,X,X,X
H0129,,,X0130,L0029,,,0.18,03/18/2014,03/12/2014,Egg,X,L,XL
H0130,04/17/2014,,L0128,L0040,Female,1128,0.26,03/18/2014,03/12/2014,Juvenile,L,L,L
H0131,04/20/2014,,L0107,X0053,Female,1125,0.23,03/18/2014,03/12/2014,Juvenile,L,X,LX
H0132,04/25/2014,Missing 7/29/2014,X0128,X0028,Female,95,0.28,03/26/2014,03/18/2014,Juvenile,X,X,X
H0133,04/23/2014,,L0128,L0040,Female,1122,0.31,03/26/2014,03/18/2014,Juvenile,L,L,L
H0134,04/27/2014,,X0264,X0020,Male,1291,0.23,03/26/2014,03/18/2014,Juvenile,X,X,X
H0135,,,X0233,X0001,,,0.21,03/26/2014,03/18/2014,Egg,X,X,X
H0136,,,X0276,X0012,,,0.2,03/26/2014,03/18/2014,Egg,X,X,X
H0137,04/24/2014,,L0137,L0018,Male,1121,0.28,03/26/2014,03/18/2014,Juvenile,L,L,L
H0138,,,L0060,X0039,,,0.24,03/26/2014,03/18/2014,Egg,L,X,LX
H0139,,,X0199,L0001,,,0.18,03/26/2014,03/18/2014,Egg,X,L,XL
H0140,,,X0232,L0010,,,0.18,03/26/2014,03/18/2014,Egg,X,L,XL
H0141,,,X0130,L0029,,,0.17,03/26/2014,03/18/2014,Egg,X,L,XL
H0142,05/03/2014,,L0128,L0040,Female,540,0.22,04/01/2014,03/26/2014,Juvenile,L,L,L
H0143,,,X0128,X0028,,,0.18,04/01/2014,03/26/2014,Egg,X,X,X
H0144,05/06/2014,,L0107,X0053,Female,1109,0.22,04/01/2014,03/26/2014,Juvenile,L,X,LX
H0145,05/05/2014,,L0079,L0031,Female,1110,0.2,04/01/2014,03/26/2014,Juvenile,L,L,L
H0146,,,X0233,X0001,,,0.17,04/01/2014,03/26/2014,Egg,X,X,X
H0147,,,X0232,L0010,,,0.14,04/01/2014,03/26/2014,Egg,X,L,XL
H0148,05/01/2014,,X0264,X0020,Female,8,0.23,04/01/2014,03/26/2014,Juvenile,X,X,X
H0149,,,X0130,L0029,,,0.18,04/01/2014,03/26/2014,Egg,X,L,XL
H0150,,,X0269,X0048,,,0.17,04/01/2014,03/26/2014,Egg,X,X,X
H0151,,,X0175,L0016,,,0.24,04/08/2014,04/01/2014,Egg,X,L,XL
H0152,,,X0233,X0001,,,0.14,04/08/2014,04/01/2014,Egg,X,X,X
H0153,05/12/2014,,L0079,L0031,Female,1103,0.19,04/08/2014,04/01/2014,Juvenile,L,L,L
H0154,05/11/2014,,L0128,L0040,Female,384,0.21,04/08/2014,04/01/2014,Juvenile,L,L,L
H0155,05/08/2014,,L0137,L0018,Female,1107,0.22,04/08/2014,04/01/2014,Juvenile,L,L,L
H0156,,,L0093,L0004,,,0.18,04/08/2014,04/01/2014,Egg,L,L,L
H0157,,,X0269,X0048,,,0.12,04/08/2014,04/01/2014,Egg,X,X,X
H0158,05/07/2014,,L0060,X0039,Male,1255,0.26,04/08/2014,04/01/2014,Juvenile,L,X,LX
H0159,05/10/2014,,X0264,X0020,Female,1252,0.23,04/08/2014,04/01/2014,Juvenile,X,X,X
H0160,,,X0233,X0001,,,0.15,04/16/2014,04/08/2014,Egg,X,X,X
H0161,,,X0199,L0001,,,0.18,04/16/2014,04/08/2014,Egg,X,L,XL
H0162,,,L0093,L0004,,,0.16,04/16/2014,04/08/2014,Egg,L,L,L
H0163,,,X0175,L0016,,,0.18,04/16/2014,04/08/2014,Egg,X,L,XL
H0164,05/19/2014,,L0079,L0031,Male,1096,0.22,04/16/2014,04/08/2014,Juvenile,L,L,L
H0165,,,L0091,X0038,,,0.25,04/22/2014,04/16/2014,Egg,L,X,LX
H0166,05/23/2014,,X0264,X0020,Male,1092,0.22,04/22/2014,04/16/2014,Juvenile,X,X,X
H0167,05/25/2014,,L0107,X0053,Female,129,0.19,04/22/2014,04/16/2014,Juvenile,L,X,LX
H0168,,,X0175,L0016,,,0.17,04/22/2014,04/16/2014,Egg,X,L,XL
H0169,05/26/2014,,L0079,L0031,Male,1089,0.18,04/22/2014,04/16/2014,Juvenile,L,L,L
H0170,,,X0269,X0048,,,0.16,04/22/2014,04/16/2014,Egg,X,X,X
H0171,,,X0233,X0001,,,0.16,04/22/2014,04/16/2014,Egg,X,X,X
H0172,05/29/2014,,L0107,X0053,Male,2,0.22,04/30/2014,04/22/2014,Juvenile,L,X,LX
H0173,06/01/2014,,L0079,L0031,Male,5,0.22,04/30/2014,04/22/2014,Juvenile,L,L,L
H0174,,,X0269,X0048,,,0.13,04/30/2014,04/22/2014,Egg,X,X,X
H0175,06/03/2014,,L0091,X0038,Male,961,0.2,04/30/2014,04/22/2014,Juvenile,L,X,LX
H0176,,,X0242,L0013,,,0.13,04/30/2014,04/22/2014,Egg,X,L,XL
H0177,,,X0163,L0042,,,0.18,04/30/2014,04/22/2014,Egg,X,L,XL
H0178,,,L0093,L0004,,,0.2,04/30/2014,04/22/2014,Egg,L,L,L
H0179,05/26/2014,,L0066,X0019,Female,4,0.24,04/30/2014,04/22/2014,Juvenile,L,X,LX
H0180,,,X0128,X0028,,,0.1,04/30/2014,04/22/2014,Egg,X,X,X
H0181,,,X0233,X0001,,,0.12,04/30/2014,04/22/2014,Egg,X,X,X
H0182,,,L0132,L0048,,,0.15,05/06/2014,04/30/2014,Egg,L,L,L
H0183,06/03/2014,,L0060,X0039,Male,1228,0.24,05/06/2014,04/22/2014,Juvenile,L,X,LX
H0184,,,X0130,L0029,,,0.15,05/06/2014,04/30/2014,Egg,X,L,XL
H0185,06/09/2014,,X0264,X0020,Female,1222,0.21,05/06/2014,04/30/2014,Juvenile,X,X,X
H0186,06/08/2014,,L0077,X0043,Male,1223,0.2,05/06/2014,04/30/2014,Juvenile,L,X,LX
H0187,06/12/2014,,L0066,X0019,Male,1219,0.27,05/14/2014,05/06/2014,Juvenile,L,X,LX
H0188,,,X0242,L0013,,,0.14,05/14/2014,05/06/2014,Egg,X,L,XL
H0189,06/17/2014,,L0091,X0038,Female,1067,0.16,05/14/2014,05/06/2014,Juvenile,L,X,LX
H0190,,,L0107,X0053,,,0.27,05/14/2014,05/06/2014,Egg,L,X,LX
H0191,,,X0175,L0016,,,0.16,05/14/2014,05/06/2014,Egg,X,L,XL
H0192,06/15/2014,,L0079,L0031,Female,6,0.2,05/14/2014,05/06/2014,Juvenile,L,L,L
H0193,06/13/2014,,L0077,X0043,Male,1218,0.25,05/14/2014,05/06/2014,Juvenile,L,X,LX
H0194,06/17/2014,,L0077,X0043,Female,1067,0.16,05/14/2014,05/06/2014,Juvenile,L,X,LX
H0195,06/13/2014,,S0108,,Female,397,0.24,05/14/2014,,Juvenile,S,,S
H0196,06/17/2014,,S0149,,Female,393,0.18,05/15/2014,,Juvenile,S,,S
H0197,06/13/2014,Missing 10/10/2014,S0162,,Male,119,0.25,05/15/2014,,Juvenile,S,,S
H0198,06/15/2014,,S0138,,Female,395,0.18,05/15/2014,,Juvenile,S,,S
H0199,06/14/2014,,S0180,,Female,396,0.24,05/15/2014,,Juvenile,S,,S
H0200,06/21/2014,,L0079,L0031,Female,1063,0.22,05/22/2014,05/14/2014,Juvenile,L,L,L
H0201,06/21/2014,,L0066,X0019,Female,1063,0.25,05/22/2014,05/14/2014,Juvenile,L,X,LX
H0202,06/23/2014,,L0077,X0043,Female,1061,0.2,05/22/2014,05/14/2014,Juvenile,L,X,LX
H0203,,,X0175,L0016,,,0.15,05/22/2014,05/14/2014,Egg,X,L,XL
H0204,,,X0128,X0028,,,0.13,05/22/2014,05/14/2014,Egg,X,X,X
H0205,,,X0187,L0036,,,0.18,05/27/2014,05/22/2014,Egg,X,L,XL
H0206,06/29/2014,,L0077,X0043,Male,505,0.18,05/27/2014,05/22/2014,Juvenile,L,X,LX
H0207,,,X0232,L0010,,,0.17,05/27/2014,05/22/2014,Egg,X,L,XL
H0208,,,X0233,X0001,,,0.15,05/27/2014,05/22/2014,Egg,X,X,X
H0209,,,X0269,X0048,,,0.19,05/27/2014,05/22/2014,Egg,X,X,X
H0210,,,X0242,L0013,,,0.17,05/27/2014,05/22/2014,Egg,X,L,XL
H0211,06/21/2014,,S0101,,Male,6,0.21,05/27/2014,05/15/2014,Juvenile,S,,S
H0212,06/21/2014,,S0108,,Male,389,0.3,05/27/2014,05/15/2014,Juvenile,S,,S
H0213,06/22/2014,,S0114,,Male,388,0.26,05/27/2014,05/15/2014,Juvenile,S,,S
H0214,06/20/2014,,S0117,,Female,390,0.27,05/27/2014,05/15/2014,Juvenile,S,,S
H0215,06/25/2014,,S0141,,Male,412,0.26,05/27/2014,05/15/2014,Juvenile,S,,S
H0216,06/28/2014,,S0134,,Male,409,0.19,05/27/2014,05/15/2014,Juvenile,S,,S
H0217,06/23/2014,,S0160,,Female,387,0.25,05/27/2014,05/15/2014,Juvenile,S,,S
H0218,,,S0162,,,,0.28,05/28/2014,05/15/2014,Egg,S,,S
H0219,06/23/2014,,S0155,,Female,414,0.21,05/28/2014,05/15/2014,Juvenile,S,,S
H0220,06/21/2014,,S0165,,Male,389,0.29,05/28/2014,05/15/2014,Juvenile,S,,S
H0221,06/22/2014,,S0158,,Female,388,0.23,05/28/2014,05/15/2014,Juvenile,S,,S
H0222,06/21/2014,,S0131,,Female,389,0.33,05/28/2014,05/15/2014,Juvenile,S,,S
H0223,,,S0144,,,,0.21,05/28/2014,05/15/2014,Egg,S,,S
H0224,06/22/2014,,S0235,,Male,388,0.29,05/28/2014,05/15/2014,Juvenile,S,,S
H0225,06/22/2014,,S0218,,Female,388,0.23,05/28/2014,05/15/2014,Juvenile,S,,S
H0226,06/23/2014,,S0226,,Female,414,0.23,05/28/2014,05/15/2014,Juvenile,S,,S
H0227,06/19/2014,,S0234,,Female,391,0.36,05/28/2014,05/15/2014,Juvenile,S,,S
H0228,06/25/2014,,S0260,,Male,412,0.24,05/28/2014,05/15/2014,Juvenile,S,,S
H0229,06/22/2014,,S0253,,Male,388,0.34,05/28/2014,05/15/2014,Juvenile,S,,S
H0230,07/03/2014,,L0077,X0043,Male,1052,0.19,06/02/2014,05/27/2014,Juvenile,L,X,LX
H0231,,,L0092,X0023,,,0.13,06/02/2014,05/27/2014,Egg,L,X,LX
H0232,,,X0154,L0011,,,0.13,06/02/2014,05/27/2014,Egg,X,L,XL
H0233,,,X0232,L0010,,,0.15,06/02/2014,05/27/2014,Egg,X,L,XL
H0234,,,X0233,X0001,,,0.11,06/02/2014,05/27/2014,Egg,X,X,X
H0235,07/03/2014,,L0079,L0031,Female,1053,0.23,06/02/2014,05/27/2014,Juvenile,L,L,L
H0236,,,X0242,L0013,,,0.21,06/02/2014,05/27/2014,Egg,X,L,XL
H0237,,,L0093,L0004,,,0.12,06/02/2014,05/27/2014,Egg,L,L,L
H0238,,,L0062,X0024,,,0.25,06/02/2014,05/27/2014,Egg,L,X,LX
H0239,,,L0077,X0043,,,0.24,06/12/2014,06/02/2014,Egg,L,X,LX
H0240,07/13/2014,,L0079,L0031,Male,5,0.16,06/12/2014,06/02/2014,Juvenile,L,L,L
H0241,07/04/2014,,S0108,,Female,403,0.25,06/12/2014,05/28/2014,Juvenile,S,,S
H0242,07/02/2014,,S0149,,Female,405,0.37,06/12/2014,05/28/2014,Juvenile,S,,S
H0243,07/06/2014,,S0248,,Female,12,0.31,06/12/2014,05/28/2014,Juvenile,S,,S
H0244,07/05/2014,,S0234,,Female,402,0.23,06/12/2014,05/28/2014,Juvenile,S,,S
H0245,07/04/2014,,S0188,,Female,403,0.33,06/12/2014,05/28/2014,Juvenile,S,,S
H0246,,,S0121,,,,0.12,06/19/2014,06/12/2014,Egg,S,,S
H0247,07/14/2014,,L0062,X0024,Male,1,0.33,06/19/2014,06/12/2014,Juvenile,L,X,LX
H0248,07/19/2014,,S0108,,Male,388,0.28,06/19/2014,06/12/2014,Juvenile,S,,S
H0249,07/19/2014,,L0077,X0043,Female,1038,0.23,06/19/2014,06/12/2014,Juvenile,L,X,LX
H0250,07/17/2014,,S0158,,Female,390,0.25,06/19/2014,06/12/2014,Juvenile,S,,S
H0251,07/18/2014,,S0201,,Female,389,0.23,06/19/2014,06/12/2014,Juvenile,S,,S
H0252,07/20/2014,,S0191,,Female,387,0.16,06/19/2014,06/12/2014,Juvenile,S,,S
H0253,07/16/2014,,S0150,,Male,391,0.33,06/19/2014,06/12/2014,Juvenile,S,,S
H0254,07/20/2014,,S0225,,Male,387,0.23,06/19/2014,06/12/2014,Juvenile,S,,S
H0255,,,S0220,,,,0.32,06/19/2014,06/12/2014,Egg,S,,S
H0256,07/20/2014,,S0248,,Male,387,0.26,06/19/2014,06/12/2014,Juvenile,S,,S
H0257,07/18/2014,,S0228,,Male,100,0.27,06/19/2014,06/12/2014,Juvenile,S,,S
H0258,07/23/2014,,S0258,,Female,384,0.19,06/19/2014,06/12/2014,Juvenile,S,,S
H0259,,,S0226,,,,0.23,06/19/2014,06/12/2014,Egg,S,,S
H0260,07/26/2014,,S0117,,Female,381,0.24,06/26/2014,06/19/2014,Juvenile,S,,S
H0261,07/27/2014,,S0121,,Female,380,0.24,06/26/2014,06/19/2014,Juvenile,S,,S
H0262,07/27/2014,Missing 10/10/2014,S0108,,Female,75,0.23,06/26/2014,06/19/2014,Juvenile,S,,S
H0263,,,L0092,X0023,,,0.3,06/26/2014,06/19/2014,Egg,L,X,LX
H0264,,,L0137,L0018,,,0.15,06/26/2014,06/19/2014,Egg,L,L,L
H0265,,,X0175,L0016,,,0.18,06/26/2014,06/19/2014,Egg,X,L,XL
H0266,07/26/2014,,L0077,X0043,Female,1028,0.22,06/26/2014,06/19/2014,Juvenile,L,X,LX
H0267,,,X0269,X0048,,,0.14,06/26/2014,06/19/2014,Egg,X,X,X
H0268,07/24/2014,,S0153,,Female,383,0.3,06/26/2014,06/19/2014,Juvenile,S,,S
H0269,,,S0144,,,,0.17,06/26/2014,06/19/2014,Egg,S,,S
H0270,,,S0158,,,,0.25,06/26/2014,06/19/2014,Egg,S,,S
H0271,07/25/2014,,S0199,,Male,382,0.25,06/26/2014,06/19/2014,Juvenile,S,,S
H0272,07/29/2014,,S0191,,Male,378,0.18,06/26/2014,06/19/2014,Juvenile,S,,S
H0273,07/27/2014,,S0243,,Female,380,0.22,06/26/2014,06/19/2014,Juvenile,S,,S
H0274,07/26/2014,,S0231,,Female,381,0.23,06/26/2014,06/19/2014,Juvenile,S,,S
H0275,08/04/2014,,L0077,X0043,Female,1022,0.18,07/02/2014,06/26/2014,Juvenile,L,X,LX
H0276,07/31/2014,,L0077,X0043,Male,1025,0.24,07/02/2014,06/26/2014,Juvenile,L,X,LX
H0277,,,X0233,X0001,,,0.19,07/02/2014,06/26/2014,Egg,X,X,X
H0278,08/02/2014,,L0079,L0031,Male,6,0.23,07/02/2014,06/26/2014,Juvenile,L,L,L
H0279,,"Transferred to Robin Andrews, 7/2/2014",S0125,,,,0.26,07/02/2014,06/26/2014,Egg,S,,S
H0280,,"Transferred to Robin Andrews, 7/2/2014",S0108,,,,0.21,07/02/2014,06/26/2014,Egg,S,,S
H0281,,"Transferred to Robin Andrews, 7/3/2014",S0240,,,,0.28,07/03/2014,06/26/2014,Egg,S,,S
H0282,,"Transferred to Robin Andrews, 7/3/2014",S0155,,,,0.26,07/03/2014,06/26/2014,Egg,S,,S
H0283,,"Transferred to Robin Andrews, 7/3/2014",S0134,,,,0.29,07/03/2014,06/26/2014,Egg,S,,S
H0284,,"Transferred to Robin Andrews, 7/3/2014",S0160,,,,0.24,07/03/2014,06/26/2014,Egg,S,,S
H0285,,"Transferred to Robin Andrews, 7/3/2014",S0237,,,,0.25,07/03/2014,06/26/2014,Egg,S,,S
H0286,,"Transferred to Robin Andrews, 7/3/2014",S0207,,,,0.24,07/03/2014,06/26/2014,Egg,S,,S
H0287,,"Transferred to Robin Andrews, 7/3/2014",S0205,,,,0.25,07/03/2014,06/26/2014,Egg,S,,S
H0288,,"Transferred to Robin Andrews, 7/3/2014",S0211,,,,0.3,07/03/2014,06/26/2014,Egg,S,,S
H0289,,"Transferred to Robin Andrews, 7/3/2014",S0150,,,,0.21,07/03/2014,06/26/2014,Egg,S,,S
H0290,,"Transferred to Robin Andrews, 7/3/2014",S0201,,,,0.22,07/03/2014,06/26/2014,Egg,S,,S
H0291,,"Transferred to Robin Andrews, 7/3/2014",S0168,,,,0.27,07/03/2014,06/26/2014,Egg,S,,S
H0292,,"Transferred to Robin Andrews, 7/3/2014",S0260,,,,0.29,07/03/2014,06/26/2014,Egg,S,,S
H0293,,"Transferred to Robin Andrews, 7/3/2014",S0188,,,,0.27,07/03/2014,06/26/2014,Egg,S,,S
H0294,,"Transferred to Robin Andrews, 7/10/2014",S0125,,,,0.2,07/10/2014,07/02/2014,Egg,S,,S
H0295,,"Transferred to Robin Andrews, 7/10/2014",S0119,,,,0.29,07/10/2014,07/02/2014,Egg,S,,S
H0296,,"Transferred to Robin Andrews, 7/10/2014",S0101,,,,0.26,07/10/2014,07/02/2014,Egg,S,,S
H0297,,"Transferred to Robin Andrews, 7/10/2014",S0121,,,,0.2,07/10/2014,07/02/2014,Egg,S,,S
H0298,,"Transferred to Robin Andrews, 7/10/2014",S0158,,,,0.23,07/10/2014,07/03/2014,Egg,S,,S
H0299,,"Transferred to Robin Andrews, 7/10/2014",S0153,,,,0.28,07/10/2014,07/03/2014,Egg,S,,S
H0300,,"Transferred to Robin Andrews, 7/10/2014",S0144,,,,0.25,07/10/2014,07/03/2014,Egg,S,,S
H0301,,"Transferred to Robin Andrews, 7/10/2014",S0192,,,,0.23,07/10/2014,07/03/2014,Egg,S,,S
H0302,,"Transferred to Robin Andrews, 7/10/2014",S0178,,,,0.24,07/10/2014,07/03/2014,Egg,S,,S
H0303,,"Transferred to Robin Andrews, 7/10/2014",S0199,,,,0.18,07/10/2014,07/03/2014,Egg,S,,S
H0304,,"Transferred to Robin Andrews, 7/10/2014",S0237,,,,0.24,07/10/2014,07/03/2014,Egg,S,,S
H0305,,"Transferred to Robin Andrews, 7/10/2014",S0225,,,,0.25,07/10/2014,07/03/2014,Egg,S,,S
H0306,,"Transferred to Robin Andrews, 7/10/2014",S0243,,,,0.16,07/10/2014,07/03/2014,Egg,S,,S
H0307,,"Transferred to Robin Andrews, 7/10/2014",S0231,,,,0.24,07/10/2014,07/03/2014,Egg,S,,S
H0308,,"Transferred to Robin Andrews, 7/10/2014",S0228,,,,0.28,07/10/2014,07/03/2014,Egg,S,,S
H0309,,"Transferred to Robin Andrews, 7/10/2014",S0248,,,,0.23,07/10/2014,07/03/2014,Egg,S,,S
H0310,,"Transferred to Robin Andrews, 7/10/2014",S0260,,,,0.25,07/10/2014,07/03/2014,Egg,S,,S
H0311,,"Transferred to Robin Andrews, 7/10/2014",S0188,,,,0.27,07/10/2014,07/03/2014,Egg,S,,S
H0312,,"Transferred to Robin Andrews, 7/10/2014",S0180,,,,0.25,07/10/2014,07/03/2014,Egg,S,,S
H0313,,"Transferred to Robin Andrews, 7/17/2014",S0165,,,,0.19,07/17/2014,07/10/2014,Egg,S,,S
H0314,,"Transferred to Robin Andrews, 7/17/2014",S0111,,,,0.33,07/17/2014,07/10/2014,Egg,S,,S
H0315,,"Transferred to Robin Andrews, 7/17/2014",S0153,,,,0.27,07/17/2014,07/10/2014,Egg,S,,S
H0316,,"Transferred to Robin Andrews, 7/17/2014",S0149,,,,0.28,07/17/2014,07/10/2014,Egg,S,,S
H0317,,"Transferred to Robin Andrews, 7/17/2014",S0103,,,,0.28,07/17/2014,07/10/2014,Egg,S,,S
H0318,,"Transferred to Robin Andrews, 7/17/2014",S0134,,,,0.26,07/17/2014,07/10/2014,Egg,S,,S
H0319,,"Transferred to Robin Andrews, 7/17/2014",S0218,,,,0.25,07/17/2014,07/10/2014,Egg,S,,S
H0320,,"Transferred to Robin Andrews, 7/17/2014",S0248,,,,0.27,07/17/2014,07/10/2014,Egg,S,,S
H0321,,"Transferred to Robin Andrews, 7/17/2014",S0155,,,,0.3,07/17/2014,07/10/2014,Egg,S,,S
H0322,,"Transferred to Robin Andrews, 7/17/2014",S0155,,,,0.22,07/17/2014,07/10/2014,Egg,S,,S
H0323,,"Transferred to Robin Andrews, 7/17/2014",S0222,,,,0.18,07/17/2014,07/10/2014,Egg,S,,S
H0324,,"Transferred to Robin Andrews, 7/17/2014",S0203,,,,0.27,07/17/2014,07/10/2014,Egg,S,,S
H0325,,"Transferred to Robin Andrews, 7/17/2014",S0251,,,,0.27,07/17/2014,07/10/2014,Egg,S,,S
H0326,,"Transferred to Robin Andrews, 7/17/2014",S0253,,,,0.28,07/17/2014,07/10/2014,Egg,S,,S
H0327,,"Transferred to Robin Andrews, 7/17/2014",S0159,,,,0.22,07/17/2014,07/10/2014,Egg,S,,S
H0328,,"Transferred to Robin Andrews, 7/17/2014",S0146,,,,0.25,07/17/2014,07/10/2014,Egg,S,,S
H0329,,"Transferred to Robin Andrews, 7/17/2014",S0196,S0071,,,0.26,07/17/2014,07/10/2014,Egg,S,S,S
H0330,,"Transferred to Robin Andrews, 7/17/2014",S0236,S0023,,,0.24,07/17/2014,07/10/2014,Egg,S,S,S
H0331,,"Transferred to Robin Andrews, 7/17/2014",S0225,,,,0.24,07/17/2014,07/10/2014,Egg,S,,S
H0332,,"Transferred to Robin Andrews, 7/17/2014",S0205,,,,0.2,07/17/2014,07/10/2014,Egg,S,,S
H0333,,"Transferred to Robin Andrews, 7/17/2014",S0191,,,,0.26,07/17/2014,07/10/2014,Egg,S,,S
H0334,,"Transferred to Robin Andrews, 7/17/2014",S0201,,,,0.34,07/17/2014,07/10/2014,Egg,S,,S
H0335,,"Transferred to Robin Andrews, 7/17/2014",S0207,,,,0.25,07/17/2014,07/10/2014,Egg,S,,S
H0336,,"Transferred to Robin Andrews, 7/17/2014",S0189,S0028,,,0.32,07/17/2014,07/10/2014,Egg,S,S,S
H0337,,"Transferred to Robin Andrews, 7/17/2014",S0185,S0079,,,0.24,07/17/2014,07/10/2014,Egg,S,S,S
H0338,08/14/2014,,S0105,S0018,Female,957,0.31,07/17/2014,07/10/2014,Juvenile,S,S,S
H0339,,,X0233,X0001,,,0.11,07/24/2014,07/17/2014,Egg,X,X,X
H0340,,"Transferred to Robin Andrews, 7/24/2014.",S0103,,,,0.23,07/24/2014,07/17/2014,Egg,S,,S
H0341,,"Transferred to Robin Andrews, 7/24/2014.",S0101,,,,0.24,07/24/2014,07/17/2014,Egg,S,,S
H0342,,"Transferred to Robin Andrews, 7/24/2014.",S0192,,,,0.3,07/24/2014,07/17/2014,Egg,S,,S
H0343,,"Transferred to Robin Andrews, 7/24/2014.",S0108,,,,0.16,07/24/2014,07/17/2014,Egg,S,,S
H0344,,"Transferred to Robin Andrews, 7/24/2014.",S0218,,,,0.24,07/24/2014,07/17/2014,Egg,S,,S
H0345,,"Transferred to Robin Andrews, 7/24/2014.",S0179,,,,0.21,07/24/2014,07/17/2014,Egg,S,,S
H0346,,"Transferred to Robin Andrews, 7/24/2014.",S0170,,,,0.25,07/24/2014,07/17/2014,Egg,S,,S
H0347,,"Transferred to Robin Andrews, 7/24/2014.",S0171,,,,0.21,07/24/2014,07/17/2014,Egg,S,,S
H0348,,"Transferred to Robin Andrews, 7/24/2014.",S0188,,,,0.28,07/24/2014,07/17/2014,Egg,S,,S
H0349,,"Transferred to Robin Andrews, 7/24/2014.",S0199,,,,0.26,07/24/2014,07/17/2014,Egg,S,,S
H0350,,"Transferred to Robin Andrews, 7/24/2014.",S0260,,,,0.27,07/24/2014,07/17/2014,Egg,S,,S
H0351,,"Transferred to Robin Andrews, 7/24/2014.",S0249,,,,0.31,07/24/2014,07/17/2014,Egg,S,,S
H0352,,"Transferred to Robin Andrews, 7/24/2014.",S0230,,,,0.28,07/24/2014,07/17/2014,Egg,S,,S
H0353,,"Transferred to Robin Andrews, 7/24/2014.",S0258,,,,0.25,07/24/2014,07/17/2014,Egg,S,,S
H0354,,"Transferred to Robin Andrews, 7/24/2014.",S0160,,,,0.23,07/24/2014,07/17/2014,Egg,S,,S
H0355,,"Transferred to Robin Andrews, 7/24/2014.",S0146,,,,0.2,07/24/2014,07/17/2014,Egg,S,,S
H0356,,"Transferred to Robin Andrews, 7/24/2014.",S0242,,,,0.28,07/24/2014,07/17/2014,Egg,S,,S
H0357,,"Transferred to Robin Andrews, 7/24/2014.",S0122,,,,0.26,07/24/2014,07/17/2014,Egg,S,,S
H0358,,"Transferred to Robin Andrews, 7/24/2014.",S0191,,,,0.17,07/24/2014,07/17/2014,Egg,S,,S
H0359,,"Transferred to Robin Andrews, 7/24/2014.",S0201,,,,0.26,07/24/2014,07/17/2014,Egg,S,,S
H0360,,"Transferred to Robin Andrews, 7/24/2014.",S0178,,,,0.12,07/24/2014,07/17/2014,Egg,S,,S
H0361,,"Transferred to Robin Andrews, 7/24/2014.",S0250,S0077,,,0.2,07/24/2014,07/17/2014,Egg,S,S,S
H0362,,"Transferred to Robin Andrews, 7/24/2014.",S0233,S0039,,,0.2,07/24/2014,07/17/2014,Egg,S,S,S
H0363,,Transferred to Robin Andrews. 7/30/2014,S0114,,,,0.25,07/30/2014,07/24/2014,Egg,S,,S
H0364,,Transferred to Robin Andrews. 7/30/2014,S0134,,,,0.28,07/30/2014,07/24/2014,Egg,S,,S
H0365,,Transferred to Robin Andrews. 7/30/2014,S0103,,,,0.23,07/30/2014,07/24/2014,Egg,S,,S
H0366,,Transferred to Robin Andrews. 7/30/2014,S0125,,,,0.29,07/30/2014,07/24/2014,Egg,S,,S
H0367,,Transferred to Robin Andrews. 7/30/2014,S0117,,,,0.3,07/30/2014,07/24/2014,Egg,S,,S
H0368,,Transferred to Robin Andrews. 7/30/2014,S0192,,,,0.21,07/30/2014,07/24/2014,Egg,S,,S
H0369,,,X0269,X0048,,,0.15,07/30/2014,07/24/2014,Egg,X,X,X
H0370,,Transferred to Robin Andrews. 7/30/2014,S0226,,,,0.19,07/30/2014,07/24/2014,Egg,S,,S
H0371,,Transferred to Robin Andrews. 7/30/2014,S0228,,,,0.27,07/30/2014,07/24/2014,Egg,S,,S
H0372,,Transferred to Robin Andrews. 7/30/2014,S0180,,,,0.26,07/30/2014,07/24/2014,Egg,S,,S
H0373,,Transferred to Robin Andrews. 7/30/2014,S0237,,,,0.24,07/30/2014,07/24/2014,Egg,S,,S
H0374,,Transferred to Robin Andrews. 7/30/2014,S0229,,,,0.24,07/30/2014,07/24/2014,Egg,S,,S
H0375,,Transferred to Robin Andrews. 7/30/2014,S0155,,,,0.24,07/30/2014,07/24/2014,Egg,S,,S
H0376,,Transferred to Robin Andrews. 7/30/2014,S0222,,,,0.29,07/30/2014,07/24/2014,Egg,S,,S
H0377,,Transferred to Robin Andrews. 7/30/2014,S0199,,,,0.24,07/30/2014,07/24/2014,Egg,S,,S
H0378,,Transferred to Robin Andrews. 7/30/2014,S0203,,,,0.22,07/30/2014,07/24/2014,Egg,S,,S
H0379,,Transferred to Robin Andrews. 7/30/2014,S0253,,,,0.23,07/30/2014,07/24/2014,Egg,S,,S
H0380,,Transferred to Robin Andrews. 7/30/2014,S0144,,,,0.32,07/30/2014,07/24/2014,Egg,S,,S
H0381,,Transferred to Robin Andrews. 7/30/2014,S0244,S0048,,,0.2,07/30/2014,07/24/2014,Egg,S,S,S
H0382,,Transferred to Robin Andrews. 7/30/2014,S0201,,,,0.19,07/30/2014,07/24/2014,Egg,S,,S
H0383,,Transferred to Robin Andrews. 7/30/2014,S0158,,,,0.24,07/30/2014,07/24/2014,Egg,S,,S
H0384,,Transferred to Robin Andrews. 7/30/2014,S0100,S0003,,,0.27,07/30/2014,07/24/2014,Egg,S,S,S
H0385,,Transferred to Robin Andrews. 7/30/2014,S0105,S0018,,,0.3,07/30/2014,07/24/2014,Egg,S,S,S
H0386,,Transferred to Robin Andrews. 7/30/2014,S0213,S0012,,,0.25,07/30/2014,07/24/2014,Egg,S,S,S
H0387,,Transferred to Robin Andrews. 7/30/2014,S0204,S0027,,,0.21,07/30/2014,07/24/2014,Egg,S,S,S
H0388,,Transferred to Robin Andrews. 7/30/2014,S0189,S0028,,,0.2,07/30/2014,07/24/2014,Egg,S,S,S
H0389,,,X0130,L0029,,,0.21,08/05/2014,07/30/2014,Egg,X,L,XL
H0390,09/06/2014,,S0241,S0051,Male,989,0.31,08/05/2014,07/30/2014,Juvenile,S,S,S
H0391,09/04/2014,,S0236,S0023,Male,991,0.29,08/05/2014,07/30/2014,Juvenile,S,S,S
H0392,09/10/2014,,S0204,S0027,Male,982,0.17,08/05/2014,07/30/2014,Juvenile,S,S,S
H0393,09/04/2014,,S0256,S0044,Male,4,0.31,08/05/2014,07/30/2014,Juvenile,S,S,S
H0394,09/05/2014,,S0213,S0012,Female,935,0.26,08/05/2014,07/30/2014,Juvenile,S,S,S
H0395,09/08/2014,,S0233,S0039,Male,987,0.18,08/05/2014,07/30/2014,Juvenile,S,S,S
H0396,09/05/2014,,S0217,S0047,Male,990,0.3,08/05/2014,07/30/2014,Juvenile,S,S,S
H0397,09/06/2014,,S0105,S0018,Male,986,0.24,08/05/2014,07/30/2014,Juvenile,S,S,S
H0398,09/06/2014,,S0183,S0050,Female,934,0.24,08/05/2014,07/30/2014,Juvenile,S,S,S
H0399,09/04/2014,,S0245,S0013,Female,936,0.28,08/05/2014,07/30/2014,Juvenile,S,S,S
H0400,09/05/2014,,S0113,S0005,Female,935,0.28,08/05/2014,07/30/2014,Juvenile,S,S,S
H0401,09/07/2014,,S0244,S0048,Female,933,0.23,08/05/2014,07/30/2014,Juvenile,S,S,S
H0402,09/07/2014,,S0225,,Male,338,0.26,08/08/2014,07/30/2014,Juvenile,S,,S
H0403,09/05/2014,,S0205,,Female,340,0.28,08/08/2014,07/30/2014,Juvenile,S,,S
H0404,09/10/2014,,S0230,,Male,335,0.21,08/08/2014,07/30/2014,Juvenile,S,,S
H0405,09/08/2014,,S0203,,Male,337,0.24,08/08/2014,07/30/2014,Juvenile,S,,S
H0406,09/06/2014,,S0218,,Female,339,0.24,08/08/2014,07/30/2014,Juvenile,S,,S
H0407,09/06/2014,,S0125,,Male,339,0.24,08/08/2014,07/30/2014,Juvenile,S,,S
H0408,,,S0141,,,,0.17,08/08/2014,07/30/2014,Egg,S,,S
H0409,09/05/2014,,S0151,,Male,340,0.27,08/08/2014,07/30/2014,Juvenile,S,,S
H0410,09/05/2014,,S0249,,Male,340,0.33,08/08/2014,07/30/2014,Juvenile,S,,S
H0411,09/17/2014,,S0233,S0039,Male,975,0.21,08/14/2014,08/05/2014,Juvenile,S,S,S
H0412,09/12/2014,,S0245,S0013,Male,983,0.3,08/14/2014,08/05/2014,Juvenile,S,S,S
H0413,09/17/2014,,S0146,,Male,329,0.2,08/14/2014,08/08/2014,Juvenile,S,,S
H0414,09/16/2014,,S0100,S0003,Male,979,0.24,08/14/2014,08/05/2014,Juvenile,S,S,S
H0415,09/11/2014,,S0254,S0061,Female,929,0.25,08/14/2014,08/05/2014,Juvenile,S,S,S
H0416,,,S0239,S0029,,,0.22,08/14/2014,08/05/2014,Egg,S,S,S
H0417,09/14/2014,,S0237,,Male,331,0.26,08/14/2014,08/08/2014,Juvenile,S,,S
H0418,09/15/2014,,S0102,S0035,Female,14,0.17,08/14/2014,08/05/2014,Juvenile,S,S,S
H0419,09/11/2014,,S0213,S0012,Male,984,0.29,08/14/2014,08/05/2014,Juvenile,S,S,S
H0420,,,S0182,,,,0.12,08/14/2014,08/08/2014,Egg,S,,S
H0421,09/14/2014,,S0179,,Male,331,0.29,08/14/2014,08/08/2014,Juvenile,S,,S
H0422,,,S0159,,,,0.23,08/14/2014,08/08/2014,Egg,S,,S
H0423,09/14/2014,,S0117,,Male,331,0.26,08/14/2014,08/08/2014,Juvenile,S,,S
H0424,09/13/2014,,S0134,,Female,332,0.25,08/14/2014,08/08/2014,Juvenile,S,,S
H0425,,,S0103,,,,0.16,08/14/2014,08/08/2014,Egg,S,,S
H0426,,,S0165,,,,0.18,08/14/2014,08/08/2014,Egg,S,,S
H0427,09/14/2014,,S0199,,Male,331,0.25,08/14/2014,08/08/2014,Juvenile,S,,S
H0428,09/15/2014,,S0193,,Female,330,0.25,08/14/2014,08/08/2014,Juvenile,S,,S
H0429,09/12/2014,,S0217,S0047,Female,532,0.26,08/14/2014,08/05/2014,Juvenile,S,S,S
H0430,09/13/2014,,S0115,,Male,101,0.28,08/14/2014,08/08/2014,Juvenile,S,,S
H0431,09/11/2014,,S0236,S0023,Female,929,0.21,08/14/2014,08/05/2014,Juvenile,S,S,S
H0432,09/14/2014,,S0190,,Male,331,0.23,08/14/2014,08/08/2014,Juvenile,S,,S
H0433,09/13/2014,,S0241,S0051,Male,982,0.26,08/14/2014,08/05/2014,Juvenile,S,S,S
H0434,,,S0210,,,,0.09,08/14/2014,08/08/2014,Egg,S,,S
H0435,09/11/2014,,S0113,S0005,Male,984,0.28,08/14/2014,08/05/2014,Juvenile,S,S,S
H0436,09/17/2014,,S0113,S0005,Male,978,0.2,08/14/2014,08/05/2014,Juvenile,S,S,S
H0437,09/15/2014,,S0238,S0072,Female,980,0.19,08/14/2014,08/05/2014,Juvenile,S,S,S
H0438,09/15/2014,,S0156,,Male,331,0.22,08/14/2014,08/08/2014,Juvenile,S,,S
H0439,09/11/2014,,S0176,S0043,Male,984,0.25,08/14/2014,08/05/2014,Juvenile,S,S,S
H0440,09/15/2014,,S0209,S0064,Male,980,0.23,08/14/2014,08/05/2014,Juvenile,S,S,S
H0441,09/13/2014,,S0183,S0050,Female,927,0.23,08/14/2014,08/05/2014,Juvenile,S,S,S
H0442,,,S0244,S0048,,,0.22,08/14/2014,08/05/2014,Egg,S,S,S
H0443,09/11/2014,,S0143,S0049,Female,929,0.31,08/14/2014,08/05/2014,Juvenile,S,S,S
H0444,09/15/2014,,S0205,,Female,331,0.23,08/14/2014,08/08/2014,Juvenile,S,,S
H0445,09/12/2014,,S0227,S0078,Female,928,0.18,08/14/2014,08/05/2014,Juvenile,S,S,S
H0446,09/22/2014,,S0219,S0041,Male,973,0.25,08/23/2014,08/14/2014,Juvenile,S,S,S
H0447,09/20/2014,,S0246,S0057,Female,920,0.29,08/23/2014,08/14/2014,Juvenile,S,S,S
H0448,09/23/2014,,S0241,S0051,Female,917,0.28,08/23/2014,08/14/2014,Juvenile,S,S,S
H0449,09/22/2014,,S0209,S0064,Female,918,0.26,08/23/2014,08/14/2014,Juvenile,S,S,S
H0450,09/19/2014,,S0184,S0058,Female,921,0.3,08/23/2014,08/14/2014,Juvenile,S,S,S
H0451,09/25/2014,,S0213,S0012,Male,662,0.21,08/23/2014,08/14/2014,Juvenile,S,S,S
H0452,09/19/2014,,S0213,S0012,Male,976,0.32,08/23/2014,08/14/2014,Juvenile,S,S,S
H0453,09/25/2014,,S0183,S0050,Male,970,0.26,08/23/2014,08/14/2014,Juvenile,S,S,S
H0454,09/23/2014,,S0244,S0048,Female,917,0.23,08/23/2014,08/14/2014,Juvenile,S,S,S
H0455,09/20/2014,,S0244,S0048,Female,920,0.28,08/23/2014,08/14/2014,Juvenile,S,S,S
H0456,09/20/2014,,S0194,S0020,Female,920,0.25,08/23/2014,08/14/2014,Juvenile,S,S,S
H0457,09/20/2014,,S0217,S0047,Female,920,0.27,08/23/2014,08/14/2014,Juvenile,S,S,S
H0458,09/25/2014,,S0217,S0047,Female,915,0.23,08/23/2014,08/14/2014,Juvenile,S,S,S
H0459,09/20/2014,,S0163,S0054,Female,920,0.26,08/23/2014,08/14/2014,Juvenile,S,S,S
H0460,09/23/2014,,S0105,S0018,Male,972,0.25,08/23/2014,08/14/2014,Juvenile,S,S,S
H0461,09/19/2014,,S0236,S0023,Female,921,0.27,08/23/2014,08/14/2014,Juvenile,S,S,S
H0462,09/19/2014,,S0195,S0006,Female,768,0.36,08/23/2014,08/14/2014,Juvenile,S,S,S
H0463,09/20/2014,,S0203,,Male,326,0.25,08/28/2014,08/14/2014,Juvenile,S,,S
H0464,09/24/2014,,S0131,,Female,322,0.25,08/28/2014,08/14/2014,Juvenile,S,,S
H0465,09/21/2014,,S0211,,Female,325,0.31,08/28/2014,08/14/2014,Juvenile,S,,S
H0466,10/01/2014,,S0194,S0020,Female,909,0.19,08/29/2014,08/23/2014,Juvenile,S,S,S
H0467,09/28/2014,,S0236,S0023,Female,912,0.22,08/29/2014,08/23/2014,Juvenile,S,S,S
H0468,09/27/2014,,S0163,S0054,Male,750,0.27,08/29/2014,08/23/2014,Juvenile,S,S,S
H0469,09/28/2014,,S0143,S0049,Female,912,0.26,08/29/2014,08/23/2014,Juvenile,S,S,S
H0470,10/02/2014,,S0254,S0061,Female,908,0.15,08/29/2014,08/23/2014,Juvenile,S,S,S
H0471,09/28/2014,Missing 10/10/2014,S0254,S0061,Female,12,0.21,08/29/2014,08/23/2014,Juvenile,S,S,S
H0472,09/30/2014,,S0239,S0029,Female,910,0.22,08/29/2014,08/23/2014,Juvenile,S,S,S
H0473,09/30/2014,,S0113,S0005,Male,965,0.3,08/29/2014,08/23/2014,Juvenile,S,S,S
H0474,09/28/2014,,S0133,S0062,Male,964,0.24,08/29/2014,08/23/2014,Juvenile,S,S,S
H0475,09/29/2014,,S0189,S0028,Female,911,0.21,08/29/2014,08/23/2014,Juvenile,S,S,S
H0476,09/29/2014,,S0105,S0018,Female,911,0.28,08/29/2014,08/23/2014,Juvenile,S,S,S
H0477,10/01/2014,,S0217,S0047,Male,964,0.24,08/29/2014,08/23/2014,Juvenile,S,S,S
H0478,09/29/2014,,S0100,S0003,Male,966,0.28,08/29/2014,08/23/2014,Juvenile,S,S,S
H0479,,,S0185,S0079,,,0.24,08/29/2014,08/23/2014,Egg,S,S,S
H0480,09/28/2014,,S0176,S0043,Male,967,0.24,08/29/2014,08/23/2014,Juvenile,S,S,S
H0481,09/30/2014,,S0214,S0075,Female,910,0.21,08/29/2014,08/23/2014,Juvenile,S,S,S
H0482,10/01/2014,,S0244,S0048,Male,964,0.24,08/29/2014,08/23/2014,Juvenile,S,S,S
H0483,09/28/2014,,S0227,S0078,Male,967,0.23,08/29/2014,08/23/2014,Juvenile,S,S,S
H0484,09/30/2014,,S0209,S0064,Male,965,0.26,08/29/2014,08/23/2014,Juvenile,S,S,S
H0485,,,S0246,S0057,,,0.26,08/29/2014,08/23/2014,Egg,S,S,S
H0486,09/28/2014,,S0238,S0072,Female,912,0.24,08/29/2014,08/23/2014,Juvenile,S,S,S
H0487,,,S0234,,,,0.21,09/02/2014,08/28/2014,Egg,S,,S
H0488,,,S0182,,,,0.13,09/02/2014,08/28/2014,Egg,S,,S
H0489,10/06/2014,,S0202,,Female,310,0.19,09/02/2014,08/28/2014,Juvenile,S,,S
H0490,10/04/2014,,S0134,,Female,312,0.24,09/02/2014,08/28/2014,Juvenile,S,,S
H0491,,,S0188,,,,0.22,09/02/2014,08/28/2014,Egg,S,,S
H0492,10/06/2014,,S0205,,Male,310,0.19,09/02/2014,08/28/2014,Juvenile,S,,S
H0493,,,S0225,,,,0.16,09/02/2014,08/28/2014,Egg,S,,S
H0494,,,S0193,,,,0.23,09/02/2014,08/28/2014,Egg,S,,S
H0495,,,S0201,,,,0.15,09/02/2014,08/28/2014,Egg,S,,S
H0496,,,S0210,,,,0.16,09/02/2014,08/28/2014,Egg,S,,S
H0497,,,S0191,,,,0.14,09/02/2014,08/28/2014,Egg,S,,S
H0498,,,S0160,,,,0.23,09/02/2014,08/28/2014,Egg,S,,S
H0499,,,S0171,,,,0.24,09/02/2014,08/28/2014,Egg,S,,S
H0500,,,S0162,,,,0.18,09/02/2014,08/28/2014,Egg,S,,S
H0501,,,S0144,,,,0.32,09/02/2014,08/28/2014,Egg,S,,S
H0502,,,S0148,,,,0.22,09/02/2014,08/28/2014,Egg,S,,S
H0503,10/02/2014,,S0156,,Female,314,0.28,09/02/2014,08/28/2014,Juvenile,S,,S
H0504,09/05/2014,,S0190,,Male,340,0.35,08/08/2014,07/30/2014,Juvenile,S,,S
H0505,10/05/2014,,S0163,S0054,Female,905,0.22,09/03/2014,08/29/2014,Juvenile,S,S,S
H0506,10/06/2014,,S0236,S0023,Female,904,0.24,09/03/2014,08/29/2014,Juvenile,S,S,S
H0507,10/04/2014,,S0184,S0058,Female,906,0.27,09/03/2014,08/29/2014,Juvenile,S,S,S
H0508,10/06/2014,,S0209,S0064,Male,959,0.27,09/03/2014,08/29/2014,Juvenile,S,S,S
H0509,10/09/2014,,S0105,S0018,Male,956,0.22,09/03/2014,08/29/2014,Juvenile,S,S,S
H0510,,,S0185,S0079,,,0.19,09/03/2014,08/29/2014,Egg,S,S,S
H0511,10/13/2014,,S0241,S0051,Male,952,0.28,09/10/2014,09/03/2014,Juvenile,S,S,S
H0512,10/14/2014,,S0185,S0079,Female,896,0.16,09/10/2014,09/03/2014,Juvenile,S,S,S
H0513,,,S0153,,,,0.24,09/10/2014,09/02/2014,Egg,S,,S
H0514,10/09/2014,,S0143,S0049,Female,901,0.29,09/10/2014,09/03/2014,Juvenile,S,S,S
H0515,10/09/2014,,S0100,S0003,Female,901,0.33,09/10/2014,09/03/2014,Juvenile,S,S,S
H0516,10/13/2014,,S0100,S0003,Male,949,0.23,09/10/2014,09/03/2014,Juvenile,S,S,S
H0517,10/11/2014,,S0217,S0047,Male,954,0.24,09/10/2014,09/03/2014,Juvenile,S,S,S
H0518,10/09/2014,,S0244,S0048,Male,956,0.28,09/10/2014,09/03/2014,Juvenile,S,S,S
H0519,10/11/2014,,S0113,S0005,Male,954,0.27,09/10/2014,09/03/2014,Juvenile,S,S,S
H0520,10/09/2014,,S0227,S0078,Male,956,0.24,09/10/2014,09/03/2014,Juvenile,S,S,S
H0521,10/10/2014,,S0238,S0072,Female,900,0.27,09/10/2014,09/03/2014,Juvenile,S,S,S
H0522,10/11/2014,,S0233,S0039,Female,899,0.27,09/10/2014,09/03/2014,Juvenile,S,S,S
H0523,10/14/2014,,S0239,S0029,Male,951,0.19,09/10/2014,09/03/2014,Juvenile,S,S,S
H0524,10/10/2014,,S0246,S0057,Male,955,0.27,09/10/2014,09/03/2014,Juvenile,S,S,S
H0525,10/10/2014,,S0221,S0026,Female,900,0.27,09/10/2014,09/03/2014,Juvenile,S,S,S
H0526,10/09/2014,,S0171,,Male,34,0.3,09/10/2014,09/03/2014,Juvenile,S,,S
H0527,,,S0243,,,,0.14,09/10/2014,09/03/2014,Egg,S,,S
H0528,,,S0184,S0058,,,0.26,09/17/2014,09/10/2014,Egg,S,S,S
H0529,10/16/2014,,S0143,S0049,Male,949,0.31,09/17/2014,09/10/2014,Juvenile,S,S,S
H0530,10/17/2014,,S0163,S0054,Male,948,0.25,09/17/2014,09/10/2014,Juvenile,S,S,S
H0531,10/20/2014,,S0204,S0027,Male,945,0.22,09/17/2014,09/10/2014,Juvenile,S,S,S
H0532,10/18/2014,,S0194,S0020,Female,892,0.23,09/17/2014,09/10/2014,Juvenile,S,S,S
H0533,10/16/2014,,S0244,S0048,Female,894,0.28,09/17/2014,09/10/2014,Juvenile,S,S,S
H0534,10/20/2014,,S0246,S0057,Female,890,0.17,09/17/2014,09/10/2014,Juvenile,S,S,S
H0535,10/16/2014,,S0254,S0061,Male,949,0.23,09/17/2014,09/10/2014,Juvenile,S,S,S
H0536,10/19/2014,,S0105,S0018,Male,946,0.25,09/17/2014,09/10/2014,Juvenile,S,S,S
H0537,,,S0126,,,,0.2,09/17/2014,09/10/2014,Egg,S,,S
H0538,,,S0179,,,,0.12,09/23/2014,09/16/2014,Egg,S,,S
H0539,,,S0209,S0064,,,0.3,09/24/2014,09/17/2014,Egg,S,S,S
H0540,10/23/2014,,S0241,S0051,Female,888,0.26,09/24/2014,09/17/2014,Juvenile,S,S,S
H0541,10/23/2014,,S0216,S0019,Male,941,0.21,09/24/2014,09/17/2014,Juvenile,S,S,S
H0542,10/26/2014,,S0217,S0047,Male,938,0.21,09/24/2014,09/17/2014,Juvenile,S,S,S
H0543,10/25/2014,,S0185,S0079,Male,939,0.22,09/24/2014,09/17/2014,Juvenile,S,S,S
H0544,11/02/2014,,S0143,S0049,Male,931,0.22,09/30/2014,09/23/2014,Juvenile,S,S,S
H0545,11/03/2014,,S0185,S0079,Female,877,0.18,09/30/2014,09/23/2014,Juvenile,S,S,S
H0546,11/02/2014,,S0254,S0061,Male,931,0.2,09/30/2014,09/23/2014,Juvenile,S,S,S
H0547,11/02/2014,,S0105,S0018,Male,931,0.19,09/30/2014,09/23/2014,Juvenile,S,S,S
H0548,11/02/2014,,S0245,S0013,Male,931,0.21,09/30/2014,09/23/2014,Juvenile,S,S,S
H0549,10/27/2014,,S0238,S0072,Male,0,0.26,09/30/2014,09/23/2014,Juvenile,S,S,S
H0550,,,S0159,,,,0.34,10/01/2014,09/25/2014,Egg,S,,S
H0551,,,S0155,,,,0.2,10/08/2014,10/01/2014,Egg,S,,S
H0552,11/07/2014,,S0241,S0051,Female,873,0.26,10/09/2014,09/30/2014,Juvenile,S,S,S
H0553,11/06/2014,,S0217,S0047,Male,927,0.28,10/09/2014,09/30/2014,Juvenile,S,S,S
H0554,11/11/2014,,S0204,S0027,Male,922,0.16,10/09/2014,09/30/2014,Juvenile,S,S,S
H0555,,,S0226,,,,0.16,10/14/2014,10/08/2014,Egg,S,,S
H0556,,,S0203,,,,0.16,10/14/2014,10/08/2014,Egg,S,,S
H0557,,,S0243,,,,0.22,10/14/2014,10/08/2014,Egg,S,,S
H0558,11/14/2014,,S0100,S0003,Male,919,0.3,10/15/2014,10/09/2014,Juvenile,S,S,S
H0559,11/21/2014,,S0241,S0051,Female,859,0.26,10/22/2014,10/15/2014,Juvenile,S,S,S
H0560,11/21/2014,,S0217,S0047,Male,912,0.26,10/22/2014,10/15/2014,Juvenile,S,S,S
H0561,11/22/2014,,S0204,S0027,Female,796,0.27,10/22/2014,10/15/2014,Juvenile,S,S,S
H0562,11/20/2014,,S0233,S0039,Female,860,0.24,10/22/2014,10/15/2014,Juvenile,S,S,S
H0563,11/24/2014,,S0245,S0013,Male,909,0.22,10/22/2014,10/15/2014,Juvenile,S,S,S
H0564,11/21/2014,,S0197,S0067,Female,912,0.23,10/22/2014,10/15/2014,Juvenile,S,S,S
H0565,11/30/2014,,S0217,S0047,Male,711,0.24,10/28/2014,10/22/2014,Juvenile,S,S,S
H0566,11/30/2014,,S0221,S0026,Female,849,0.25,10/28/2014,10/22/2014,Juvenile,S,S,S
H0567,11/30/2014,,S0245,S0013,Female,849,0.2,10/28/2014,10/22/2014,Juvenile,S,S,S
H0568,11/29/2014,,S0163,S0054,Male,904,0.25,10/28/2014,10/22/2014,Juvenile,S,S,S
H0569,12/09/2014,,S0204,S0027,Male,894,0.26,11/05/2014,10/28/2014,Juvenile,S,S,S
H0570,12/04/2014,,S0244,S0048,Female,845,0.28,11/05/2014,10/28/2014,Juvenile,S,S,S
H0571,12/05/2014,,S0254,S0061,Male,898,0.2,11/05/2014,10/28/2014,Juvenile,S,S,S
H0572,,,S0105,S0018,,,0.24,11/13/2014,11/05/2014,Egg,S,S,S
H0573,12/12/2014,Missing 10/26/2016,S0233,S0039,Female,684,0.28,11/13/2014,11/05/2014,Juvenile,S,S,S
H0574,12/17/2014,,S0245,S0013,Male,886,0.19,11/13/2014,11/05/2014,Juvenile,S,S,S
H0575,12/22/2014,,S0217,S0047,Male,881,0.24,11/19/2014,11/13/2014,Juvenile,S,S,S
H0576,,,S0185,S0079,,,0.19,11/19/2014,11/13/2014,Egg,S,S,S
H0577,12/24/2014,,S0238,S0072,Male,879,0.23,11/19/2014,11/13/2014,Juvenile,S,S,S
H0578,12/20/2014,,S0254,S0061,Male,883,0.22,11/19/2014,11/13/2014,Juvenile,S,S,S
H0579,12/19/2014,,S0221,S0026,Female,830,0.29,11/19/2014,11/13/2014,Juvenile,S,S,S
H0580,,,S0233,S0039,,,0.21,11/19/2014,11/13/2014,Egg,S,S,S
H0581,12/24/2014,,S0239,S0029,Male,879,0.2,11/19/2014,11/13/2014,Juvenile,S,S,S
H0582,12/26/2014,,S0163,S0054,Female,823,0.4,12/01/2014,11/19/2014,Juvenile,S,S,S
H0583,12/28/2014,,S0245,S0013,Male,79,0.27,12/01/2014,11/19/2014,Juvenile,S,S,S
H0584,12/26/2014,,S0222,S0067,Male,877,0.34,12/03/2014,,Juvenile,S,S,S
H0585,12/23/2014,,S0182,S0024,Male,880,0.41,12/03/2014,,Juvenile,S,S,S
H0586,01/08/2015,,S0237,S0044,Female,438,0.2,12/03/2014,,Juvenile,S,S,S
H0587,01/02/2015,,S0249,S0031,Female,441,0.24,12/03/2014,,Juvenile,S,S,S
H0588,,,S0225,S0003,,,0.23,12/03/2014,,Egg,S,S,S
H0589,01/07/2015,,S0188,S0013,Female,812,0.22,12/03/2014,,Juvenile,S,S,S
H0590,01/03/2015,,S0222,S0067,Female,815,0.23,12/03/2014,,Juvenile,S,S,S
H0591,12/29/2014,,S0182,S0024,Female,820,0.29,12/03/2014,,Juvenile,S,S,S
H0592,01/06/2015,"No record of H592 hatching in hatch log, but cage and lizard exist. No hatch weight recorded.",S0182,S0024,Male,866,0.2,12/03/2014,,Juvenile,S,S,S
H0593,01/01/2015,,S0182,S0024,Female,,0.27,12/03/2014,,Juvenile,S,S,S
H0594,01/03/2015,,S0237,S0044,Male,869,0.25,12/03/2014,,Juvenile,S,S,S
H0595,01/03/2015,,S0125,S0072,Female,815,0.27,12/03/2014,,Juvenile,S,S,S
H0596,12/23/2014,Missing 12/27/2014,S0108,S0076,Female,4,0.42,12/03/2014,,Juvenile,S,S,S
H0597,01/03/2015,Missing 1/11/2015,S0108,S0076,Female,8,0.24,12/03/2014,,Juvenile,S,S,S
H0598,,,S0165,S0016,,,0.32,12/03/2014,,Egg,S,S,S
H0599,01/05/2015,,S0165,S0016,Female,813,0.22,12/03/2014,,Juvenile,S,S,S
H0600,01/05/2015,,S0126,S0060,Female,814,0.23,12/03/2014,,Juvenile,S,S,S
H0601,12/26/2014,,S0126,S0060,Female,824,0.44,12/03/2014,,Juvenile,S,S,S
H0602,12/31/2014,,S0229,S0012,Female,90,0.26,12/03/2014,,Juvenile,S,S,S
H0603,,,S0153,S0080,,,0.26,12/03/2014,,Egg,S,S,S
H0604,01/05/2015,,S0251,S0022,Male,867,0.24,12/03/2014,,Juvenile,S,S,S
H0605,12/28/2014,,S0242,S0039,Female,821,0.33,12/03/2014,,Juvenile,S,S,S
H0607,12/26/2014,,S0101,S0019,Female,823,0.37,12/03/2014,,Juvenile,S,S,S
H0608,12/31/2014,,S0101,S0019,Female,818,0.29,12/03/2014,,Juvenile,S,S,S
H0609,12/28/2014,,S0117,S0045,Female,821,0.34,12/03/2014,,Juvenile,S,S,S
H0610,12/24/2014,,S0193,S0028,Male,879,0.44,12/03/2014,,Juvenile,S,S,S
H0611,01/02/2015,,S0193,S0028,Female,816,0.28,12/03/2014,,Juvenile,S,S,S
H0612,12/28/2014,,S0192,S0048,Female,821,0.33,12/03/2014,,Juvenile,S,S,S
H0613,12/28/2014,,S0193,S0028,Female,821,0.35,12/03/2014,,Juvenile,S,S,S
H0614,01/03/2015,,S0193,S0028,Female,87,0.25,12/03/2014,,Juvenile,S,S,S
H0615,12/31/2014,,S0114,S0057,Female,80,0.3,12/03/2014,,Juvenile,S,S,S
H0616,01/07/2015,,S0114,S0057,Female,812,0.21,12/03/2014,,Juvenile,S,S,S
H0617,,,S0210,S0050,,,0.36,12/03/2014,,Egg,S,S,S
H0618,01/09/2015,,S0125,S0072,Female,810,0.18,12/04/2014,12/03/2014,Juvenile,S,S,S
H0619,01/07/2015,,S0108,S0076,Male,865,0.18,12/04/2014,12/03/2014,Juvenile,S,S,S
H0620,01/07/2015,,S0192,S0048,Female,812,0.19,12/04/2014,12/03/2014,Juvenile,S,S,S
H0621,,,S0153,S0080,,,0.15,12/04/2014,12/03/2014,Egg,S,S,S
H0622,,,S0210,S0050,,,0.19,12/04/2014,12/03/2014,Egg,S,S,S
H0623,01/09/2015,,S0101,S0019,Male,863,0.22,12/04/2014,12/03/2014,Juvenile,S,S,S
H0624,,,S0222,S0067,,,0.32,12/10/2014,12/04/2014,Egg,S,S,S
H0625,01/12/2015,,S0182,S0024,Female,807,0.24,12/10/2014,12/04/2014,Juvenile,S,S,S
H0626,01/11/2015,,S0251,S0022,Female,808,0.21,12/10/2014,12/04/2014,Juvenile,S,S,S
H0627,01/12/2015,,S0247,S0043,Male,860,0.26,12/10/2014,12/04/2014,Juvenile,S,S,S
H0628,01/13/2015,,S0210,S0050,Female,805,0.18,12/10/2014,12/04/2014,Juvenile,S,S,S
H0629,01/13/2015,,S0188,S0013,Female,806,0.23,12/10/2014,12/04/2014,Juvenile,S,S,S
H0630,01/15/2015,,S0230,S0018,Male,857,0.22,12/10/2014,12/04/2014,Juvenile,S,S,S
H0631,01/12/2015,,S0193,S0028,Female,807,0.25,12/10/2014,12/04/2014,Juvenile,S,S,S
H0632,01/09/2015,,S0111,S0051,Male,863,0.25,12/10/2014,12/04/2014,Juvenile,S,S,S
H0633,01/11/2015,,S0117,S0045,Male,861,0.29,12/10/2014,12/04/2014,Juvenile,S,S,S
H0634,01/12/2015,,S0141,S0078,Female,8,0.27,12/10/2014,12/04/2014,Juvenile,S,S,S
H0635,01/13/2015,,S0245,S0013,Male,859,0.2,12/11/2014,12/01/2014,Juvenile,S,S,S
H0636,,,S0217,S0047,,,0.26,12/11/2014,12/01/2014,Egg,S,S,S
H0637,01/17/2015,,S0242,S0039,Male,61,0.24,12/16/2014,12/10/2014,Juvenile,S,S,S
H0638,,,S0188,S0013,,,0.18,12/16/2014,12/10/2014,Egg,S,S,S
H0639,01/17/2015,,S0231,S0046,Female,802,0.24,12/16/2014,12/10/2014,Juvenile,S,S,S
H0640,01/19/2015,,S0125,S0072,Male,69,0.2,12/16/2014,12/10/2014,Juvenile,S,S,S
H0641,01/18/2015,,S0114,S0057,Female,800,0.24,12/16/2014,12/10/2014,Juvenile,S,S,S
H0642,,,S0126,S0060,,,0.16,12/16/2014,12/10/2014,Egg,S,S,S
H0643,01/17/2015,,S0173,S0069,Male,63,0.15,12/16/2014,12/10/2014,Juvenile,S,S,S
H0644,01/18/2015,,S0251,S0022,Female,800,0.15,12/16/2014,12/10/2014,Juvenile,S,S,S
H0645,,,S0178,S0079,,,0.16,12/16/2014,12/10/2014,Egg,S,S,S
H0646,01/17/2015,,S0192,S0048,Female,802,0.19,12/16/2014,12/10/2014,Juvenile,S,S,S
H0647,01/19/2015,,S0141,S0078,Female,69,0.21,12/16/2014,12/10/2014,Juvenile,S,S,S
H0648,01/17/2015,,S0248,S0005,Male,4,0.2,12/16/2014,12/10/2014,Juvenile,S,S,S
H0649,01/17/2015,,S0222,S0067,Male,855,0.22,12/16/2014,12/10/2014,Juvenile,S,S,S
H0650,01/17/2015,Missing 1/20/2015,S0108,S0076,Female,3,0.17,12/16/2014,12/10/2014,Juvenile,S,S,S
H0651,01/19/2015,,S0247,S0043,Female,800,0.16,12/16/2014,12/10/2014,Juvenile,S,S,S
H0652,01/15/2015,Missing 8/31/2015,S0165,S0016,Male,228,0.27,12/16/2014,12/11/2014,Juvenile,S,S,S
H0653,,,S0163,S0054,,,0.3,12/17/2014,12/11/2014,Egg,S,S,S
H0654,,,S0202,,,,0.28,12/17/2014,12/11/2014,Egg,S,,S
H0655,,,S0202,,,,0.23,12/23/2014,12/17/2014,Egg,S,,S
H0656,01/22/2015,,S0150,S0020,Male,850,0.27,12/23/2014,12/16/2014,Juvenile,S,S,S
H0657,,,S0233,S0039,,,0.24,12/23/2014,12/17/2014,Egg,S,S,S
H0658,01/25/2015,,S0210,S0050,Male,847,0.19,12/23/2014,12/16/2014,Juvenile,S,S,S
H0659,01/21/2015,,S0165,S0016,Female,798,0.3,12/23/2014,12/16/2014,Juvenile,S,S,S
H0660,01/23/2015,,S0230,S0018,Male,89,0.3,12/23/2014,12/16/2014,Juvenile,S,S,S
H0661,01/23/2015,,S0235,S0023,Female,796,0.31,12/23/2014,12/16/2014,Juvenile,S,S,S
H0662,01/24/2015,,S0191,S0061,Female,455,0.19,12/23/2014,12/16/2014,Juvenile,S,S,S
H0663,01/22/2015,,S0153,S0080,Female,651,0.29,12/23/2014,12/16/2014,Juvenile,S,S,S
H0664,01/21/2015,,S0138,S0075,Female,90,0.25,12/23/2014,12/16/2014,Juvenile,S,S,S
H0665,01/22/2015,,S0237,S0044,Female,797,0.29,12/23/2014,12/16/2014,Juvenile,S,S,S
H0666,01/22/2015,,S0182,S0024,Female,101,0.27,12/23/2014,12/16/2014,Juvenile,S,S,S
H0667,01/25/2015,,S0218,S0077,Female,794,0.23,12/23/2014,12/16/2014,Juvenile,S,S,S
H0668,01/20/2015,,S0193,S0028,Male,852,0.35,12/23/2014,12/16/2014,Juvenile,S,S,S
H0669,01/28/2015,,S0101,S0019,Female,791,0.19,12/23/2014,12/16/2014,Juvenile,S,S,S
H0670,,No record in Discarded Eggs Log. No date of death recorded.,X0246,X0053,,,0.17,12/23/2014,,Egg,X,X,X
H0671,02/05/2015,,X0130,X0011,Female,188,0.24,12/23/2014,,Juvenile,X,X,X
H0672,01/19/2015,,X0130,X0011,Male,205,0.32,12/23/2014,,Juvenile,X,X,X
H0673,02/20/2015,,X0130,X0011,Female,67,0.29,12/23/2014,,Juvenile,X,X,X
H0674,,No record in Discarded Eggs Log. No date of death recorded.,L0137,L0016,,,0.18,12/23/2014,,Egg,L,L,L
H0675,01/26/2015,Died during x-raying,L0132,L0010,Male,30,0.25,12/23/2014,,Juvenile,L,L,L
H0676,02/12/2015,,L0133,L0048,Male,72,0.32,12/23/2014,,Juvenile,L,L,L
H0677,01/23/2015,,X0233,X0019,Male,201,0.33,12/23/2014,,Juvenile,X,X,X
H0678,01/23/2015,,X0233,X0019,Male,201,0.29,12/23/2014,,Juvenile,X,X,X
H0679,02/20/2015,,X0232,X0012,Female,173,0.29,12/23/2014,,Juvenile,X,X,X
H0680,01/24/2015,,X0232,X0012,Female,200,0.3,12/23/2014,,Juvenile,X,X,X
H0681,01/23/2015,,X0232,X0012,Female,201,0.23,12/23/2014,,Juvenile,X,X,X
H0682,,,S0156,,,,0.14,12/01/2014,11/19/2014,Egg,S,,S
H0683,03/21/2015,,X0232,X0012,Male,144,0.26,12/30/2014,12/23/2014,Juvenile,X,X,X
H0684,,,X0128,X0028,,,0.21,12/30/2014,12/23/2014,Egg,X,X,X
H0685,02/02/2015,,X0233,X0019,Male,78,0.23,12/30/2014,12/23/2014,Juvenile,X,X,X
H0686,03/15/2015,,X0175,X0043,Female,150,0.21,12/30/2014,12/23/2014,Juvenile,X,X,X
H0687,02/13/2015,,L0132,L0010,Male,180,0.28,12/30/2014,12/23/2014,Juvenile,L,L,L
H0688,01/31/2015,,L0107,L0005,Male,84,0.26,12/30/2014,12/23/2014,Juvenile,L,L,L
H0689,03/04/2015,,L0133,L0048,Male,161,0.26,12/30/2014,12/23/2014,Juvenile,L,L,L
H0690,02/17/2015,,L0062,L0012,Female,176,0.2,12/30/2014,12/23/2014,Juvenile,L,L,L
H0691,01/29/2015,,S0114,S0057,Male,270,0.3,12/30/2014,12/23/2014,Juvenile,S,S,S
H0692,01/28/2015,,S0251,S0022,Female,791,0.3,12/30/2014,12/23/2014,Juvenile,S,S,S
H0693,01/30/2015,,S0222,S0067,Female,788,0.35,12/30/2014,12/23/2014,Juvenile,S,S,S
H0694,,,S0242,S0039,,,0.23,12/20/2014,12/23/2014,Egg,S,S,S
H0695,02/03/2015,,S0210,S0050,Male,838,0.21,12/30/2014,12/23/2014,Juvenile,S,S,S
H0696,01/31/2015,,S0247,S0043,Female,787,0.24,12/30/2014,12/23/2014,Juvenile,S,S,S
H0697,01/28/2015,Missing 8/31/2015,S0248,S0005,Male,800,0.26,12/30/2014,12/23/2014,Juvenile,S,S,S
H0698,01/31/2015,Missing 2/3/2015,S0188,S0013,Female,3,0.22,12/30/2014,12/23/2014,Juvenile,S,S,S
H0699,01/31/2015,,S0126,S0060,Female,787,0.2,12/30/2014,12/23/2014,Juvenile,S,S,S
H0700,01/29/2015,,S0176,S0043,Female,789,0.22,12/30/2014,12/23/2014,Juvenile,S,S,S
H0701,01/31/2015,Missing 2/3/2015,S0125,S0072,Female,3,0.24,12/30/2014,12/23/2014,Juvenile,S,S,S
H0702,01/30/2015,,S0193,S0028,Female,788,0.29,12/30/2014,12/23/2014,Juvenile,S,S,S
H0703,02/01/2015,,S0173,S0069,Male,48,0.14,12/30/2014,12/23/2014,Juvenile,S,S,S
H0704,,,S0111,S0051,,,0.33,12/30/2014,12/23/2014,Egg,S,S,S
H0705,01/28/2015,,S0237,S0044,Male,844,0.3,12/30/2014,12/23/2014,Juvenile,S,S,S
H0706,02/01/2015,,S0192,S0048,Female,83,0.22,12/30/2014,12/23/2014,Juvenile,S,S,S
H0707,,,S0185,S0079,,,0.26,12/30/2014,12/23/2014,Egg,S,S,S
H0708,,,L0137,L0016,,,0.19,01/02/2015,12/30/2014,Egg,L,L,L
H0709,03/17/2015,,L0107,L0005,Male,148,0.21,01/02/2015,12/30/2014,Juvenile,L,L,L
H0710,02/16/2015,,X0232,X0012,Female,177,0.21,01/02/2015,12/30/2014,Juvenile,X,X,X
H0711,02/04/2015,,X0246,X0053,Female,189,0.24,01/02/2015,12/30/2014,Juvenile,X,X,X
H0712,,,S0218,S0077,,,0.41,01/06/2015,12/30/2014,Egg,S,S,S
H0713,,,S0138,S0075,,,0.35,01/06/2015,12/30/2014,Egg,S,S,S
H0714,02/04/2015,,S0222,S0067,Male,837,0.29,01/06/2015,12/30/2014,Juvenile,S,S,S
H0715,02/05/2015,,S0207,S0052,Female,782,0.3,01/06/2015,12/30/2014,Juvenile,S,S,S
H0716,02/04/2015,,S0193,S0028,Female,55,0.29,01/06/2015,12/30/2014,Juvenile,S,S,S
H0717,,,S0182,S0024,,,0.34,01/06/2015,12/30/2014,Egg,S,S,S
H0718,02/05/2015,,S0191,S0061,Male,846,0.28,01/06/2015,12/30/2014,Juvenile,S,S,S
H0719,,,S0202,,,,0.19,01/06/2015,12/30/2014,Egg,S,,S
H0720,03/03/2015,,L0132,L0010,Male,162,0.26,01/08/2015,01/02/2015,Juvenile,L,L,L
H0721,02/21/2015,,X0175,X0043,Female,66,0.23,01/08/2015,01/02/2015,Juvenile,X,X,X
H0722,03/02/2015,,L0062,L0012,Female,163,0.21,01/13/2015,01/08/2015,Juvenile,L,L,L
H0723,02/14/2015,Date of death unknown,L0077,L0042,Male,,0.22,01/13/2015,01/08/2015,Juvenile,L,L,L
H0724,03/20/2015,,X0232,X0012,Female,145,0.25,01/13/2015,01/08/2015,Juvenile,X,X,X
H0725,02/28/2015,,X0175,X0043,Female,165,0.21,01/13/2015,01/08/2015,Juvenile,X,X,X
H0726,02/14/2015,Missing 2/16/2015,X0246,X0053,Female,2,0.26,01/13/2015,01/08/2015,Juvenile,X,X,X
H0727,03/29/2015,,X0233,X0019,Female,136,0.2,01/13/2015,01/08/2015,Juvenile,X,X,X
H0728,,,S0251,S0022,,,0.18,01/13/2015,01/06/2015,Egg,S,S,S
H0729,,,S0176,S0043,,,0.18,01/13/2015,01/06/2015,Egg,S,S,S
H0730,,,S0105,S0018,,,0.23,01/13/2015,01/06/2015,Egg,S,S,S
H0731,,,S0237,S0044,,,0.25,01/19/2015,01/13/2015,Egg,S,S,S
H0732,,,S0111,S0051,,,0.22,01/19/2015,01/13/2015,Egg,S,S,S
H0733,,,S0193,S0028,,,0.29,01/19/2015,01/13/2015,Egg,S,S,S
H0734,02/19/2015,,S0191,S0061,Male,832,0.22,01/19/2015,01/13/2015,Juvenile,S,S,S
H0735,02/19/2015,,S0114,S0057,Female,768,0.28,01/19/2015,01/13/2015,Juvenile,S,S,S
H0736,02/18/2015,,S0138,S0075,Female,770,0.26,01/19/2015,01/13/2015,Juvenile,S,S,S
H0737,,,S0247,S0043,,,0.2,01/19/2015,01/13/2015,Egg,S,S,S
H0738,,,S0242,S0039,,,0.28,01/19/2015,01/13/2015,Egg,S,S,S
H0739,,,S0218,S0077,,,0.29,01/19/2015,01/13/2015,Egg,S,S,S
H0740,02/20/2015,,S0230,S0018,Male,821,0.25,01/19/2015,01/13/2015,Juvenile,S,S,S
H0741,,,S0190,S0074,,,0.27,01/19/2015,01/13/2015,Egg,S,S,S
H0742,02/18/2015,,S0249,S0031,Male,41,0.26,01/19/2015,01/13/2015,Juvenile,S,S,S
H0743,,,S0188,S0013,,,0.23,01/19/2015,01/13/2015,Egg,S,S,S
H0744,03/09/2015,,X0233,X0019,Female,156,0.2,01/21/2015,01/13/2015,Juvenile,X,X,X
H0745,02/23/2015,,S0210,S0050,Male,828,0.3,01/26/2015,01/19/2015,Juvenile,S,S,S
H0746,03/04/2015,,X0175,X0043,Female,161,0.24,01/29/2015,01/21/2015,Juvenile,X,X,X
H0747,03/31/2015,,X0246,X0053,Female,134,0.25,01/29/2015,01/21/2015,Juvenile,X,X,X
H0748,03/13/2015,,X0232,X0012,Male,152,0.22,01/29/2015,01/21/2015,Juvenile,X,X,X
H0749,03/02/2015,,L0077,L0042,Female,5,0.25,01/29/2015,01/21/2015,Juvenile,L,L,L
H0750,04/19/2015,,X0246,X0053,Female,115,0.22,02/03/2015,01/29/2015,Juvenile,X,X,X
H0751,03/12/2015,,S0111,S0051,Male,811,0.31,02/09/2015,02/02/2015,Juvenile,S,S,S
H0752,03/09/2015,,S0248,S0005,Female,750,0.21,02/09/2015,02/02/2015,Juvenile,S,S,S
H0753,03/24/2015,,L0077,L0042,Male,141,0.24,02/12/2015,02/03/2015,Juvenile,L,L,L
H0754,03/15/2015,,X0233,X0019,Female,150,0.22,02/12/2015,02/03/2015,Juvenile,X,X,X
H0755,05/01/2015,,X0175,X0043,Female,103,0.2,02/12/2015,02/03/2015,Juvenile,X,X,X
H0756,03/23/2015,,X0175,X0043,Female,142,0.26,02/12/2015,02/03/2015,Juvenile,X,X,X
H0757,,,L0077,L0042,,,0.26,02/18/2015,02/12/2015,Egg,L,L,L
H0758,05/03/2015,,X0276,X0048,Male,101,0.24,02/18/2015,02/12/2015,Juvenile,X,X,X
H0759,04/03/2015,Hatch weight seems way too high. But that?s what was recorded.,L0132,L0010,Male,131,0.27,02/18/2015,02/12/2015,Juvenile,L,L,L
H0760,03/23/2015,,X0233,X0019,Male,142,0.26,02/18/2015,02/12/2015,Juvenile,X,X,X
H0761,05/05/2015,,X0233,X0019,Male,99,0.22,02/18/2015,02/12/2015,Juvenile,X,X,X
H0762,03/21/2015,,S0251,S0022,Male,802,0.28,02/20/2015,02/09/2015,Juvenile,S,S,S
H0763,,,S0222,S0067,,,0.21,02/20/2015,02/09/2015,Egg,S,S,S
H0764,03/20/2015,,S0182,S0024,Male,803,0.22,02/20/2015,02/09/2015,Juvenile,S,S,S
H0765,03/25/2015,,S0247,S0043,Male,66,0.23,02/20/2015,02/09/2015,Juvenile,S,S,S
H0766,03/25/2015,,S0210,S0050,Male,798,0.24,02/20/2015,02/09/2015,Juvenile,S,S,S
H0767,03/20/2015,,S0210,S0050,Female,803,0.24,02/20/2015,02/09/2015,Juvenile,S,S,S
H0768,,,X0130,X0011,,,0.25,02/24/2015,02/18/2015,Egg,X,X,X
H0769,03/29/2015,,X0246,X0053,Female,136,0.21,02/24/2015,02/18/2015,Juvenile,X,X,X
H0770,05/08/2015,,X0232,X0012,Female,96,0.22,02/24/2015,02/18/2015,Juvenile,X,X,X
H0771,04/03/2015,,S0218,S0077,Female,789,0.23,02/27/2015,02/16/2015,Juvenile,S,S,S
H0772,03/26/2015,,S0126,S0060,Female,797,0.32,02/27/2015,02/16/2015,Juvenile,S,S,S
H0773,04/02/2015,Hatch weight seems way too high. But that?s what was recorded by IK.,S0222,S0067,Male,790,0.24,03/02/2015,02/23/2015,Juvenile,S,S,S
H0774,04/05/2015,,S0247,S0043,Female,787,0.2,03/02/2015,02/23/2015,Juvenile,S,S,S
H0775,03/29/2015,,S0251,S0022,Female,794,0.29,03/02/2015,02/23/2015,Juvenile,S,S,S
H0776,04/04/2015,,S0207,S0052,Male,378,0.27,03/02/2015,02/23/2015,Juvenile,S,S,S
H0777,04/03/2015,,S0248,S0005,Male,789,0.24,03/02/2015,02/23/2015,Juvenile,S,S,S
H0778,,,S0173,S0069,,,0.11,03/02/2015,02/23/2015,Egg,S,S,S
H0779,04/17/2015,,X0130,X0011,Male,117,0.25,03/03/2015,02/24/2015,Juvenile,X,X,X
H0780,04/06/2015,,X0232,X0012,Male,128,0.21,03/03/2015,02/24/2015,Juvenile,X,X,X
H0781,05/10/2015,,X0233,X0019,Male,94,0.28,03/03/2015,02/24/2015,Juvenile,X,X,X
H0782,04/16/2015,,X0154,X0020,Female,118,0.23,03/03/2015,02/24/2015,Juvenile,X,X,X
H0783,,,S0225,S0003,,,0.21,03/06/2015,02/27/2015,Egg,S,S,S
H0784,04/10/2015,,S0191,S0061,Female,15,0.23,03/06/2015,02/27/2015,Juvenile,S,S,S
H0785,04/09/2015,"Hatch weight seems high, but that?s what was recorded; Missing 4/12/2015",S0191,S0061,Female,3,0.21,03/06/2015,02/27/2015,Juvenile,S,S,S
H0786,04/04/2015,,S0114,S0057,Female,788,0.28,03/06/2015,02/27/2015,Juvenile,S,S,S
H0787,,,S0193,S0028,,,0.22,03/13/2015,03/06/2015,Egg,S,S,S
H0788,04/18/2015,,S0180,S0062,Female,774,0.19,03/16/2015,03/13/2015,Juvenile,S,S,S
H0789,04/19/2015,,S0190,S0074,Female,773,0.19,03/16/2015,03/13/2015,Juvenile,S,S,S
H0790,04/18/2015,,S0247,S0043,Female,774,0.21,03/16/2015,03/13/2015,Juvenile,S,S,S
H0791,04/22/2015,,S0114,S0057,Male,742,0.26,03/20/2015,03/06/2015,Juvenile,S,S,S
H0792,04/23/2015,,S0126,S0060,Female,769,0.22,03/20/2015,03/06/2015,Juvenile,S,S,S
H0793,04/21/2015,,S0165,S0016,Male,771,0.28,03/20/2015,03/06/2015,Juvenile,S,S,S
H0794,04/20/2015,,X0232,X0012,Female,114,0.22,03/20/2015,03/03/2015,Juvenile,X,X,X
H0795,,,X0276,X0048,,,0.17,03/20/2015,03/03/2015,Egg,X,X,X
H0796,04/27/2015,,X0154,X0020,Female,107,0.17,03/20/2015,03/03/2015,Juvenile,X,X,X
H0797,04/25/2015,,X0233,X0019,Female,109,0.22,03/24/2015,03/20/2015,Juvenile,X,X,X
H0798,04/01/2015,Hatched in cage after egg check ended. Found 4/1/2015.,S0176,,Female,133,,,01/23/2015,Juvenile,S,,S
H0799,,,L0091,L0040,,,0.2,04/10/2015,03/24/2015,Egg,L,L,L
H0800,05/17/2015,,L0107,L0005,Male,87,0.29,04/16/2015,04/10/2015,Juvenile,L,L,L
H0801,05/02/2015,Hatched in cage after egg check ended. Found in cage 5/2/2015.,S0241,,Female,102,,,01/23/2015,Juvenile,S,,S
H0802,05/22/2015,Lizard found in cage of mother S165. Hatched in cage.,S0165,,Female,82,,,03/27/2015,Juvenile,S,,S
H0803,08/12/2015,,S0141,S0078,Male,793,0.24,07/10/2015,,Juvenile,S,S,S
H0804,,,S0178,S0079,,,0.18,07/10/2015,,Egg,S,S,S
H0805,,,S0225,S0003,,,0.2,07/10/2015,,Egg,S,S,S
H0806,08/12/2015,,S0134,S0071,Male,793,0.26,07/10/2015,,Juvenile,S,S,S
H0807,08/10/2015,,S0197,S0067,Female,795,0.21,07/10/2015,,Juvenile,S,S,S
H0808,08/11/2015,,S0111,S0051,Male,794,0.3,07/10/2015,,Juvenile,S,S,S
H0809,08/11/2015,,S0143,S0049,Male,794,0.23,07/10/2015,,Juvenile,S,S,S
H0810,08/10/2015,,S0183,S0050,Female,795,0.25,07/10/2015,,Juvenile,S,S,S
H0811,08/14/2015,Missing 9/29/2017,S0192,S0048,Female,777,0.22,07/10/2015,,Juvenile,S,S,S
H0812,08/09/2015,,S0188,S0013,Male,796,0.23,07/10/2015,,Juvenile,S,S,S
H0813,08/10/2015,,S0229,S0012,Female,795,0.26,07/10/2015,,Juvenile,S,S,S
H0814,08/09/2015,,S0230,S0018,Male,796,0.3,07/10/2015,,Juvenile,S,S,S
H0815,,,S0202,S0002,,,0.14,07/10/2015,,Egg,S,S,S
H0816,08/13/2015,,S0248,S0005,Female,792,0.19,07/10/2015,,Juvenile,S,S,S
H0817,,,S0225,S0003,,,0.19,07/17/2015,07/10/2015,Egg,S,S,S
H0818,08/19/2015,,S0178,S0079,Male,786,0.22,07/17/2015,07/10/2015,Juvenile,S,S,S
H0819,08/19/2015,Mislabeled as a female for entire lifespan - stunted growth,S0116,S0075,Male,786,0.21,07/17/2015,07/10/2015,Juvenile,S,S,S
H0820,08/19/2015,,S0141,S0078,Female,786,0.21,07/17/2015,07/10/2015,Juvenile,S,S,S
H0821,08/19/2015,,S0134,S0071,Male,786,0.23,07/17/2015,07/10/2015,Juvenile,S,S,S
H0822,08/20/2015,,S0125,S0072,Male,785,0.19,07/17/2015,07/10/2015,Juvenile,S,S,S
H0823,08/19/2015,,S0133,S0062,Male,786,0.2,07/17/2015,07/10/2015,Juvenile,S,S,S
H0824,08/16/2015,,S0197,S0067,Female,789,0.22,07/17/2015,07/10/2015,Juvenile,S,S,S
H0825,08/17/2015,Missing 11/10/2015,S0199,S0035,Female,85,0.25,07/17/2015,07/10/2015,Juvenile,S,S,S
H0826,08/18/2015,,S0176,S0043,Male,787,0.18,07/17/2015,07/10/2015,Juvenile,S,S,S
H0827,08/20/2015,,S0224,S0026,Male,785,0.26,07/17/2015,07/10/2015,Juvenile,S,S,S
H0828,08/17/2015,,S0235,S0023,Male,788,0.24,07/17/2015,07/10/2015,Juvenile,S,S,S
H0829,08/19/2015,Mislabeled as H0824 on cage - need to check X-rays,S0230,S0018,Female,786,0.21,07/17/2015,07/10/2015,Juvenile,S,S,S
H0830,08/17/2015,Missing 2/25/2017,S0229,S0012,Male,558,0.22,07/17/2015,07/10/2015,Juvenile,S,S,S
H0831,08/20/2015,,S0124,S0007,Female,785,0.24,07/17/2015,07/10/2015,Juvenile,S,S,S
H0832,,,S0188,S0013,,,0.27,07/24/2015,07/17/2015,Egg,S,S,S
H0833,08/28/2015,,S0188,S0013,Female,805,0.21,07/24/2015,07/17/2015,Juvenile,S,S,S
H0834,08/24/2015,Missing 12/24/2016,S0178,S0079,Female,488,0.21,07/24/2015,07/17/2015,Juvenile,S,S,S
H0835,,,S0229,S0012,,,0.23,07/24/2015,07/17/2015,Egg,S,S,S
H0836,08/23/2015,,S0189,S0028,Male,782,0.26,07/24/2015,07/17/2015,Juvenile,S,S,S
H0837,,,S0224,S0026,,,0.21,07/24/2015,07/17/2015,Egg,S,S,S
H0838,08/27/2015,,S0199,S0035,Female,388,0.23,07/24/2015,07/17/2015,Juvenile,S,S,S
H0839,,,S0143,S0049,,,0.26,07/24/2015,07/17/2015,Egg,S,S,S
H0840,08/28/2015,,S0143,S0049,Male,805,0.22,07/24/2015,07/17/2015,Juvenile,S,S,S
H0841,08/25/2015,,S0192,S0048,Male,780,0.24,07/24/2015,07/17/2015,Juvenile,S,S,S
H0842,08/25/2015,,S0230,S0018,Male,780,0.24,07/24/2015,07/17/2015,Juvenile,S,S,S
H0843,,,S0125,S0072,,,0.21,07/24/2015,07/17/2015,Egg,S,S,S
H0844,08/23/2015,,S0176,S0043,Female,782,0.25,07/24/2015,07/17/2015,Juvenile,S,S,S
H0845,08/28/2015,,S0134,S0071,Male,239,0.23,07/24/2015,07/17/2015,Juvenile,S,S,S
H0846,,,S0202,S0002,,,0.19,07/24/2015,07/17/2015,Egg,S,S,S
H0847,08/23/2015,,S0197,S0067,Male,782,0.27,07/24/2015,07/17/2015,Juvenile,S,S,S
H0848,,,S0225,S0003,,,0.17,07/24/2015,07/17/2015,Egg,S,S,S
H0849,,,S0248,S0005,,,0.27,07/24/2015,07/17/2015,Egg,S,S,S
H0850,08/27/2015,,S0248,S0005,Male,778,0.24,07/24/2015,07/17/2015,Juvenile,S,S,S
H0851,09/04/2015,,S0230,S0018,Male,787,0.27,07/31/2015,07/24/2015,Juvenile,S,S,S
H0852,09/06/2015,,S0134,S0071,Male,785,0.22,07/31/2015,07/24/2015,Juvenile,S,S,S
H0853,09/03/2015,,S0124,S0007,Male,799,0.27,07/31/2015,07/24/2015,Juvenile,S,S,S
H0854,09/03/2015,,S0178,S0079,Female,799,0.21,07/31/2015,07/24/2015,Juvenile,S,S,S
H0855,08/30/2015,,S0178,S0079,Male,803,0.24,07/31/2015,07/24/2015,Juvenile,S,S,S
H0856,08/27/2015,,S0116,S0075,Female,778,0.28,07/31/2015,07/24/2015,Juvenile,S,S,S
H0857,09/03/2015,,S0143,S0049,Male,788,0.23,07/31/2015,07/24/2015,Juvenile,S,S,S
H0858,09/03/2015,,S0199,S0035,Female,799,0.24,07/31/2015,07/24/2015,Juvenile,S,S,S
H0859,,,S0141,S0078,,,0.27,07/31/2015,07/24/2015,Egg,S,S,S
H0860,08/30/2015,Not found 11/20/17,S0192,S0048,Female,,0.24,07/31/2015,07/24/2015,Juvenile,S,S,S
H0861,,,S0188,S0013,,,0.23,08/07/2015,07/31/2015,Egg,S,S,S
H0862,09/10/2015,,S0229,S0012,Male,94,0.28,08/07/2015,07/31/2015,Juvenile,S,S,S
H0863,09/08/2015,,S0189,S0028,Female,794,0.21,08/07/2015,07/31/2015,Juvenile,S,S,S
H0864,,,S0116,S0075,,,0.27,08/07/2015,07/31/2015,Egg,S,S,S
H0865,09/06/2015,,S0111,S0051,Female,796,0.29,08/07/2015,07/31/2015,Juvenile,S,S,S
H0866,09/09/2015,,S0230,S0018,Female,793,0.19,08/07/2015,07/31/2015,Juvenile,S,S,S
H0867,09/04/2015,,S0176,S0043,Female,798,0.2,08/07/2015,07/31/2015,Juvenile,S,S,S
H0868,,,S0248,S0005,,,0.27,08/07/2015,07/31/2015,Egg,S,S,S
H0869,09/09/2015,,A0242,A0007,Male,4,0.12,08/07/2015,07/31/2015,Juvenile,A,A,A
H0870,09/07/2015,,A0229,A0064,Male,633,0.2,08/07/2015,07/31/2015,Juvenile,A,A,A
H0871,09/09/2015,,A0229,A0064,Male,782,0.18,08/07/2015,07/31/2015,Juvenile,A,A,A
H0872,09/09/2015,,A0141,A0005,Female,564,0.2,08/07/2015,07/31/2015,Juvenile,A,A,A
H0873,09/13/2015,,A0143,A0001,Male,778,0.15,08/07/2015,07/31/2015,Juvenile,A,A,A
H0874,,,A0223,A0044,,,0.17,08/07/2015,07/31/2015,Egg,A,A,A
H0875,09/13/2015,,A0223,A0044,Female,7,0.18,08/07/2015,07/31/2015,Juvenile,A,A,A
H0876,,,A0212,A0048,,,0.18,08/07/2015,07/31/2015,Egg,A,A,A
H0877,,,A0241,A0009,,,0.21,08/07/2015,07/31/2015,Egg,A,A,A
H0878,09/07/2015,,A0228,A0020,Female,795,0.18,08/07/2015,07/31/2015,Juvenile,A,A,A
H0879,,,A0238,A0004,,,0.19,08/07/2015,07/31/2015,Egg,A,A,A
H0880,09/10/2015,,A0236,A0006,Male,3,0.16,08/07/2015,07/31/2015,Juvenile,A,A,A
H0881,09/08/2015,,A0225,A0056,Female,794,0.15,08/07/2015,07/31/2015,Juvenile,A,A,A
H0882,09/10/2015,,A0161,A0012,Male,781,0.17,08/07/2015,07/31/2015,Juvenile,A,A,A
H0883,,,A0248,A0068,,,0.19,08/07/2015,07/31/2015,Egg,A,A,A
H0884,09/10/2015,,A0253,A0055,Female,792,0.17,08/07/2015,07/31/2015,Juvenile,A,A,A
H0885,09/13/2015,Missing 5/15/2017,A0213,A0053,Male,610,0.15,08/07/2015,07/31/2015,Juvenile,A,A,A
H0886,09/12/2015,,A0186,A0061,Male,660,0.21,08/07/2015,07/31/2015,Juvenile,A,A,A
H0887,09/08/2015,,A0254,A0018,Male,783,0.17,08/07/2015,07/31/2015,Juvenile,A,A,A
H0888,09/07/2015,Missing 9/19/2015,A0245,A0013,Female,12,0.15,08/07/2015,07/31/2015,Juvenile,A,A,A
H0889,09/08/2015,,A0243,A0051,Female,5,0.18,08/07/2015,07/31/2015,Juvenile,A,A,A
H0890,09/13/2015,,A0244,A0046,Female,778,0.26,08/14/2015,08/07/2015,Juvenile,A,A,A
H0891,09/16/2015,,A0161,A0012,Female,775,0.2,08/14/2015,08/07/2015,Juvenile,A,A,A
H0892,09/18/2015,,A0253,A0055,Female,584,0.2,08/14/2015,08/07/2015,Juvenile,A,A,A
H0893,09/17/2015,,A0250,A0041,Male,774,0.17,08/14/2015,08/07/2015,Juvenile,A,A,A
H0894,09/17/2015,,A0249,A0036,Male,774,0.19,08/14/2015,08/07/2015,Juvenile,A,A,A
H0895,09/17/2015,,A0247,A0040,Female,774,0.16,08/14/2015,08/07/2015,Juvenile,A,A,A
H0896,09/13/2015,,A0215,A0038,Female,0,0.17,08/14/2015,08/07/2015,Juvenile,A,A,A
H0897,,,A0213,A0053,,,0.17,08/14/2015,08/07/2015,Egg,A,A,A
H0898,,,A0211,A0003,,,0.18,08/14/2015,08/07/2015,Egg,A,A,A
H0899,09/14/2015,Missing 9/15/2015,A0183,A0077,Female,1,0.19,08/14/2015,08/07/2015,Juvenile,A,A,A
H0900,09/15/2015,,A0186,A0061,Female,787,0.2,08/14/2015,08/07/2015,Juvenile,A,A,A
H0901,09/13/2015,,A0254,A0018,Female,2,0.18,08/14/2015,08/07/2015,Juvenile,A,A,A
H0902,09/14/2015,,A0245,A0013,Male,788,0.19,08/14/2015,08/07/2015,Juvenile,A,A,A
H0903,09/13/2015,Missing 9/15/2015,A0243,A0051,Female,2,0.2,08/14/2015,08/07/2015,Juvenile,A,A,A
H0904,09/20/2015,,A0223,A0044,Female,1,0.16,08/14/2015,08/07/2015,Juvenile,A,A,A
H0905,09/17/2015,,A0184,A0022,Female,82,0.17,08/14/2015,08/07/2015,Juvenile,A,A,A
H0906,09/16/2015,Missing 9/19/2015,A0212,A0048,Female,3,0.18,08/14/2015,08/07/2015,Juvenile,A,A,A
H0907,,,A0212,A0048,,,0.24,08/14/2015,08/07/2015,Egg,A,A,A
H0908,,,A0241,A0009,,,0.2,08/14/2015,08/07/2015,Egg,A,A,A
H0909,09/13/2015,,A0228,A0020,Male,778,0.22,08/14/2015,08/07/2015,Juvenile,A,A,A
H0910,09/17/2015,,A0228,A0020,Female,644,0.18,08/14/2015,08/07/2015,Juvenile,A,A,A
H0911,09/15/2015,,A0238,A0004,Female,776,0.22,08/14/2015,08/07/2015,Juvenile,A,A,A
H0912,09/17/2015,,A0232,A0066,Female,1,0.19,08/14/2015,08/07/2015,Juvenile,A,A,A
H0913,09/13/2015,,A0225,A0056,Male,789,0.21,08/14/2015,08/07/2015,Juvenile,A,A,A
H0914,09/20/2015,,A0242,A0007,Male,563,0.17,08/14/2015,08/07/2015,Juvenile,A,A,A
H0915,09/14/2015,,A0229,A0064,Female,788,0.2,08/14/2015,08/07/2015,Juvenile,A,A,A
H0916,09/17/2015,,A0229,A0064,Female,600,0.17,08/14/2015,08/07/2015,Juvenile,A,A,A
H0917,09/17/2015,,A0230,A0080,Male,774,0.22,08/14/2015,08/07/2015,Juvenile,A,A,A
H0918,09/14/2015,,A0237,A0071,Female,777,0.25,08/14/2015,08/07/2015,Juvenile,A,A,A
H0919,09/17/2015,,A0231,A0062,Female,7,0.22,08/14/2015,08/07/2015,Juvenile,A,A,A
H0920,09/18/2015,,A0141,A0005,Male,3,0.19,08/14/2015,08/07/2015,Juvenile,A,A,A
H0921,09/18/2015,,A0150,A0011,Female,773,0.16,08/14/2015,08/07/2015,Juvenile,A,A,A
H0922,09/15/2015,,A0133,A0027,Female,3,0.17,08/14/2015,08/07/2015,Juvenile,A,A,A
H0923,09/13/2015,,A0133,A0027,Female,568,0.21,08/14/2015,08/07/2015,Juvenile,A,A,A
H0924,09/15/2015,,A0143,A0001,Male,787,0.16,08/14/2015,08/07/2015,Juvenile,A,A,A
H0925,09/13/2015,,A0126,A0010,Male,778,0.17,08/14/2015,08/07/2015,Juvenile,A,A,A
H0926,09/13/2015,,S0224,S0026,Female,778,0.34,08/14/2015,08/07/2015,Juvenile,S,S,S
H0927,09/14/2015,,S0143,S0049,Female,788,0.26,08/14/2015,08/07/2015,Juvenile,S,S,S
H0928,09/13/2015,,S0199,S0035,Male,789,0.28,08/14/2015,08/07/2015,Juvenile,S,S,S
H0929,,,S0111,S0051,,,0.31,08/14/2015,08/07/2015,Egg,S,S,S
H0930,09/14/2015,,S0192,S0048,Female,788,0.22,08/14/2015,08/07/2015,Juvenile,S,S,S
H0931,09/13/2015,,S0133,S0062,Male,778,0.29,08/14/2015,08/07/2015,Juvenile,S,S,S
H0932,09/11/2015,,S0176,S0043,Male,780,0.24,08/14/2015,08/07/2015,Juvenile,S,S,S
H0933,,,S0125,S0072,,,0.27,08/14/2015,08/07/2015,Egg,S,S,S
H0934,,,S0134,S0071,,,0.25,08/14/2015,08/07/2015,Egg,S,S,S
H0935,09/12/2015,,S0124,S0007,Female,779,0.31,08/14/2015,08/07/2015,Juvenile,S,S,S
H0936,09/16/2015,Missing 4/12/2017,S0124,S0007,Female,574,0.25,08/14/2015,08/07/2015,Juvenile,S,S,S
H0937,09/15/2015,,S0248,S0005,Male,787,0.22,08/14/2015,08/07/2015,Juvenile,S,S,S
H0938,,,S0125,S0072,,,0.23,08/21/2015,08/14/2015,Egg,S,S,S
H0939,09/25/2015,,S0134,S0071,Female,766,0.2,08/21/2015,08/14/2015,Juvenile,S,S,S
H0940,,,S0188,S0013,,,0.22,08/21/2015,08/14/2015,Egg,S,S,S
H0941,09/20/2015,,S0178,S0079,Female,771,0.25,08/21/2015,08/14/2015,Juvenile,S,S,S
H0942,,,A0159,A0069,,,0.22,08/21/2015,08/14/2015,Egg,A,A,A
H0943,09/24/2015,,A0254,A0018,Male,12,0.17,08/21/2015,08/14/2015,Juvenile,A,A,A
H0944,,,A0245,A0013,,,0.19,08/21/2015,08/14/2015,Egg,A,A,A
H0945,,,A0245,A0013,,,0.19,08/21/2015,08/14/2015,Egg,A,A,A
H0946,09/20/2015,,A0243,A0051,Female,771,0.2,08/21/2015,08/14/2015,Juvenile,A,A,A
H0947,,,A0251,A0047,,,0.23,08/21/2015,08/14/2015,Egg,A,A,A
H0948,09/21/2015,,A0248,A0068,Female,552,0.24,08/21/2015,08/14/2015,Juvenile,A,A,A
H0949,09/24/2015,,A0248,A0068,Male,767,0.16,08/21/2015,08/14/2015,Juvenile,A,A,A
H0950,,,A0246,A0060,,,0.19,08/21/2015,08/14/2015,Egg,A,A,A
H0951,,,A0161,A0012,,,0.2,08/21/2015,08/14/2015,Egg,A,A,A
H0952,09/22/2015,Missing 9/27/2015,A0247,A0040,Female,5,0.18,08/21/2015,08/14/2015,Juvenile,A,A,A
H0953,09/24/2015,,A0253,A0055,Male,398,0.2,08/21/2015,08/14/2015,Juvenile,A,A,A
H0954,09/27/2015,,A0213,A0053,Female,764,0.18,08/21/2015,08/14/2015,Juvenile,A,A,A
H0955,09/23/2015,,A0249,A0036,Female,768,0.19,08/21/2015,08/14/2015,Juvenile,A,A,A
H0956,09/21/2015,,A0183,A0077,Female,594,0.23,08/21/2015,08/14/2015,Juvenile,A,A,A
H0957,09/20/2015,,A0215,A0038,Female,545,0.18,08/21/2015,08/14/2015,Juvenile,A,A,A
H0958,,,A0215,A0038,,,0.17,08/21/2015,08/14/2015,Egg,A,A,A
H0959,09/23/2015,Missing 10/6/2016,A0186,A0061,Female,379,0.2,08/21/2015,08/14/2015,Juvenile,A,A,A
H0960,,,A0186,A0061,,,0.2,08/21/2015,08/14/2015,Egg,A,A,A
H0961,,,A0223,A0044,,,0.2,08/21/2015,08/14/2015,Egg,A,A,A
H0962,09/25/2015,,A0212,A0048,Female,766,0.18,08/21/2015,08/14/2015,Juvenile,A,A,A
H0963,,,A0212,A0048,,,0.24,08/21/2015,08/14/2015,Egg,A,A,A
H0964,09/21/2015,Date of death unknown but within first week,A0221,A0078,Female,,0.23,08/21/2015,08/14/2015,Juvenile,A,A,A
H0965,09/21/2015,Date of death unknown but within first week,A0227,A0073,Female,,0.23,08/21/2015,08/14/2015,Juvenile,A,A,A
H0966,09/18/2015,,A0241,A0009,Male,0,0.21,08/21/2015,08/14/2015,Juvenile,A,A,A
H0967,09/24/2015,,A0228,A0020,Male,778,0.19,08/21/2015,08/14/2015,Juvenile,A,A,A
H0968,09/23/2015,,A0236,A0006,Female,621,0.2,08/21/2015,08/14/2015,Juvenile,A,A,A
H0969,09/28/2015,,A0242,A0007,Male,763,0.16,08/21/2015,08/14/2015,Juvenile,A,A,A
H0970,09/23/2015,,A0240,A0029,Female,768,0.17,08/21/2015,08/14/2015,Juvenile,A,A,A
H0971,09/23/2015,,A0229,A0064,Male,768,0.18,08/21/2015,08/14/2015,Juvenile,A,A,A
H0972,09/24/2015,,A0230,A0080,Female,767,0.2,08/21/2015,08/14/2015,Juvenile,A,A,A
H0973,,,A0230,A0080,,,0.27,08/21/2015,08/14/2015,Egg,A,A,A
H0974,09/24/2015,,A0141,A0005,Male,5,0.18,08/21/2015,08/14/2015,Juvenile,A,A,A
H0975,09/24/2015,,A0150,A0011,Male,767,0.19,08/21/2015,08/14/2015,Juvenile,A,A,A
H0976,,,A0133,A0027,,,0.18,08/21/2015,08/14/2015,Egg,A,A,A
H0977,09/23/2015,,A0133,A0027,Female,2,0.17,08/21/2015,08/14/2015,Juvenile,A,A,A
H0978,09/23/2015,,A0111,A0075,Male,1,0.19,08/21/2015,08/14/2015,Juvenile,A,A,A
H0979,09/25/2015,,A0126,A0010,Male,2,0.19,08/21/2015,08/14/2015,Juvenile,A,A,A
H0980,09/21/2015,,A0126,A0010,Female,5,0.18,08/21/2015,08/14/2015,Juvenile,A,A,A
H0981,09/18/2015,,A0116,A0072,Female,6,0.22,08/21/2015,08/14/2015,Juvenile,A,A,A
H0982,,,S0202,S0002,,,0.21,08/28/2015,08/21/2015,Egg,S,S,S
H0983,09/29/2015,,S0248,S0005,Male,762,0.22,08/28/2015,08/21/2015,Juvenile,S,S,S
H0984,10/02/2015,,S0230,S0018,Male,770,0.2,08/28/2015,08/21/2015,Juvenile,S,S,S
H0985,09/28/2015,,S0176,S0043,Female,763,0.19,08/28/2015,08/21/2015,Juvenile,S,S,S
H0986,,,S0116,S0075,,,0.28,08/28/2015,08/21/2015,Egg,S,S,S
H0987,09/27/2015,,S0199,S0035,Female,764,0.25,08/28/2015,08/21/2015,Juvenile,S,S,S
H0988,09/30/2015,,S0133,S0062,Female,761,0.2,08/28/2015,08/21/2015,Juvenile,S,S,S
H0989,10/02/2015,,S0192,S0048,Male,770,0.21,08/28/2015,08/21/2015,Juvenile,S,S,S
H0990,,,A0159,A0069,,,0.19,08/28/2015,08/21/2015,Egg,A,A,A
H0991,,,A0159,A0069,,,0.25,08/28/2015,08/21/2015,Egg,A,A,A
H0992,09/29/2015,,A0254,A0018,Male,4,0.17,08/28/2015,08/21/2015,Juvenile,A,A,A
H0993,09/28/2015,,A0245,A0013,Male,5,0.22,08/28/2015,08/21/2015,Juvenile,A,A,A
H0994,09/27/2015,,A0243,A0051,Female,588,0.21,08/28/2015,08/21/2015,Juvenile,A,A,A
H0995,10/03/2015,Missing 10/7/2015,A0248,A0068,Female,4,0.14,08/28/2015,08/21/2015,Juvenile,A,A,A
H0996,,,A0250,A0041,,,0.2,08/28/2015,08/21/2015,Egg,A,A,A
H0997,09/27/2015,,A0161,A0012,Female,99,0.21,08/28/2015,08/21/2015,Juvenile,A,A,A
H0998,10/02/2015,,A0161,A0012,Male,181,0.21,08/28/2015,08/21/2015,Juvenile,A,A,A
H0999,10/02/2015,,A0247,A0040,Male,175,0.19,08/28/2015,08/21/2015,Juvenile,A,A,A
H1000,10/03/2015,,A0213,A0053,Male,709,0.18,08/28/2015,08/21/2015,Juvenile,A,A,A
H1001,09/29/2015,MISSING 8/29/2017,A0249,A0036,Male,700,0.17,08/28/2015,08/21/2015,Juvenile,A,A,A
H1002,09/29/2015,,A0183,A0077,Female,773,0.2,08/28/2015,08/21/2015,Juvenile,A,A,A
H1003,09/27/2015,,A0183,A0077,Female,531,0.2,08/28/2015,08/21/2015,Juvenile,A,A,A
H1004,10/02/2015,Missing 10/8/2015,A0215,A0038,Female,6,0.17,08/28/2015,08/21/2015,Juvenile,A,A,A
H1005,10/01/2015,Missing 10/3/2015,A0186,A0061,Female,2,0.2,08/28/2015,08/21/2015,Juvenile,A,A,A
H1006,,,A0211,A0003,,,0.2,08/28/2015,08/21/2015,Egg,A,A,A
H1007,10/01/2015,,A0209,A0059,Female,771,0.12,08/28/2015,08/21/2015,Juvenile,A,A,A
H1008,09/29/2015,,A0184,A0022,Male,773,0.25,08/28/2015,08/21/2015,Juvenile,A,A,A
H1009,09/28/2015,,A0184,A0022,Male,763,0.21,08/28/2015,08/21/2015,Juvenile,A,A,A
H1010,09/30/2015,,A0212,A0048,Male,772,0.21,08/28/2015,08/21/2015,Juvenile,A,A,A
H1011,09/27/2015,,A0221,A0078,Female,588,0.2,08/28/2015,08/21/2015,Juvenile,A,A,A
H1012,09/27/2015,,A0227,A0073,Male,764,0.24,08/28/2015,08/21/2015,Juvenile,A,A,A
H1013,09/27/2015,,A0241,A0009,Male,764,0.18,08/28/2015,08/21/2015,Juvenile,A,A,A
H1014,09/29/2015,Missing 10/3/2015,A0228,A0020,Male,4,0.18,08/28/2015,08/21/2015,Juvenile,A,A,A
H1015,09/27/2015,Missing 9/28/2015,A0238,A0004,Female,1,0.2,08/28/2015,08/21/2015,Juvenile,A,A,A
H1016,09/29/2015,,A0236,A0006,Male,762,0.18,08/28/2015,08/21/2015,Juvenile,A,A,A
H1017,09/27/2015,,A0225,A0056,Male,775,0.16,08/28/2015,08/21/2015,Juvenile,A,A,A
H1018,09/28/2015,,A0229,A0064,Female,587,0.2,08/28/2015,08/21/2015,Juvenile,A,A,A
H1019,09/28/2015,,A0230,A0080,Female,763,0.19,08/28/2015,08/21/2015,Juvenile,A,A,A
H1020,09/29/2015,,A0234,A0079,Female,560,0.2,08/28/2015,08/21/2015,Juvenile,A,A,A
H1021,,,A0231,A0062,,,0.3,08/28/2015,08/21/2015,Egg,A,A,A
H1022,09/30/2015,,A0141,A0005,Female,614,0.19,08/28/2015,08/21/2015,Juvenile,A,A,A
H1023,09/29/2015,,A0150,A0011,Male,762,0.18,08/28/2015,08/21/2015,Juvenile,A,A,A
H1024,09/30/2015,,A0133,A0027,Male,761,0.17,08/28/2015,08/21/2015,Juvenile,A,A,A
H1025,09/29/2015,,A0111,A0075,Female,4,0.18,08/28/2015,08/21/2015,Juvenile,A,A,A
H1026,09/30/2015,,A0126,A0010,Male,1042,0.21,08/28/2015,08/21/2015,Juvenile,A,A,A
H1027,10/02/2015,Date of death unknown but within first week,A0116,A0072,Male,,0.19,08/28/2015,08/21/2015,Juvenile,A,A,A
H1028,09/28/2015,,A0116,A0072,Male,675,0.18,08/28/2015,08/21/2015,Juvenile,A,A,A
H1029,,,S0202,S0002,,,0.25,09/04/2015,08/28/2015,Egg,S,S,S
H1030,10/07/2015,Missing 9/21/2017,S0197,S0067,Male,715,0.19,09/04/2015,08/28/2015,Juvenile,S,S,S
H1031,,,S0124,S0007,,,0.32,09/04/2015,08/28/2015,Egg,S,S,S
H1032,,,S0183,S0050,,,0.37,09/04/2015,08/28/2015,Egg,S,S,S
H1033,10/05/2015,,S0186,S0022,Male,5,0.26,09/04/2015,08/28/2015,Juvenile,S,S,S
H1034,10/09/2015,,S0116,S0075,Male,763,0.19,09/04/2015,08/28/2015,Juvenile,S,S,S
H1035,10/03/2015,,S0150,S0020,Female,5,0.31,09/04/2015,08/28/2015,Juvenile,S,S,S
H1036,10/04/2015,,S0235,S0023,Male,768,0.28,09/04/2015,08/28/2015,Juvenile,S,S,S
H1037,10/07/2015,,A0245,A0013,Male,765,0.16,09/04/2015,08/28/2015,Juvenile,A,A,A
H1038,10/04/2015,,A0245,A0013,Female,549,0.2,09/04/2015,08/28/2015,Juvenile,A,A,A
H1039,10/03/2015,,A0243,A0051,Female,769,0.26,09/04/2015,08/28/2015,Juvenile,A,A,A
H1040,10/07/2015,,A0250,A0041,Male,548,0.17,09/04/2015,08/28/2015,Juvenile,A,A,A
H1041,10/04/2015,,A0250,A0041,Male,768,0.25,09/04/2015,08/28/2015,Juvenile,A,A,A
H1042,10/08/2015,,A0161,A0012,Male,548,0.22,09/04/2015,08/28/2015,Juvenile,A,A,A
H1043,10/10/2015,,A0247,A0040,Male,762,0.21,09/04/2015,08/28/2015,Juvenile,A,A,A
H1044,10/09/2015,,A0253,A0055,Male,763,0.2,09/04/2015,08/28/2015,Juvenile,A,A,A
H1045,10/09/2015,,A0213,A0053,Male,763,0.22,09/04/2015,08/28/2015,Juvenile,A,A,A
H1046,10/08/2015,,A0249,A0036,Male,764,0.17,09/04/2015,08/28/2015,Juvenile,A,A,A
H1047,10/07/2015,,A0183,A0077,Female,765,0.19,09/04/2015,08/28/2015,Juvenile,A,A,A
H1048,10/04/2015,,A0215,A0038,Female,768,0.17,09/04/2015,08/28/2015,Juvenile,A,A,A
H1049,10/09/2015,,A0186,A0061,Male,763,0.21,09/04/2015,08/28/2015,Juvenile,A,A,A
H1050,,,A0186,A0061,,,0.21,09/04/2015,08/28/2015,Egg,A,A,A
H1051,,,A0211,A0003,,,0.22,09/04/2015,08/28/2015,Egg,A,A,A
H1052,10/09/2015,Date of death unknown but within first week,A0223,A0044,Male,,0.19,09/04/2015,08/28/2015,Juvenile,A,A,A
H1053,10/02/2015,,A0223,A0044,Male,1,0.28,09/04/2015,08/28/2015,Juvenile,A,A,A
H1054,10/07/2015,"Not found 11/20/17 (X-rayed 10/3, Checking freezer)",A0184,A0022,Female,,0.19,09/04/2015,08/28/2015,Juvenile,A,A,A
H1055,10/06/2015,,A0212,A0048,Male,766,0.24,09/04/2015,08/28/2015,Juvenile,A,A,A
H1056,10/09/2015,,A0227,A0073,Female,763,0.2,09/04/2015,08/28/2015,Juvenile,A,A,A
H1057,10/05/2015,Missing 10/8/2015,A0241,A0009,Female,3,0.19,09/04/2015,08/28/2015,Juvenile,A,A,A
H1058,10/05/2015,Missing 10/6/2015,A0228,A0020,Female,1,0.21,09/04/2015,08/28/2015,Juvenile,A,A,A
H1059,10/04/2015,,A0238,A0004,Female,581,0.22,09/04/2015,08/28/2015,Juvenile,A,A,A
H1060,,,A0236,A0006,,,0.21,09/04/2015,08/28/2015,Egg,A,A,A
H1061,,,A0240,A0029,,,0.13,09/04/2015,08/28/2015,Egg,A,A,A
H1062,10/07/2015,,A0229,A0064,Female,765,0.21,09/04/2015,08/28/2015,Juvenile,A,A,A
H1063,10/03/2015,,A0229,A0064,Female,769,0.22,09/04/2015,08/28/2015,Juvenile,A,A,A
H1064,10/07/2015,Missing 10/10/2015,A0234,A0079,Male,3,0.24,09/04/2015,08/28/2015,Juvenile,A,A,A
H1065,10/04/2015,,A0230,A0080,Female,768,0.18,09/04/2015,08/28/2015,Juvenile,A,A,A
H1066,10/06/2015,,A0141,A0005,Male,5,0.16,09/04/2015,08/28/2015,Juvenile,A,A,A
H1067,,,A0150,A0011,,,0.24,09/04/2015,08/28/2015,Egg,A,A,A
H1068,10/05/2015,,A0133,A0027,Female,767,0.22,09/04/2015,08/28/2015,Juvenile,A,A,A
H1069,10/04/2015,,A0111,A0075,Female,768,0.25,09/04/2015,08/28/2015,Juvenile,A,A,A
H1070,10/09/2015,,A0143,A0001,Male,539,0.16,09/04/2015,08/28/2015,Juvenile,A,A,A
H1071,,,A0126,A0010,,,0.24,09/04/2015,08/28/2015,Egg,A,A,A
H1072,10/09/2015,Missing 4/8/2016,A0116,A0072,Male,182,0.16,09/04/2015,08/28/2015,Juvenile,A,A,A
H1073,10/13/2015,,A0155,A0076,Female,766,0.23,09/11/2015,09/04/2015,Juvenile,A,A,A
H1074,10/19/2015,,A0209,A0059,Male,759,0.14,09/11/2015,09/04/2015,Juvenile,A,A,A
H1075,10/13/2015,"Death caused by improper capture technique during X-raying. Body was x-rayed, with note to not measure the head.",A0223,A0044,Male,29,0.22,09/11/2015,09/04/2015,Juvenile,A,A,A
H1076,10/14/2015,,A0184,A0022,Male,765,0.22,09/11/2015,09/04/2015,Juvenile,A,A,A
H1077,10/14/2015,,A0212,A0048,Male,765,0.18,09/11/2015,09/04/2015,Juvenile,A,A,A
H1078,10/11/2015,,A0212,A0048,Male,761,0.24,09/11/2015,09/04/2015,Juvenile,A,A,A
H1079,10/13/2015,Missing 10/18/2015,A0221,A0078,Female,5,0.17,09/11/2015,09/04/2015,Juvenile,A,A,A
H1080,,,A0227,A0073,,,0.19,09/11/2015,09/04/2015,Egg,A,A,A
H1081,10/11/2015,Missing 10/15/2015,A0228,A0020,Female,4,0.21,09/11/2015,09/04/2015,Juvenile,A,A,A
H1082,10/17/2015,,A0238,A0004,Female,762,0.19,09/11/2015,09/04/2015,Juvenile,A,A,A
H1083,10/11/2015,,A0238,A0004,Male,591,0.25,09/11/2015,09/04/2015,Juvenile,A,A,A
H1084,10/14/2015,,A0242,A0007,Female,765,0.18,09/11/2015,09/04/2015,Juvenile,A,A,A
H1085,10/14/2015,"Missing 11/17, found 11/20 (? checking)",A0229,A0064,Male,,0.21,09/11/2015,09/04/2015,Juvenile,A,A,A
H1086,10/11/2015,,A0230,A0080,Male,761,0.25,09/11/2015,09/04/2015,Juvenile,A,A,A
H1087,10/16/2015,,A0234,A0079,Male,6,0.23,09/11/2015,09/04/2015,Juvenile,A,A,A
H1088,10/11/2015,Noted as missing in X-ray log 10/19/2015; Date of death unknown,A0237,A0071,Female,,0.19,09/11/2015,09/04/2015,Juvenile,A,A,A
H1089,10/13/2015,,A0231,A0062,Male,5,0.25,09/11/2015,09/04/2015,Juvenile,A,A,A
H1090,10/11/2015,,A0141,A0005,Male,576,0.21,09/11/2015,09/04/2015,Juvenile,A,A,A
H1091,,,A0150,A0011,,,0.19,09/11/2015,09/04/2015,Egg,A,A,A
H1092,10/15/2015,,A0133,A0027,Male,764,0.2,09/11/2015,09/04/2015,Juvenile,A,A,A
H1093,10/11/2015,,A0111,A0075,Male,8,0.22,09/11/2015,09/04/2015,Juvenile,A,A,A
H1094,10/15/2015,,A0111,A0075,Male,582,0.16,09/11/2015,09/04/2015,Juvenile,A,A,A
H1095,10/13/2015,,A0126,A0010,Male,766,0.18,09/11/2015,09/04/2015,Juvenile,A,A,A
H1096,10/11/2015,,A0126,A0010,Male,761,0.23,09/11/2015,09/04/2015,Juvenile,A,A,A
H1097,10/11/2015,Missing 10/18/2015,A0159,A0069,Female,7,0.19,09/11/2015,09/04/2015,Juvenile,A,A,A
H1098,10/13/2015,Missing 10/15/2015,A0254,A0018,Female,2,0.15,09/11/2015,09/04/2015,Juvenile,A,A,A
H1099,10/11/2015,Missing 10/22/2015,A0254,A0018,Female,11,0.17,09/11/2015,09/04/2015,Juvenile,A,A,A
H1100,10/13/2015,,A0208,A0074,Male,766,0.15,09/11/2015,09/04/2015,Juvenile,A,A,A
H1101,10/14/2015,,A0245,A0013,Female,765,0.16,09/11/2015,09/04/2015,Juvenile,A,A,A
H1102,10/17/2015,,A0243,A0051,Male,320,0.17,09/11/2015,09/04/2015,Juvenile,A,A,A
H1103,10/11/2015,,A0243,A0051,Female,768,0.22,09/11/2015,09/04/2015,Juvenile,A,A,A
H1104,10/16/2015,,A0251,A0047,Male,763,0.2,09/11/2015,09/04/2015,Juvenile,A,A,A
H1105,10/12/2015,,A0248,A0068,Male,767,0.23,09/11/2015,09/04/2015,Juvenile,A,A,A
H1106,10/12/2015,,A0161,A0012,Male,767,0.25,09/11/2015,09/04/2015,Juvenile,A,A,A
H1107,10/16/2015,Missing 10/16/2015,A0247,A0040,Female,0,0.15,09/11/2015,09/04/2015,Juvenile,A,A,A
H1108,10/13/2015,,A0213,A0053,Female,766,0.23,09/11/2015,09/04/2015,Juvenile,A,A,A
H1109,10/12/2015,,A0249,A0036,Female,767,0.17,09/11/2015,09/04/2015,Juvenile,A,A,A
H1110,10/12/2015,,A0215,A0038,Male,767,0.22,09/11/2015,09/04/2015,Juvenile,A,A,A
H1111,10/16/2015,,A0186,A0061,Female,763,0.19,09/11/2015,09/04/2015,Juvenile,A,A,A
H1112,10/13/2015,,A0211,A0003,Female,5,0.22,09/11/2015,09/04/2015,Juvenile,A,A,A
H1113,10/11/2015,,S0188,S0013,Male,768,0.27,09/11/2015,09/04/2015,Juvenile,S,S,S
H1114,10/11/2015,,S0178,S0079,Female,768,0.24,09/11/2015,09/04/2015,Juvenile,S,S,S
H1115,,,S0189,S0028,,,0.34,09/11/2015,09/04/2015,Egg,S,S,S
H1116,10/11/2015,,S0143,S0049,Female,768,0.29,09/11/2015,09/04/2015,Juvenile,S,S,S
H1117,10/14/2015,,S0133,S0062,Female,765,0.21,09/11/2015,09/04/2015,Juvenile,S,S,S
H1118,10/11/2015,,S0111,S0051,Female,643,0.29,09/11/2015,09/04/2015,Juvenile,S,S,S
H1119,10/11/2015,,S0168,S0054,Female,4,0.27,09/11/2015,09/04/2015,Juvenile,S,S,S
H1120,10/11/2015,,S0125,S0072,Male,768,0.24,09/11/2015,09/04/2015,Juvenile,S,S,S
H1121,10/13/2015,,S0134,S0071,Male,766,0.26,09/11/2015,09/04/2015,Juvenile,S,S,S
H1122,,,S0124,S0007,,,0.31,09/11/2015,09/04/2015,Egg,S,S,S
H1123,10/13/2015,Missing 7/1/2017,S0230,S0018,Male,627,0.24,09/11/2015,09/04/2015,Juvenile,S,S,S
H1124,,,S0176,S0043,,,0.31,09/18/2015,09/11/2015,Egg,S,S,S
H1125,,,S0202,S0002,,,0.21,09/18/2015,09/11/2015,Egg,S,S,S
H1126,10/21/2015,"Juvenile listed in health log as dead 10/22/2015, but juvenile on shelf 5/17 matches data. Check freezer.",S0125,S0072,Female,757,0.19,09/18/2015,09/11/2015,Juvenile,S,S,S
H1127,10/20/2015,,S0189,S0028,Male,565,0.25,09/18/2015,09/11/2015,Juvenile,S,S,S
H1128,10/22/2015,,S0124,S0007,Female,757,0.22,09/18/2015,09/11/2015,Juvenile,S,S,S
H1129,,,S0248,S0005,,,0.26,09/18/2015,09/11/2015,Egg,S,S,S
H1130,,,S0111,S0051,,,0.23,09/18/2015,09/11/2015,Egg,S,S,S
H1131,10/21/2015,,S0192,S0048,Male,771,0.19,09/18/2015,09/11/2015,Juvenile,S,S,S
H1132,10/23/2015,,A0248,A0068,Male,756,0.2,09/18/2015,09/11/2015,Juvenile,A,A,A
H1133,10/23/2015,,A0250,A0041,Male,4,0.2,09/18/2015,09/11/2015,Juvenile,A,A,A
H1134,10/20/2015,Missing 10/25/2015,A0253,A0055,Female,5,0.22,09/18/2015,09/11/2015,Juvenile,A,A,A
H1135,10/21/2015,"Missing 10/25/2015
",A0213,A0053,Female,4,0.2,09/18/2015,09/11/2015,Juvenile,A,A,A
H1136,10/21/2015,,A0249,A0036,Male,757,0.15,09/18/2015,09/11/2015,Juvenile,A,A,A
H1137,10/20/2015,,A0183,A0077,Male,758,0.2,09/18/2015,09/11/2015,Juvenile,A,A,A
H1138,10/17/2015,,A0183,A0077,Female,762,0.25,09/18/2015,09/11/2015,Juvenile,A,A,A
H1139,10/23/2015,Missing 10/25/2015,A0215,A0038,Male,2,0.15,09/18/2015,09/11/2015,Juvenile,A,A,A
H1140,10/19/2015,Missing 10/20/2015,A0215,A0038,Female,1,0.19,09/18/2015,09/11/2015,Juvenile,A,A,A
H1141,10/21/2015,,A0186,A0061,Male,771,0.19,09/18/2015,09/11/2015,Juvenile,A,A,A
H1142,10/23/2015,,A0211,A0003,Male,756,0.17,09/18/2015,09/11/2015,Juvenile,A,A,A
H1143,10/20/2015,,A0211,A0003,Male,675,0.22,09/18/2015,09/11/2015,Juvenile,A,A,A
H1144,10/19/2015,,A0159,A0069,Male,773,0.23,09/18/2015,09/11/2015,Juvenile,A,A,A
H1145,10/19/2015,Missing 10/26/2015,A0254,A0018,Female,7,0.13,09/18/2015,09/11/2015,Juvenile,A,A,A
H1146,10/21/2015,,A0155,A0076,Male,757,0.21,09/18/2015,09/11/2015,Juvenile,A,A,A
H1147,10/23/2015,,A0233,A0070,Male,756,0.18,09/18/2015,09/11/2015,Juvenile,A,A,A
H1148,10/23/2015,Missing 10/27/2015,A0184,A0022,Female,4,0.15,09/18/2015,09/11/2015,Juvenile,A,A,A
H1149,10/19/2015,,A0184,A0022,Female,759,0.23,09/18/2015,09/11/2015,Juvenile,A,A,A
H1150,10/23/2015,,A0228,A0020,Female,,0.15,09/18/2015,09/11/2015,Juvenile,A,A,A
H1151,10/25/2015,,A0238,A0004,Female,754,0.16,09/18/2015,09/11/2015,Juvenile,A,A,A
H1152,,,A0236,A0006,,,0.2,09/18/2015,09/11/2015,Egg,A,A,A
H1153,10/21/2015,,A0240,A0029,Male,757,0.25,09/18/2015,09/11/2015,Juvenile,A,A,A
H1154,10/18/2015,,A0230,A0080,Male,761,0.26,09/18/2015,09/11/2015,Juvenile,A,A,A
H1155,10/20/2015,Missing 10/22/2015,A0133,A0027,Female,2,0.14,09/18/2015,09/11/2015,Juvenile,A,A,A
H1156,10/20/2015,,A0111,A0075,Male,758,0.18,09/18/2015,09/11/2015,Juvenile,A,A,A
H1157,10/22/2015,,A0116,A0072,Male,757,0.2,09/18/2015,09/11/2015,Juvenile,A,A,A
H1158,10/17/2015,,A0116,A0072,Male,755,0.23,09/18/2015,09/11/2015,Juvenile,A,A,A
H1159,10/28/2015,,S0134,S0071,Male,177,0.27,09/25/2015,09/18/2015,Juvenile,S,S,S
H1160,,,S0202,S0002,,,0.23,09/25/2015,09/18/2015,Egg,S,S,S
H1161,10/28/2015,,S0124,S0007,Female,750,0.23,09/25/2015,09/18/2015,Juvenile,S,S,S
H1162,,,S0259,S0074,,,0.27,09/25/2015,09/18/2015,Egg,S,S,S
H1163,10/27/2015,,S0248,S0005,Female,4,0.24,09/25/2015,09/18/2015,Juvenile,S,S,S
H1164,10/23/2015,Missing 1/4/2016,S0176,S0043,Male,73,0.31,09/25/2015,09/18/2015,Juvenile,S,S,S
H1165,10/24/2015,,S0230,S0018,Female,755,0.29,09/25/2015,09/18/2015,Juvenile,S,S,S
H1166,10/26/2015,Not found 11/20/17,S0186,S0022,Female,,0.28,09/25/2015,09/18/2015,Juvenile,S,S,S
H1167,10/23/2015,Missing 3/10/2017,S0178,S0079,Female,504,0.35,09/25/2015,09/18/2015,Juvenile,S,S,S
H1168,10/31/2015,,S0189,S0028,Female,2,0.21,09/25/2015,09/18/2015,Juvenile,S,S,S
H1169,,,S0224,S0026,,,0.22,09/25/2015,09/18/2015,Egg,S,S,S
H1170,,,S0199,S0035,,,0.25,09/25/2015,09/18/2015,Egg,S,S,S
H1171,10/27/2015,,S0143,S0049,Female,751,0.23,09/25/2015,09/18/2015,Juvenile,S,S,S
H1172,10/25/2015,,A0159,A0069,Female,754,0.25,09/25/2015,09/18/2015,Juvenile,A,A,A
H1173,10/30/2015,,A0208,A0074,Male,748,0.14,09/25/2015,09/18/2015,Juvenile,A,A,A
H1174,10/26/2015,Missing 10/29/2015,A0245,A0013,Female,3,0.19,09/25/2015,09/18/2015,Juvenile,A,A,A
H1175,10/27/2015,,A0243,A0051,Female,501,0.2,09/25/2015,09/18/2015,Juvenile,A,A,A
H1176,11/02/2015,,A0251,A0047,Male,745,0.17,09/25/2015,09/18/2015,Juvenile,A,A,A
H1177,10/27/2015,,A0248,A0068,Female,524,0.2,09/25/2015,09/18/2015,Juvenile,A,A,A
H1178,10/28/2015,,A0250,A0041,Male,750,0.21,09/25/2015,09/18/2015,Juvenile,A,A,A
H1179,10/30/2015,,A0250,A0041,Male,299,0.21,09/25/2015,09/18/2015,Juvenile,A,A,A
H1180,10/29/2015,,A0161,A0012,Female,749,0.14,09/25/2015,09/18/2015,Juvenile,A,A,A
H1181,10/28/2015,,A0253,A0055,Female,750,0.19,09/25/2015,09/18/2015,Juvenile,A,A,A
H1182,10/28/2015,Missing 10/31/2015,A0213,A0053,Male,3,0.14,09/25/2015,09/18/2015,Juvenile,A,A,A
H1183,10/28/2015,Missing 10/31/2015,A0183,A0077,Female,3,0.17,09/25/2015,09/18/2015,Juvenile,A,A,A
H1184,10/28/2015,,A0215,A0038,Male,750,0.16,09/25/2015,09/18/2015,Juvenile,A,A,A
H1185,10/27/2015,,A0186,A0061,Female,558,0.2,09/25/2015,09/18/2015,Juvenile,A,A,A
H1186,10/28/2015,,A0211,A0003,Female,568,0.22,09/25/2015,09/18/2015,Juvenile,A,A,A
H1187,,,A0155,A0076,,,0.21,09/25/2015,09/18/2015,Egg,A,A,A
H1188,10/27/2015,Missing 11/5/2015,A0223,A0044,Female,9,0.21,09/25/2015,09/18/2015,Juvenile,A,A,A
H1189,10/30/2015,Missing 11/2/2015,A0184,A0022,Female,3,0.2,09/25/2015,09/18/2015,Juvenile,A,A,A
H1190,10/28/2015,Missing 10/31/2015,A0212,A0048,Female,3,0.16,09/25/2015,09/18/2015,Juvenile,A,A,A
H1191,10/25/2015,,A0212,A0048,Male,754,0.21,09/25/2015,09/18/2015,Juvenile,A,A,A
H1192,10/29/2015,,A0228,A0020,Male,749,0.15,09/25/2015,09/18/2015,Juvenile,A,A,A
H1193,10/25/2015,Missing 10/29/2015,A0236,A0006,Female,4,0.2,09/25/2015,09/18/2015,Juvenile,A,A,A
H1194,10/27/2015,,A0232,A0066,Male,751,0.17,09/25/2015,09/18/2015,Juvenile,A,A,A
H1195,10/26/2015,,A0240,A0029,Female,559,0.21,09/25/2015,09/18/2015,Juvenile,A,A,A
H1196,10/28/2015,,A0233,A0070,Female,1,0.16,09/25/2015,09/18/2015,Juvenile,A,A,A
H1197,10/27/2015,Missing 11/1/2015,A0229,A0064,Female,5,0.16,09/25/2015,09/18/2015,Juvenile,A,A,A
H1198,10/27/2015,Missing 10/31/2015,A0230,A0080,Male,4,0.18,09/25/2015,09/18/2015,Juvenile,A,A,A
H1199,10/28/2015,,A0150,A0011,Male,750,0.17,09/25/2015,09/18/2015,Juvenile,A,A,A
H1200,10/27/2015,,A0111,A0075,Male,751,0.17,09/25/2015,09/18/2015,Juvenile,A,A,A
H1201,10/26/2015,,A0116,A0072,Female,752,0.21,09/25/2015,09/18/2015,Juvenile,A,A,A
H1202,11/04/2015,Missing 2/8/2017,S0188,S0013,Male,462,0.19,10/02/2015,09/25/2015,Juvenile,S,S,S
H1203,11/01/2015,,S0125,S0072,Female,4,0.28,10/02/2015,09/25/2015,Juvenile,S,S,S
H1204,,,S0229,S0012,,,0.27,10/02/2015,09/25/2015,Egg,S,S,S
H1205,11/03/2015,,S0235,S0023,Female,8,0.26,10/02/2015,09/25/2015,Juvenile,S,S,S
H1206,11/01/2015,,S0141,S0078,Male,746,0.33,10/02/2015,09/25/2015,Juvenile,S,S,S
H1207,10/23/2015,,P0004,,Female,756,0.3,10/02/2015,09/25/2015,Juvenile,P,,P
H1208,10/27/2015,,P0002,,Female,751,0.21,10/02/2015,09/25/2015,Juvenile,P,,P
H1209,10/25/2015,,V0008,,Male,754,0.27,10/02/2015,09/25/2015,Juvenile,V,,V
H1210,10/25/2015,,P0002,,Female,753,0.18,10/02/2015,09/25/2015,Juvenile,P,,P
H1211,10/23/2015,Missing 10/25/2015,P0011,,Male,2,0.31,10/02/2015,09/25/2015,Juvenile,P,,P
H1212,10/27/2015,,P0007,,Male,519,0.28,10/02/2015,09/25/2015,Juvenile,P,,P
H1213,10/30/2015,,P0012,,Male,748,0.19,10/02/2015,09/25/2015,Juvenile,P,,P
H1214,10/30/2015,Not found 11/20/17,P0007,,Female,,0.17,10/02/2015,09/25/2015,Juvenile,P,,P
H1215,10/25/2015,,P0012,,Male,753,0.27,10/02/2015,09/25/2015,Juvenile,P,,P
H1216,10/23/2015,,P0007,,Female,512,0.25,10/02/2015,09/25/2015,Juvenile,P,,P
H1217,10/30/2015,,P0014,,Male,13,0.19,10/02/2015,09/25/2015,Juvenile,P,,P
H1218,10/28/2015,Missing 10/29/2015,P0006,,Female,1,0.13,10/02/2015,09/25/2015,Juvenile,P,,P
H1219,10/25/2015,,V0005,,Male,753,0.28,10/02/2015,09/25/2015,Juvenile,V,,V
H1220,11/01/2015,,A0159,A0069,Male,746,0.19,10/02/2015,09/25/2015,Juvenile,A,A,A
H1221,11/01/2015,,A0245,A0013,Male,1010,0.18,10/02/2015,09/25/2015,Juvenile,A,A,A
H1222,11/04/2015,,A0243,A0051,Male,18,0.19,10/02/2015,09/25/2015,Juvenile,A,A,A
H1223,11/04/2015,,A0248,A0068,Male,648,0.22,10/02/2015,09/25/2015,Juvenile,A,A,A
H1224,11/05/2015,,A0250,A0041,Male,736,0.2,10/02/2015,09/25/2015,Juvenile,A,A,A
H1225,11/04/2015,,A0213,A0053,Male,757,0.15,10/02/2015,09/25/2015,Juvenile,A,A,A
H1226,11/06/2015,Not found 11/20/17 (May be mislabeled cage),A0186,A0061,Male,,0.18,10/02/2015,09/25/2015,Juvenile,A,A,A
H1227,11/04/2015,,A0211,A0003,Female,550,0.18,10/02/2015,09/25/2015,Juvenile,A,A,A
H1228,11/04/2015,Not found 11/20/17 (May be mislabeled cage),A0226,A0023,Male,,0.18,10/02/2015,09/25/2015,Juvenile,A,A,A
H1229,11/04/2015,,A0238,A0004,Male,743,0.17,10/02/2015,09/25/2015,Juvenile,A,A,A
H1230,,,A0225,A0056,,,0.19,10/02/2015,09/25/2015,Egg,A,A,A
H1231,11/01/2015,,A0240,A0029,Male,746,0.21,10/02/2015,09/25/2015,Juvenile,A,A,A
H1232,,,A0230,A0080,,,0.18,10/02/2015,09/25/2015,Egg,A,A,A
H1233,11/06/2015,,A0237,A0071,Male,733,0.19,10/02/2015,09/25/2015,Juvenile,A,A,A
H1234,11/01/2015,,A0141,A0005,Male,746,0.25,10/02/2015,09/25/2015,Juvenile,A,A,A
H1235,11/05/2015,,A0150,A0011,Male,736,0.17,10/02/2015,09/25/2015,Juvenile,A,A,A
H1236,11/02/2015,Missing 11/7/2015,A0111,A0075,Male,5,0.15,10/02/2015,09/25/2015,Juvenile,A,A,A
H1237,11/05/2015,Found dead in incubator shortly after hatching.,V0004,,Female,0,0.22,10/12/2015,10/02/2015,Juvenile,V,,V
H1238,11/07/2015,,P0002,,Male,740,0.17,10/12/2015,10/02/2015,Juvenile,P,,P
H1239,11/02/2015,Missing 9/29/2017,P0001,,Male,697,0.28,10/12/2015,10/02/2015,Juvenile,P,,P
H1240,11/05/2015,,V0003,,Female,560,0.18,10/12/2015,10/02/2015,Juvenile,V,,V
H1241,,,S0134,S0071,,,0.25,10/12/2015,10/02/2015,Egg,S,S,S
H1242,11/10/2015,,S0259,S0074,Male,731,0.32,10/12/2015,10/02/2015,Juvenile,S,S,S
H1243,,,S0176,S0043,,,0.21,10/12/2015,10/02/2015,Egg,S,S,S
H1244,,,S0157,S0016,,,0.18,10/12/2015,10/02/2015,Egg,S,S,S
H1245,11/08/2015,,S0178,S0079,Male,733,0.32,10/12/2015,10/02/2015,Juvenile,S,S,S
H1246,11/11/2015,,S0116,S0075,Female,730,0.25,10/12/2015,10/02/2015,Juvenile,S,S,S
H1247,11/07/2015,,S0199,S0035,Male,734,0.32,10/12/2015,10/02/2015,Juvenile,S,S,S
H1248,11/09/2015,,S0133,S0062,Male,8,0.32,10/12/2015,10/02/2015,Juvenile,S,S,S
H1249,11/09/2015,,A0159,A0069,Female,629,0.21,10/12/2015,10/02/2015,Juvenile,A,A,A
H1250,11/15/2015,Missing 2/25/2017,A0254,A0018,Male,468,0.14,10/12/2015,10/02/2015,Juvenile,A,A,A
H1251,11/12/2015,Missing 11/21/2015,A0243,A0051,Female,9,0.15,10/12/2015,10/02/2015,Juvenile,A,A,A
H1252,11/15/2015,,A0251,A0047,Female,733,0.19,10/12/2015,10/02/2015,Juvenile,A,A,A
H1253,11/10/2015,Missing 11/15/2015,A0244,A0046,Male,5,0.21,10/12/2015,10/02/2015,Juvenile,A,A,A
H1254,11/15/2015,,A0248,A0068,Female,732,0.17,10/12/2015,10/02/2015,Juvenile,A,A,A
H1255,11/11/2015,,A0250,A0041,Female,4,0.19,10/12/2015,10/02/2015,Juvenile,A,A,A
H1256,,,A0250,A0041,,,0.16,10/12/2015,10/02/2015,Egg,A,A,A
H1257,11/10/2015,,A0161,A0012,Male,6,0.2,10/12/2015,10/02/2015,Juvenile,A,A,A
H1258,11/10/2015,,A0253,A0055,Female,552,0.26,10/12/2015,10/02/2015,Juvenile,A,A,A
H1259,11/13/2015,Missing 11/16/2015,A0213,A0053,Male,3,0.16,10/12/2015,10/02/2015,Juvenile,A,A,A
H1260,11/10/2015,,A0249,A0036,Male,731,0.2,10/12/2015,10/02/2015,Juvenile,A,A,A
H1261,11/10/2015,,A0215,A0038,Male,10,0.23,10/12/2015,10/02/2015,Juvenile,A,A,A
H1262,11/11/2015,,A0215,A0038,Male,1,0.18,10/12/2015,10/02/2015,Juvenile,A,A,A
H1263,11/10/2015,Died in incubator shortly after hatching. Was not weighed.,A0211,A0003,Male,0,0.16,10/12/2015,10/02/2015,Juvenile,A,A,A
H1264,,,A0211,A0003,,,0.15,10/12/2015,10/02/2015,Egg,A,A,A
H1265,11/11/2015,,A0184,A0022,Female,730,0.21,10/12/2015,10/02/2015,Juvenile,A,A,A
H1266,11/16/2015,,A0155,A0076,Male,3,0.21,10/12/2015,10/02/2015,Juvenile,A,A,A
H1267,11/10/2015,,A0155,A0076,Female,4,0.3,10/12/2015,10/02/2015,Juvenile,A,A,A
H1268,,,A0223,A0044,,,0.18,10/12/2015,10/02/2015,Egg,A,A,A
H1269,,,A0223,A0044,,,0.24,10/12/2015,10/02/2015,Egg,A,A,A
H1270,11/09/2015,Missing 11/12/2015,A0212,A0048,Female,3,0.22,10/12/2015,10/02/2015,Juvenile,A,A,A
H1271,11/12/2015,,A0212,A0048,Male,3,0.18,10/12/2015,10/02/2015,Juvenile,A,A,A
H1272,11/15/2015,,A0226,A0023,Female,3,0.17,10/12/2015,10/02/2015,Juvenile,A,A,A
H1273,11/11/2015,,A0228,A0020,Male,1,0.16,10/12/2015,10/02/2015,Juvenile,A,A,A
H1274,11/10/2015,Missing 11/12/2015,A0228,A0020,Female,2,0.23,10/12/2015,10/02/2015,Juvenile,A,A,A
H1275,11/12/2015,,A0238,A0004,Male,735,0.18,10/12/2015,10/02/2015,Juvenile,A,A,A
H1276,11/13/2015,,A0236,A0006,Male,734,0.13,10/12/2015,10/02/2015,Juvenile,A,A,A
H1277,11/12/2015,,A0240,A0029,Male,4,0.18,10/12/2015,10/02/2015,Juvenile,A,A,A
H1278,11/10/2015,,A0240,A0029,Female,5,0.22,10/12/2015,10/02/2015,Juvenile,A,A,A
H1279,11/12/2015,,A0233,A0070,Male,0,0.17,10/12/2015,10/02/2015,Juvenile,A,A,A
H1280,11/09/2015,,A0233,A0070,Female,732,0.21,10/12/2015,10/02/2015,Juvenile,A,A,A
H1281,11/13/2015,,A0234,A0079,Male,734,0.21,10/12/2015,10/02/2015,Juvenile,A,A,A
H1282,11/14/2015,,A0237,A0071,Female,1,0.16,10/12/2015,10/02/2015,Juvenile,A,A,A
H1283,,,A0107,A0002,,,0.19,10/12/2015,10/02/2015,Egg,A,A,A
H1284,11/13/2015,,A0150,A0011,Female,2,0.17,10/12/2015,10/02/2015,Juvenile,A,A,A
H1285,11/06/2015,Missing 11/8/2015,A0133,A0027,Female,2,0.2,10/12/2015,10/02/2015,Juvenile,A,A,A
H1286,11/15/2015,Missing 11/19/2015,A0111,A0075,Male,4,0.15,10/12/2015,10/02/2015,Juvenile,A,A,A
H1287,11/09/2015,,A0116,A0072,Female,732,0.22,10/12/2015,10/02/2015,Juvenile,A,A,A
H1288,11/11/2015,Missing 11/14/2015,A0116,A0072,Female,3,0.21,10/12/2015,10/02/2015,Juvenile,A,A,A
H1289,,,A0209,A0059,,,0.19,10/22/2015,10/12/2015,Egg,A,A,A
H1290,,,A0209,A0059,,,0.14,10/22/2015,10/12/2015,Egg,A,A,A
H1291,11/22/2015,,A0184,A0022,Male,739,0.24,10/22/2015,10/12/2015,Juvenile,A,A,A
H1292,11/22/2015,,A0221,A0078,Female,739,0.18,10/22/2015,10/12/2015,Juvenile,A,A,A
H1293,11/19/2015,,A0227,A0073,Female,742,0.26,10/22/2015,10/12/2015,Juvenile,A,A,A
H1294,11/19/2015,,A0212,A0048,Female,2,0.24,10/22/2015,10/12/2015,Juvenile,A,A,A
H1295,,,A0228,A0020,,,0.18,10/22/2015,10/12/2015,Egg,A,A,A
H1296,11/20/2015,,A0225,A0056,Female,1,0.28,10/22/2015,10/12/2015,Juvenile,A,A,A
H1297,11/21/2015,,A0240,A0029,Male,1,0.19,10/22/2015,10/12/2015,Juvenile,A,A,A
H1298,11/19/2015,,A0230,A0080,Male,2,0.26,10/22/2015,10/12/2015,Juvenile,A,A,A
H1299,11/25/2015,,A0234,A0079,Male,736,0.25,10/22/2015,10/12/2015,Juvenile,A,A,A
H1300,11/19/2015,,A0150,A0011,Female,2,0.19,10/22/2015,10/12/2015,Juvenile,A,A,A
H1301,11/20/2015,,A0133,A0027,Male,563,0.21,10/22/2015,10/12/2015,Juvenile,A,A,A
H1302,11/22/2015,,A0116,A0072,Female,739,0.21,10/22/2015,10/12/2015,Juvenile,A,A,A
H1303,11/20/2015,,A0254,A0018,Male,1,0.15,10/22/2015,10/12/2015,Juvenile,A,A,A
H1304,11/19/2015,,A0208,A0074,Male,742,0.28,10/22/2015,10/12/2015,Juvenile,A,A,A
H1305,11/20/2015,,A0243,A0051,Female,2,0.17,10/22/2015,10/12/2015,Juvenile,A,A,A
H1306,11/22/2015,Missing 11/27/2015,A0250,A0041,Male,5,0.2,10/22/2015,10/12/2015,Juvenile,A,A,A
H1307,11/22/2015,,A0161,A0012,Male,1,0.23,10/22/2015,10/12/2015,Juvenile,A,A,A
H1308,,,A0253,A0055,,,0.25,10/22/2015,10/12/2015,Egg,A,A,A
H1309,11/25/2015,"Dead on Hatch. Could not accurately mass, due to dessication.",A0249,A0036,Female,0,0.19,10/22/2015,10/12/2015,Juvenile,A,A,A
H1310,11/24/2015,"Dead on Hatch. Could not accurately mass, due to dessication.",A0215,A0038,Female,0,0.15,10/22/2015,10/12/2015,Juvenile,A,A,A
H1311,,,A0215,A0038,,,0.18,10/22/2015,10/12/2015,Egg,A,A,A
H1312,11/18/2015,,A0186,A0061,Female,6,0.18,10/22/2015,10/12/2015,Juvenile,A,A,A
H1313,11/20/2015,,A0186,A0061,Female,7,0.17,10/22/2015,10/12/2015,Juvenile,A,A,A
H1314,,,A0211,A0003,,,0.16,10/22/2015,10/12/2015,Egg,A,A,A
H1315,12/06/2015,"Was H1345 as an egg, hatched but died pre-X-ray. Check X-ray log to confirm.",S0141,S0078,Female,8,0.34,11/06/2015,10/30/2015,Juvenile,S,S,S
H1316,11/24/2015,,S0143,S0049,Male,1,0.25,10/22/2015,10/12/2015,Juvenile,S,S,S
H1317,,,S0143,S0049,,,0.31,10/22/2015,10/12/2015,Egg,S,S,S
H1318,11/18/2015,,S0141,S0078,Male,3,0.41,10/22/2015,10/12/2015,Juvenile,S,S,S
H1319,,,S0235,S0023,,,0.26,10/22/2015,10/12/2015,Egg,S,S,S
H1320,11/12/2015,Missing 11/15/2015,P0006,,Male,3,0.18,10/22/2015,10/12/2015,Juvenile,P,,P
H1321,11/15/2015,,P0004,,Female,732,0.17,10/22/2015,10/12/2015,Juvenile,P,,P
H1322,11/16/2015,,P0007,,Male,488,0.22,10/22/2015,10/12/2015,Juvenile,P,,P
H1323,11/16/2015,Missing 1/23/2016,P0002,,Male,68,0.2,10/22/2015,10/12/2015,Juvenile,P,,P
H1324,11/26/2015,,S0124,S0007,Female,9,0.33,10/30/2015,10/22/2015,Juvenile,S,S,S
H1325,11/20/2015,,S0176,S0043,Female,4,0.33,10/30/2015,10/22/2015,Juvenile,S,S,S
H1326,11/20/2015,Missing 1/25/2016,S0230,S0018,Male,66,0.38,10/30/2015,10/22/2015,Juvenile,S,S,S
H1327,11/27/2015,,S0199,S0035,Female,2,0.27,10/30/2015,10/22/2015,Juvenile,S,S,S
H1328,,,A0230,A0080,,,0.21,10/30/2015,10/22/2015,Egg,A,A,A
H1329,,,A0107,A0002,,,0.24,10/30/2015,10/22/2015,Egg,A,A,A
H1330,11/27/2015,,A0233,A0070,Female,1,0.2,10/30/2015,10/22/2015,Juvenile,A,A,A
H1331,11/28/2015,,A0237,A0071,Female,1,0.25,10/30/2015,10/22/2015,Juvenile,A,A,A
H1332,11/30/2015,Missing 12/2/2015,A0236,A0006,Male,2,0.14,10/30/2015,10/22/2015,Juvenile,A,A,A
H1333,11/29/2015,,A0155,A0076,Male,2,0.21,10/30/2015,10/22/2015,Juvenile,A,A,A
H1334,,,A0223,A0044,,,0.18,10/30/2015,10/22/2015,Egg,A,A,A
H1335,11/29/2015,,A0212,A0048,Female,6,0.21,10/30/2015,10/22/2015,Juvenile,A,A,A
H1336,11/29/2015,,A0250,A0041,Male,0,0.14,10/30/2015,10/22/2015,Juvenile,A,A,A
H1337,11/29/2015,,A0213,A0053,Male,2,0.21,10/30/2015,10/22/2015,Juvenile,A,A,A
H1338,11/27/2015,,A0161,A0012,Male,1,0.17,10/30/2015,10/22/2015,Juvenile,A,A,A
H1339,11/27/2015,,A0245,A0013,Male,1,0.22,10/30/2015,10/22/2015,Juvenile,A,A,A
H1340,11/26/2015,,A0159,A0069,Female,,0.21,10/30/2015,10/22/2015,Juvenile,A,A,A
H1341,,,S0216,S0019,,,0.22,11/06/2015,10/30/2015,Egg,S,S,S
H1342,,,S0229,S0012,,,0.28,11/06/2015,10/30/2015,Egg,S,S,S
H1343,,,S0178,S0079,,,0.29,11/06/2015,10/30/2015,Egg,S,S,S
H1344,12/10/2015,,S0143,S0049,Male,8,0.22,11/06/2015,10/30/2015,Juvenile,S,S,S
H1345,11/20/2015,"Was H1315 as an egg, but incorrectly changed to H1345 as a hatchling. Hatchling weight illegible on data sheet",S0199,S0035,Male,741,0.31,10/22/2015,10/12/2015,Juvenile,S,S,S
H1346,11/27/2015,,P0008,,Male,497,0.25,11/06/2015,10/30/2015,Juvenile,P,,P
H1347,12/01/2015,,P0004,,Male,716,0.22,11/06/2015,10/30/2015,Juvenile,P,,P
H1348,11/24/2015,"Found 5/5/17 (Not 100% sure of ID), sacrificed 3/8/2018",V0005,,Female,835,0.3,11/06/2015,10/30/2015,Juvenile,V,,V
H1349,11/24/2015,,P0002,,Male,723,0.26,11/06/2015,10/30/2015,Juvenile,P,,P
H1350,,,A0233,A0070,,,0.17,11/06/2015,10/30/2015,Egg,A,A,A
H1351,12/04/2015,,A0234,A0079,Female,784,0.28,11/06/2015,10/30/2015,Juvenile,A,A,A
H1352,12/06/2015,,A0116,A0072,Female,0,0.2,11/06/2015,10/30/2015,Juvenile,A,A,A
H1353,,,A0209,A0059,,,0.14,11/06/2015,10/30/2015,Egg,A,A,A
H1354,12/06/2015,,A0226,A0023,Female,733,0.31,11/06/2015,10/30/2015,Juvenile,A,A,A
H1355,12/09/2015,,A0240,A0029,Male,3,0.2,11/06/2015,10/30/2015,Juvenile,A,A,A
H1356,12/08/2015,,A0212,A0048,Female,731,0.19,11/06/2015,10/30/2015,Juvenile,A,A,A
H1357,12/09/2015,Missing 12/10/2015,A0249,A0036,Female,1,0.2,11/06/2015,10/30/2015,Juvenile,A,A,A
H1358,12/10/2015,,A0225,A0056,Male,2,0.23,11/06/2015,10/30/2015,Juvenile,A,A,A
H1359,,,A0208,A0074,,,0.23,11/06/2015,10/30/2015,Egg,A,A,A
H1360,,,A0251,A0047,,,0.21,11/06/2015,10/30/2015,Egg,A,A,A
H1361,,,A0107,A0002,,,0.21,11/13/2015,11/06/2015,Egg,A,A,A
H1362,12/15/2015,,A0246,A0060,Male,479,0.22,11/13/2015,11/06/2015,Juvenile,A,A,A
H1363,12/11/2015,,A0133,A0027,Female,1,0.2,11/13/2015,11/06/2015,Juvenile,A,A,A
H1364,12/12/2015,,A0251,A0047,Male,1,0.25,11/13/2015,11/06/2015,Juvenile,A,A,A
H1365,,,A0211,A0003,,,0.23,11/13/2015,11/06/2015,Egg,A,A,A
H1366,12/15/2015,,A0213,A0053,Male,0,0.18,11/13/2015,11/06/2015,Juvenile,A,A,A
H1367,12/11/2015,,A0161,A0012,Male,1,0.25,11/13/2015,11/06/2015,Juvenile,A,A,A
H1368,12/07/2015,,P0014,,Female,534,0.28,11/13/2015,11/06/2015,Juvenile,P,,P
H1369,12/10/2015,,P0008,,Male,707,0.26,11/13/2015,11/06/2015,Juvenile,P,,P
H1370,,,S0248,S0005,,,0.17,11/13/2015,11/06/2015,Egg,S,S,S
H1371,,,S0225,S0003,,,0.27,11/13/2015,11/06/2015,Egg,S,S,S
H1372,12/13/2015,,P0002,,Male,704,0.22,11/20/2015,11/13/2015,Juvenile,P,,P
H1373,,,S0199,S0035,,,0.26,11/20/2015,11/13/2015,Egg,S,S,S
H1374,,,S0141,S0078,,,0.27,11/20/2015,11/13/2015,Egg,S,S,S
H1375,12/21/2015,,A0237,A0071,Male,574,0.2,11/20/2015,11/13/2015,Juvenile,A,A,A
H1376,,,A0215,A0038,,,0.25,11/20/2015,11/13/2015,Egg,A,A,A
H1377,12/19/2015,,A0245,A0013,Female,1,0.2,11/20/2015,11/13/2015,Juvenile,A,A,A
H1378,12/22/2015,,A0183,A0077,Female,766,0.2,11/20/2015,11/13/2015,Juvenile,A,A,A
H1379,12/28/2015,,P0014,,Male,689,0.18,12/04/2015,11/20/2015,Juvenile,P,,P
H1380,,,S0178,S0079,,,0.28,12/04/2015,11/20/2015,Egg,S,S,S
H1381,12/28/2015,,S0143,S0049,Female,760,0.32,12/04/2015,11/20/2015,Juvenile,S,S,S
H1382,,,S0141,S0078,,,0.16,12/04/2015,11/20/2015,Egg,S,S,S
H1383,12/29/2015,,A0246,A0060,Male,759,0.26,12/04/2015,11/20/2015,Juvenile,A,A,A
H1384,12/31/2015,,A0212,A0048,Male,757,0.3,12/04/2015,11/20/2015,Juvenile,A,A,A
H1385,12/27/2015,,A0251,A0047,Male,1,0.3,12/04/2015,11/20/2015,Juvenile,A,A,A
H1386,,,S0229,S0012,,,0.2,12/11/2015,12/04/2015,Egg,S,S,S
H1387,,,S0143,S0049,,,0.19,12/11/2015,12/04/2015,Egg,S,S,S
H1388,01/11/2016,,A0242,A0007,Female,2,0.19,12/11/2015,12/04/2015,Juvenile,A,A,A
H1389,01/11/2016,,A0213,A0053,Female,0,0.18,12/11/2015,12/04/2015,Juvenile,A,A,A
H1390,01/22/2016,,V0009,,Male,664,0.19,12/25/2015,12/11/2015,Juvenile,V,,V
H1391,01/13/2016,,P0007,,Female,673,0.33,12/25/2015,12/11/2015,Juvenile,P,,P
H1392,01/12/2016,,V0008,,Male,10,0.28,12/25/2015,12/11/2015,Juvenile,V,,V
H1393,01/27/2016,,A0116,A0072,Male,697,0.19,12/25/2015,12/11/2015,Juvenile,A,A,A
H1394,01/19/2016,,A0116,A0072,Female,4,0.25,12/25/2015,12/11/2015,Juvenile,A,A,A
H1395,,,A0155,A0076,,,0.28,12/25/2015,12/11/2015,Egg,A,A,A
H1396,,,A0250,A0041,,,0.22,12/25/2015,12/11/2015,Egg,A,A,A
H1397,01/26/2016,,A0213,A0053,Female,772,0.2,12/25/2015,12/11/2015,Juvenile,A,A,A
H1398,01/28/2016,,V0008,,Male,658,0.35,01/12/2016,12/25/2015,Juvenile,V,,V
H1399,,,A0116,A0072,,,0.17,01/12/2016,12/25/2015,Egg,A,A,A
H1400,,,A0209,A0059,,,0.25,01/12/2016,12/25/2015,Egg,A,A,A
H1401,02/07/2016,,A0213,A0053,Male,421,0.3,01/12/2016,12/25/2015,Juvenile,A,A,A
H1402,02/08/2016,,A0215,A0038,Female,759,0.27,01/12/2016,12/25/2015,Juvenile,A,A,A
H1403,02/12/2016,,A0251,A0047,Female,3,0.18,01/12/2016,12/25/2015,Juvenile,A,A,A
H1404,,,A0251,A0047,,,0.24,01/12/2016,12/25/2015,Egg,A,A,A
H1405,02/02/2016,,A0249,A0036,Female,675,0.29,01/12/2016,12/25/2015,Juvenile,A,A,A
H1406,,,S0215,S0080,,,0.21,01/12/2016,12/25/2015,Egg,S,S,S
H1407,12/10/2015,,P0008,,Female,707,0.26,11/13/2015,11/06/2015,Juvenile,P,,P
H1408,02/22/2016,,A0236,A0006,Male,3,0.27,01/27/2016,01/12/2016,Juvenile,A,A,A
H1409,,,A0133,A0027,,,0.18,01/27/2016,01/12/2016,Egg,A,A,A
H1410,03/02/2016,,A0155,A0076,Female,806,0.17,01/27/2016,01/12/2016,Juvenile,A,A,A
H1411,,,A0215,A0038,,,0.22,01/27/2016,01/12/2016,Egg,A,A,A
H1412,02/29/2016,,A0215,A0038,Male,11,0.15,01/27/2016,01/12/2016,Juvenile,A,A,A
H1413,,,A0213,A0053,,,0.17,01/27/2016,01/12/2016,Egg,A,A,A
H1414,,,S0168,S0054,,,0.28,02/05/2016,01/27/2016,Egg,S,S,S
H1415,,,A0236,A0006,,,0.24,02/05/2016,01/27/2016,Egg,A,A,A
H1416,03/05/2016,,A0116,A0072,Male,803,0.18,02/05/2016,01/27/2016,Juvenile,A,A,A
H1417,,,A0211,A0003,,,0.16,02/05/2016,01/27/2016,Egg,A,A,A
H1418,03/10/2016,,A0213,A0053,Male,798,0.2,02/05/2016,01/27/2016,Juvenile,A,A,A
H1419,,,S0143,S0049,,,0.16,02/10/2016,02/05/2016,Egg,S,S,S
H1420,03/18/2016,,A0230,A0080,Male,5,0.21,02/11/2016,02/05/2016,Juvenile,A,A,A
H1421,03/15/2016,,A0133,A0027,Male,875,0.19,02/11/2016,02/05/2016,Juvenile,A,A,A
H1422,03/25/2016,,A0230,A0080,Male,2,0.2,02/19/2016,02/11/2016,Juvenile,A,A,A
H1423,03/23/2016,,A0184,A0022,Female,6,0.21,02/19/2016,02/11/2016,Juvenile,A,A,A
H1424,,,A0249,A0036,,,0.24,02/19/2016,02/11/2016,Egg,A,A,A
H1425,,,A0211,A0003,,,0.2,02/19/2016,02/11/2016,Egg,A,A,A
H1426,04/02/2016,,A0240,A0029,Male,775,0.17,02/26/2016,02/19/2016,Juvenile,A,A,A
H1427,,,A0251,A0047,,,0.24,02/26/2016,02/19/2016,Egg,A,A,A
H1428,03/28/2016,,A0249,A0036,Female,1,0.24,02/26/2016,02/19/2016,Juvenile,A,A,A
H1429,04/10/2016,,A0240,A0029,Male,767,0.21,03/07/2016,02/26/2016,Juvenile,A,A,A
H1430,04/12/2016,,A0184,A0022,Male,12,0.18,03/07/2016,02/26/2016,Juvenile,A,A,A
H1431,,,A0243,A0051,,,0.24,03/07/2016,02/26/2016,Egg,A,A,A
H1432,,,A0254,A0018,,,0.15,03/07/2016,02/26/2016,Egg,A,A,A
H1433,,,S0195,S0006,,,0.36,03/25/2016,03/07/2016,Egg,S,S,S
H1434,04/29/2016,MISSING ,S0181,S0016,Male,,0.2,03/25/2016,03/07/2016,Juvenile,S,S,S
H1435,04/22/2016,"Missing 4/14/2017, found",S0181,S0016,Female,573,0.3,03/25/2016,03/07/2016,Juvenile,S,S,S
H1436,04/23/2016,,S0132,S0060,Female,5,0.3,03/25/2016,03/07/2016,Juvenile,S,S,S
H1437,,,A0176,A0069,,,0.22,03/25/2016,03/07/2016,Egg,A,A,A
H1438,04/29/2016,,S0102,S0035,Female,748,0.22,03/25/2016,03/07/2016,Juvenile,S,S,S
H1439,04/28/2016,DEAD WR (Marked as dead 4/26/18 - second lizard with same ID sacrificed 5/17/18. Can?t resolve),S0191,S0061,Male,749,0.2,03/25/2016,03/07/2016,Juvenile,S,S,S
H1440,,,S0231,S0046,,,0.24,03/25/2016,03/07/2016,Egg,S,S,S
H1441,04/26/2016,Missing 4/27/2016,S0175,S0022,Male,1,0.26,03/25/2016,03/07/2016,Juvenile,S,S,S
H1442,,,A0113,A0011,,,0.18,03/25/2016,03/07/2016,Egg,A,A,A
H1443,04/29/2016,,A0121,A0055,Female,6,0.15,03/25/2016,03/07/2016,Juvenile,A,A,A
H1444,04/29/2016,Weight seems abnormally high..,A0135,A0029,Male,10,0.21,03/26/2016,03/07/2016,Juvenile,A,A,A
H1445,,,A0118,A0002,,,0.14,03/26/2016,03/07/2016,Egg,A,A,A
H1446,,,A0201,A0060,,,0.15,03/26/2016,03/07/2016,Egg,A,A,A
H1447,04/25/2016,,A0140,A0036,Female,11,0.22,03/26/2016,03/07/2016,Juvenile,A,A,A
H1448,,,S0238,S0072,,,0.25,03/26/2016,03/07/2016,Egg,S,S,S
H1449,04/22/2016,Died shortly after hatching.,S0238,S0072,Female,0,0.29,03/26/2016,03/07/2016,Juvenile,S,S,S
H1450,,,S0108,S0076,,,0.19,03/26/2016,03/07/2016,Egg,S,S,S
H1451,04/24/2016,Died shortly after hatching. Unable to determine sex.,S0108,S0076,NA,0,0.36,03/26/2016,03/07/2016,Juvenile,S,S,S
H1452,,,A0234,A0079,,,0.22,03/26/2016,03/07/2016,Egg,A,A,A
H1453,,,V0004,,,,0.19,03/26/2016,03/07/2016,Egg,V,,V
H1454,05/06/2016,,S0121,S0071,Female,4,0.26,04/07/2016,03/26/2016,Juvenile,S,S,S
H1455,05/09/2016,,S0117,S0045,Female,1,0.25,04/07/2016,03/26/2016,Juvenile,S,S,S
H1456,05/09/2016,,S0207,S0052,Male,738,0.28,04/07/2016,03/26/2016,Juvenile,S,S,S
H1457,05/04/2016,,S0195,S0006,Female,5,0.28,04/07/2016,03/26/2016,Juvenile,S,S,S
H1458,05/09/2016,,S0195,S0006,Female,4,0.26,04/07/2016,03/26/2016,Juvenile,S,S,S
H1459,05/03/2016,Missing 8/25/2016,S0221,S0026,Female,114,0.32,04/07/2016,03/26/2016,Juvenile,S,S,S
H1460,,,S0191,S0061,,,0.21,04/07/2016,03/26/2016,Egg,S,S,S
H1461,,,A0176,A0069,,,0.2,04/07/2016,03/26/2016,Egg,A,A,A
H1462,,,A0176,A0069,,,0.3,04/07/2016,03/26/2016,Egg,A,A,A
H1463,05/04/2016,,S0118,S0028,Female,574,0.33,04/07/2016,03/26/2016,Juvenile,S,S,S
H1464,,,S0102,S0035,,,0.29,04/07/2016,03/26/2016,Egg,S,S,S
H1465,05/06/2016,,A0119,A0051,Female,741,0.23,04/07/2016,03/26/2016,Juvenile,A,A,A
H1466,,,A0119,A0051,,,0.29,04/07/2016,03/26/2016,Egg,A,A,A
H1467,05/07/2016,,A0120,A0053,Male,3,0.23,04/07/2016,03/26/2016,Juvenile,A,A,A
H1468,,,A0120,A0053,,,0.19,04/07/2016,03/26/2016,Egg,A,A,A
H1469,,,A0125,A0003,,,0.23,04/07/2016,03/26/2016,Egg,A,A,A
H1470,,,S0184,S0058,,,0.28,04/07/2016,03/26/2016,Egg,S,S,S
H1471,05/03/2016,,S0184,S0058,Male,826,0.35,04/07/2016,03/26/2016,Juvenile,S,S,S
H1472,05/06/2016,,S0231,S0046,Female,5,0.27,04/07/2016,03/26/2016,Juvenile,S,S,S
H1473,05/09/2016,,A0121,A0055,Female,371,0.22,04/07/2016,03/26/2016,Juvenile,A,A,A
H1474,05/11/2016,,A0188,A0068,Male,390,0.2,04/07/2016,03/26/2016,Juvenile,A,A,A
H1475,,,A0188,A0068,,,0.24,04/07/2016,03/26/2016,Egg,A,A,A
H1476,05/02/2016,,A0128,A0004,Male,9,0.26,04/07/2016,03/26/2016,Juvenile,A,A,A
H1477,,,A0148,A0007,,,0.22,04/07/2016,03/26/2016,Egg,A,A,A
H1478,,,A0148,A0007,,,0.25,04/07/2016,03/26/2016,Egg,A,A,A
H1479,05/09/2016,,A0201,A0060,Female,14,0.19,04/07/2016,03/26/2016,Juvenile,A,A,A
H1480,,,A0140,A0036,,,0.25,04/07/2016,03/26/2016,Egg,A,A,A
H1481,05/02/2016,,A0200,A0071,Male,3,0.24,04/07/2016,03/26/2016,Juvenile,A,A,A
H1482,05/13/2016,,A0200,A0071,Female,435,0.19,04/07/2016,03/26/2016,Juvenile,A,A,A
H1483,05/09/2016,7/17/2018 dead WR,A0200,A0071,Male,738,0.21,04/07/2016,03/26/2016,Juvenile,A,A,A
H1484,05/13/2016,,A0104,A0048,Male,9,0.2,04/07/2016,03/26/2016,Juvenile,A,A,A
H1485,05/02/2016,Missing 5/6/2016,A0175,A0041,Female,4,0.26,04/07/2016,03/26/2016,Juvenile,A,A,A
H1486,,,S0238,S0072,,,0.24,04/07/2016,03/26/2016,Egg,S,S,S
H1487,05/06/2016,,A0124,A0064,Male,741,0.22,04/07/2016,03/26/2016,Juvenile,A,A,A
H1488,,,S0153,S0080,,,0.15,04/07/2016,03/26/2016,Egg,S,S,S
H1489,05/17/2016,,S0120,S0024,Male,5,0.22,04/14/2016,04/07/2016,Juvenile,S,S,S
H1490,05/17/2016,,S0121,S0071,Male,5,0.22,04/14/2016,04/07/2016,Juvenile,S,S,S
H1491,05/14/2016,,S0207,S0052,Female,733,0.29,04/14/2016,04/07/2016,Juvenile,S,S,S
H1492,05/16/2016,,S0195,S0006,Male,731,0.23,04/14/2016,04/07/2016,Juvenile,S,S,S
H1493,05/17/2016,Missing 8/7/2017,S0221,S0026,Female,447,0.25,04/14/2016,04/07/2016,Juvenile,S,S,S
H1494,,,A0176,A0069,,,0.22,04/14/2016,04/07/2016,Egg,A,A,A
H1495,05/18/2016,,A0119,A0051,Male,3,0.2,04/14/2016,04/07/2016,Juvenile,A,A,A
H1496,05/13/2016,,A0119,A0051,Female,734,0.23,04/14/2016,04/07/2016,Juvenile,A,A,A
H1497,,,A0214,A0013,,,0.24,04/14/2016,04/07/2016,Egg,A,A,A
H1498,05/13/2016,,A0108,A0061,Female,3,0.24,04/14/2016,04/07/2016,Juvenile,A,A,A
H1499,05/13/2016,Date of death not recorded,A0108,A0061,Female,,0.18,04/14/2016,04/07/2016,Juvenile,A,A,A
H1500,05/15/2016,,S0184,S0058,Female,732,0.28,04/14/2016,04/07/2016,Juvenile,S,S,S
H1501,05/13/2016,,S0231,S0046,Female,0,0.23,04/14/2016,04/07/2016,Juvenile,S,S,S
H1502,05/13/2016,,A0121,A0055,Female,1,0.28,04/14/2016,04/07/2016,Juvenile,A,A,A
H1503,05/15/2016,,A0121,A0055,Male,2,0.21,04/14/2016,04/07/2016,Juvenile,A,A,A
H1504,,,A0113,A0011,,,0.23,04/14/2016,04/07/2016,Egg,A,A,A
H1505,05/17/2016,,A0188,A0068,Male,337,0.22,04/14/2016,04/07/2016,Juvenile,A,A,A
H1506,05/15/2016,,A0258,A0073,Female,4,0.18,04/14/2016,04/07/2016,Juvenile,A,A,A
H1507,,,A0139,A0023,,,0.19,04/14/2016,04/07/2016,Egg,A,A,A
H1508,,,A0128,A0004,,,0.13,04/14/2016,04/07/2016,Egg,A,A,A
H1509,05/13/2016,,A0128,A0004,Female,734,0.21,04/14/2016,04/07/2016,Juvenile,A,A,A
H1510,05/13/2016,,A0128,A0004,Male,734,0.19,04/14/2016,04/07/2016,Juvenile,A,A,A
H1511,,,A0135,A0029,,,0.24,04/14/2016,04/07/2016,Egg,A,A,A
H1512,,,A0135,A0029,,,0.2,04/14/2016,04/07/2016,Egg,A,A,A
H1513,,,A0166,A0044,,,0.2,04/14/2016,04/07/2016,Egg,A,A,A
H1514,,,A0118,A0002,,,0.15,04/14/2016,04/07/2016,Egg,A,A,A
H1515,,,A0178,A0056,,,0.14,04/14/2016,04/07/2016,Egg,A,A,A
H1516,05/15/2016,,A0201,A0060,Female,3,0.18,04/14/2016,04/07/2016,Juvenile,A,A,A
H1517,05/16/2016,Missing 5/20/2016,A0193,A0027,Male,4,0.16,04/14/2016,04/07/2016,Juvenile,A,A,A
H1518,05/13/2016,,A0193,A0027,Female,734,0.23,04/14/2016,04/07/2016,Juvenile,A,A,A
H1519,05/14/2016,,A0173,A0074,Male,733,0.23,04/14/2016,04/07/2016,Juvenile,A,A,A
H1520,05/14/2016,,A0175,A0041,Male,380,0.2,04/14/2016,04/07/2016,Juvenile,A,A,A
H1521,05/17/2016,,S0238,S0072,Female,730,0.22,04/14/2016,04/07/2016,Juvenile,S,S,S
H1522,05/14/2016,,S0108,S0076,Female,1,0.22,04/14/2016,04/07/2016,Juvenile,S,S,S
H1523,05/29/2016,,S0119,S0049,Male,800,0.24,04/25/2016,04/14/2016,Juvenile,S,S,S
H1524,05/30/2016,,S0121,S0071,Female,6,0.23,04/25/2016,04/14/2016,Juvenile,S,S,S
H1525,05/25/2016,,S0121,S0071,Male,4,0.27,04/25/2016,04/14/2016,Juvenile,S,S,S
H1526,05/23/2016,,S0181,S0016,Female,806,0.31,04/25/2016,04/14/2016,Juvenile,S,S,S
H1527,05/25/2016,,S0221,S0026,Male,804,0.29,04/25/2016,04/14/2016,Juvenile,S,S,S
H1528,05/27/2016,,A0176,A0069,Male,7,0.16,04/25/2016,04/14/2016,Juvenile,A,A,A
H1529,05/25/2016,,A0176,A0069,Male,4,0.23,04/25/2016,04/14/2016,Juvenile,A,A,A
H1530,,,S0240,S0027,,,0.32,04/25/2016,04/14/2016,Egg,S,S,S
H1531,,,S0102,S0035,,,0.13,04/25/2016,04/14/2016,Egg,S,S,S
H1534,05/30/2016,,S0191,S0061,Male,6,0.22,04/25/2016,04/14/2016,Juvenile,S,S,S
H1535,05/25/2016,,S0191,S0061,Male,804,0.26,04/25/2016,04/14/2016,Juvenile,S,S,S
H1536,05/21/2016,,A0120,A0053,Female,1,0.26,04/25/2016,04/14/2016,Juvenile,A,A,A
H1537,05/24/2016,,S0118,S0028,Female,5,0.29,04/25/2016,04/14/2016,Juvenile,S,S,S
H1538,05/30/2016,,S0118,S0028,Male,799,0.23,04/25/2016,04/14/2016,Juvenile,S,S,S
H1539,05/25/2016,,A0214,A0013,Male,5,0.21,04/25/2016,04/14/2016,Juvenile,A,A,A
H1540,05/25/2016,,A0108,A0061,Female,804,0.23,04/25/2016,04/14/2016,Juvenile,A,A,A
H1541,05/22/2016,,A0127,A0038,Female,807,0.24,04/25/2016,04/14/2016,Juvenile,A,A,A
H1542,05/26/2016,,S0231,S0046,Female,4,0.28,04/25/2016,04/14/2016,Juvenile,S,S,S
H1543,05/28/2016,,S0175,S0022,Male,801,0.17,04/25/2016,04/14/2016,Juvenile,S,S,S
H1544,05/29/2016,,S0184,S0058,Female,800,0.24,04/25/2016,04/14/2016,Juvenile,S,S,S
H1545,05/24/2016,,S0184,S0058,Female,805,0.31,04/25/2016,04/14/2016,Juvenile,S,S,S
H1546,05/30/2016,DEAD 06/24/2018 WR,A0121,A0055,Female,755,0.16,04/25/2016,04/14/2016,Juvenile,A,A,A
H1547,05/24/2016,Missing 6/3/2016,A0121,A0055,Female,10,0.38,04/25/2016,04/14/2016,Juvenile,A,A,A
H1548,,,A0113,A0011,,,0.26,04/25/2016,04/14/2016,Egg,A,A,A
H1549,05/25/2016,,A0188,A0068,Male,5,0.22,04/25/2016,04/14/2016,Juvenile,A,A,A
H1550,,,A0114,A0072,,,0.24,04/26/2016,04/14/2016,Egg,A,A,A
H1551,05/26/2016,,A0258,A0073,Female,3,0.23,04/26/2016,04/14/2016,Juvenile,A,A,A
H1552,05/23/2016,,A0148,A0007,Female,2,0.29,04/26/2016,04/14/2016,Juvenile,A,A,A
H1553,,,A0148,A0007,,,0.58,04/26/2016,04/14/2016,Egg,A,A,A
H1554,,,A0135,A0029,,,0.2,04/26/2016,04/14/2016,Egg,A,A,A
H1555,05/23/2016,,A0135,A0029,Male,2,0.29,04/26/2016,04/14/2016,Juvenile,A,A,A
H1556,,,A0196,A0006,,,0.27,04/26/2016,04/14/2016,Egg,A,A,A
H1557,,,A0166,A0044,,,0.22,04/26/2016,04/14/2016,Egg,A,A,A
H1558,,,S0156,S0005,,,0.22,04/26/2016,04/14/2016,Egg,S,S,S
H1559,05/29/2016,,A0200,A0071,Female,3,0.21,04/26/2016,04/14/2016,Juvenile,A,A,A
H1560,05/24/2016,,A0200,A0071,Male,5,0.26,04/26/2016,04/14/2016,Juvenile,A,A,A
H1561,05/23/2016,,A0200,A0071,Female,1,0.23,04/26/2016,04/14/2016,Juvenile,A,A,A
H1562,,,A0173,A0074,,,0.21,04/26/2016,04/14/2016,Egg,A,A,A
H1563,05/26/2016,,A0104,A0048,Female,3,0.25,04/26/2016,04/14/2016,Juvenile,A,A,A
H1564,,,A0175,A0041,,,0.45,04/26/2016,04/14/2016,Egg,A,A,A
H1565,05/26/2016,Missing 9/15/2017,S0238,S0072,Male,477,0.28,04/26/2016,04/14/2016,Juvenile,S,S,S
H1566,,,S0153,S0080,,,0.18,04/26/2016,04/14/2016,Egg,S,S,S
H1567,05/30/2016,,S0108,S0076,Male,799,0.15,04/26/2016,04/14/2016,Juvenile,S,S,S
H1568,,,A0114,A0072,,,0.5,05/10/2016,04/26/2016,Egg,A,A,A
H1569,06/05/2016,,A0139,A0023,Female,2,0.32,05/10/2016,04/26/2016,Juvenile,A,A,A
H1570,06/10/2016,,A0258,A0073,Male,4,0.2,05/10/2016,04/26/2016,Juvenile,A,A,A
H1571,06/06/2016,,A0258,A0073,Female,792,0.22,05/10/2016,04/26/2016,Juvenile,A,A,A
H1572,,,A0135,A0029,,,0.37,05/10/2016,04/26/2016,Egg,A,A,A
H1573,06/10/2016,Missing 6/14/2016,A0128,A0004,Female,4,0.21,05/10/2016,04/26/2016,Juvenile,A,A,A
H1574,,,A0128,A0004,,,0.29,05/10/2016,04/26/2016,Egg,A,A,A
H1575,06/08/2016,,A0166,A0044,Male,3,0.26,05/10/2016,04/26/2016,Juvenile,A,A,A
H1576,,,A0148,A0007,,,0.4,05/10/2016,04/26/2016,Egg,A,A,A
H1577,06/07/2016,,A0201,A0060,Male,3,0.22,05/10/2016,04/26/2016,Juvenile,A,A,A
H1578,06/06/2016,,A0193,A0027,Female,3,0.27,05/10/2016,04/26/2016,Juvenile,A,A,A
H1579,,,A0140,A0036,,,0.19,05/10/2016,04/26/2016,Egg,A,A,A
H1580,,,A0200,A0071,,,0.38,05/10/2016,04/26/2016,Egg,A,A,A
H1581,06/14/2016,Missing 9/15/2017,A0173,A0074,Male,,0.18,05/10/2016,04/26/2016,Juvenile,A,A,A
H1582,06/09/2016,,S0238,S0072,Male,789,0.29,05/10/2016,04/26/2016,Juvenile,S,S,S
H1583,06/11/2016,,S0119,S0049,Female,787,0.24,05/10/2016,04/26/2016,Juvenile,S,S,S
H1584,06/04/2016,,S0207,S0052,Female,6,0.4,05/10/2016,04/26/2016,Juvenile,S,S,S
H1585,06/11/2016,,S0121,S0071,Female,787,0.24,05/10/2016,04/26/2016,Juvenile,S,S,S
H1586,06/10/2016,,S0181,S0016,Male,788,0.34,05/10/2016,04/26/2016,Juvenile,S,S,S
H1587,06/08/2016,,S0221,S0026,Female,790,0.27,05/10/2016,04/26/2016,Juvenile,S,S,S
H1588,,,A0176,A0069,,,0.42,05/10/2016,04/26/2016,Egg,A,A,A
H1589,06/06/2016,,S0240,S0027,Male,2,0.37,05/10/2016,04/26/2016,Juvenile,S,S,S
H1590,06/16/2016,,S0191,S0061,Male,782,0.25,05/10/2016,04/26/2016,Juvenile,S,S,S
H1591,06/10/2016,,A0119,A0051,Female,1,0.23,05/10/2016,04/26/2016,Juvenile,A,A,A
H1592,06/09/2016,,A0108,A0061,Male,789,0.18,05/10/2016,04/26/2016,Juvenile,A,A,A
H1593,06/10/2016,,S0231,S0046,Male,4,0.26,05/10/2016,04/26/2016,Juvenile,S,S,S
H1594,,,S0175,S0022,,,0.22,05/10/2016,04/26/2016,Egg,S,S,S
H1595,06/13/2016,"Missing, but date not written on cage. Investigate",S0184,S0058,Male,,0.22,05/10/2016,04/26/2016,Juvenile,S,S,S
H1596,06/10/2016,,S0184,S0058,Male,788,0.29,05/10/2016,04/26/2016,Juvenile,S,S,S
H1597,06/09/2016,Missing 6/12/2016,A0121,A0055,Male,3,0.18,05/10/2016,04/26/2016,Juvenile,A,A,A
H1598,,,A0121,A0055,,,0.34,05/10/2016,04/26/2016,Egg,A,A,A
H1599,,,A0113,A0011,,,0.27,05/10/2016,04/26/2016,Egg,A,A,A
H1600,,,A0188,A0068,,,0.28,05/10/2016,04/26/2016,Egg,A,A,A
H1601,,,A0203,A0018,,,0.2,05/10/2016,04/26/2016,Egg,A,A,A
H1602,06/18/2016,Missing 2/23/2017,A0139,A0023,Female,250,0.21,05/18/2016,05/10/2016,Juvenile,A,A,A
H1603,06/17/2016,,A0258,A0073,Male,781,0.23,05/18/2016,05/10/2016,Juvenile,A,A,A
H1604,06/20/2016,Missing 6/28/2016,A0135,A0029,Female,8,0.14,05/18/2016,05/10/2016,Juvenile,A,A,A
H1605,,,A0135,A0029,,,0.25,05/18/2016,05/10/2016,Egg,A,A,A
H1606,06/21/2016,,A0128,A0004,Female,307,0.12,05/18/2016,05/10/2016,Juvenile,A,A,A
H1607,06/17/2016,,A0123,A0005,Female,781,0.24,05/18/2016,05/10/2016,Juvenile,A,A,A
H1608,06/19/2016,,A0201,A0060,Male,2,0.19,05/18/2016,05/10/2016,Juvenile,A,A,A
H1609,,,A0193,A0027,,,0.2,05/18/2016,05/10/2016,Egg,A,A,A
H1610,06/16/2016,,A0175,A0041,Female,831,0.18,05/18/2016,05/10/2016,Juvenile,A,A,A
H1611,06/20/2016,,S0119,S0049,Male,827,0.25,05/18/2016,05/10/2016,Juvenile,S,S,S
H1612,06/19/2016,,S0207,S0052,Female,828,0.23,05/18/2016,05/10/2016,Juvenile,S,S,S
H1613,06/17/2016,,S0240,S0027,Male,11,0.29,05/18/2016,05/10/2016,Juvenile,S,S,S
H1614,06/20/2016,,S0118,S0028,Male,827,0.3,05/18/2016,05/10/2016,Juvenile,S,S,S
H1615,,,A0121,A0055,,,0.14,05/18/2016,05/10/2016,Egg,A,A,A
H1616,06/17/2016,,A0121,A0055,Female,333,0.15,05/18/2016,05/10/2016,Juvenile,A,A,A
H1617,,,A0113,A0011,,,0.13,05/18/2016,05/10/2016,Egg,A,A,A
H1618,,,A0203,A0018,,,0.16,05/18/2016,05/10/2016,Egg,A,A,A
H1619,06/27/2016,,S0184,S0058,Male,771,0.23,05/24/2016,05/18/2016,Juvenile,S,S,S
H1620,06/24/2016,,S0184,S0058,Female,0,0.27,05/24/2016,05/18/2016,Juvenile,S,S,S
H1621,,,A0113,A0011,,,0.18,05/24/2016,05/18/2016,Egg,A,A,A
H1622,,,A0188,A0068,,,0.21,05/24/2016,05/18/2016,Egg,A,A,A
H1623,06/19/2016,,A0166,A0044,Female,2,0.24,05/24/2016,05/18/2016,Juvenile,A,A,A
H1624,06/24/2016,,A0201,A0060,Female,4,0.15,05/24/2016,05/18/2016,Juvenile,A,A,A
H1625,06/27/2016,,A0104,A0048,Female,3,0.18,05/24/2016,05/18/2016,Juvenile,A,A,A
H1626,06/26/2016,Missing 6/27/2016,A0140,A0036,Male,1,0.17,05/24/2016,05/18/2016,Juvenile,A,A,A
H1627,06/24/2016,,A0123,A0005,Male,774,0.23,05/24/2016,05/18/2016,Juvenile,A,A,A
H1628,06/26/2016,Missing 6/27/2016,A0123,A0005,Male,1,0.2,05/24/2016,05/18/2016,Juvenile,A,A,A
H1629,06/28/2016,,A0193,A0027,Male,770,0.18,05/24/2016,05/18/2016,Juvenile,A,A,A
H1630,06/25/2016,,S0102,S0035,Female,773,0.19,05/24/2016,05/18/2016,Juvenile,S,S,S
H1631,06/24/2016,,A0176,A0069,Female,11,0.15,05/24/2016,05/18/2016,Juvenile,A,A,A
H1632,06/26/2016,,A0203,A0018,Male,2,0.19,05/24/2016,05/18/2016,Juvenile,A,A,A
H1633,06/23/2016,,S0121,S0071,Female,775,0.26,05/24/2016,05/18/2016,Juvenile,S,S,S
H1634,06/24/2016,,S0240,S0027,Female,8,0.26,05/24/2016,05/18/2016,Juvenile,S,S,S
H1635,06/26/2016,,S0181,S0016,Male,772,0.21,05/24/2016,05/18/2016,Juvenile,S,S,S
H1636,06/26/2016,Missing 6/29/2016,A0128,A0004,Female,3,0.12,05/24/2016,05/18/2016,Juvenile,A,A,A
H1637,07/06/2016,,A0203,A0018,Female,2,0.2,06/02/2016,05/24/2016,Juvenile,A,A,A
H1638,,,S0240,S0027,,,0.38,06/02/2016,05/24/2016,Egg,S,S,S
H1639,06/30/2016,,S0191,S0061,Female,,0.31,06/02/2016,05/24/2016,Juvenile,S,S,S
H1640,07/05/2016,,S0191,S0061,Female,784,0.24,06/02/2016,05/24/2016,Juvenile,S,S,S
H1641,,,S0118,S0028,,,0.23,06/02/2016,05/24/2016,Egg,S,S,S
H1642,06/30/2016,,S0118,S0028,Male,768,0.21,06/02/2016,05/24/2016,Juvenile,S,S,S
H1643,,,A0200,A0071,,,0.2,06/02/2016,05/24/2016,Egg,A,A,A
H1644,06/30/2016,Missing 7/6/2016,A0173,A0074,Female,6,0.23,06/02/2016,05/24/2016,Juvenile,A,A,A
H1645,,,A0173,A0074,,,0.18,06/02/2016,05/24/2016,Egg,A,A,A
H1646,07/07/2016,,A0104,A0048,Female,12,0.16,06/02/2016,05/24/2016,Juvenile,A,A,A
H1647,06/28/2016,Missing on 11/25/17,S0238,S0072,Female,515,0.33,06/02/2016,05/24/2016,Juvenile,S,S,S
H1648,07/07/2016,,A0114,A0072,Female,6,0.16,06/02/2016,05/24/2016,Juvenile,A,A,A
H1649,,,A0135,A0029,,,0.19,06/02/2016,05/24/2016,Egg,A,A,A
H1650,06/29/2016,,A0120,A0053,Female,337,0.22,06/02/2016,05/24/2016,Juvenile,A,A,A
H1651,,,A0108,A0061,,,0.12,06/02/2016,05/24/2016,Egg,A,A,A
H1652,,,S0231,S0046,,,0.34,06/02/2016,05/24/2016,Egg,S,S,S
H1653,07/03/2016,,A0127,A0038,Female,786,0.17,06/02/2016,05/24/2016,Juvenile,A,A,A
H1654,06/30/2016,,A0121,A0055,NA,0,0.15,06/02/2016,05/24/2016,Juvenile,A,A,A
H1655,07/03/2016,,A0113,A0011,Male,2,0.19,06/02/2016,05/24/2016,Juvenile,A,A,A
H1656,07/03/2016,,A0188,A0068,Female,3,0.21,06/02/2016,05/24/2016,Juvenile,A,A,A
H1657,06/28/2016,,V0026,,Female,618,0.19,06/02/2016,05/24/2016,Juvenile,V,,V
H1658,06/28/2016,,V0016,,Male,,0.14,06/02/2016,05/24/2016,Juvenile,V,,V
H1659,07/07/2016,,S0238,S0072,Female,761,0.3,06/09/2016,06/02/2016,Juvenile,S,S,S
H1660,07/11/2016,,A0193,A0027,Male,312,0.19,06/09/2016,06/02/2016,Juvenile,A,A,A
H1661,07/12/2016,,S0118,S0028,Female,756,0.23,06/09/2016,06/02/2016,Juvenile,S,S,S
H1662,,,S0191,S0061,,,0.17,06/09/2016,06/02/2016,Egg,S,S,S
H1663,07/09/2016,,A0188,A0068,Female,2,0.24,06/09/2016,06/02/2016,Juvenile,A,A,A
H1664,07/09/2016,,S0184,S0058,Male,759,0.27,06/09/2016,06/02/2016,Juvenile,S,S,S
H1665,,,S0175,S0022,,,0.26,06/09/2016,06/02/2016,Egg,S,S,S
H1666,,,A0121,A0055,,,0.2,06/09/2016,06/02/2016,Egg,A,A,A
H1667,07/11/2016,,A0120,A0053,Male,6,0.17,06/09/2016,06/02/2016,Juvenile,A,A,A
H1668,07/12/2016,,A0120,A0053,Male,8,0.22,06/09/2016,06/02/2016,Juvenile,A,A,A
H1669,,,A0201,A0060,,,0.25,06/09/2016,06/02/2016,Egg,A,A,A
H1670,,,A0201,A0060,,,0.19,06/09/2016,06/02/2016,Egg,A,A,A
H1671,07/11/2016,,A0135,A0029,Male,298,0.16,06/09/2016,06/02/2016,Juvenile,A,A,A
H1672,07/04/2016,Missing 7/5/2016,V0021,,Male,1,0.17,06/09/2016,06/02/2016,Juvenile,V,,V
H1673,07/02/2016,,V0027,,Male,614,0.23,06/09/2016,06/02/2016,Juvenile,V,,V
H1674,,,V0011,,,,0.18,06/09/2016,06/02/2016,Egg,V,,V
H1675,07/02/2016,Missing 7/6/2016,V0022,,Female,4,0.16,06/09/2016,06/02/2016,Juvenile,V,,V
H1676,07/02/2016,,V0015,,Female,614,0.21,06/09/2016,06/02/2016,Juvenile,V,,V
H1677,07/05/2016,,V0018,,Male,479,0.19,06/09/2016,06/02/2016,Juvenile,V,,V
H1678,07/05/2016,,V0014,,Male,590,0.14,06/09/2016,06/02/2016,Juvenile,V,,V
H1679,07/01/2016,Missing 7/3/2016,V0013,,Female,2,0.2,06/09/2016,06/02/2016,Juvenile,V,,V
H1680,07/16/2016,,V0018,,Female,600,0.18,06/16/2016,06/09/2016,Juvenile,V,,V
H1681,07/11/2016,Missing 7/15/2016,A0175,A0041,Female,4,0.23,06/16/2016,06/09/2016,Juvenile,A,A,A
H1682,07/11/2016,,A0175,A0041,Male,757,0.18,06/16/2016,06/09/2016,Juvenile,A,A,A
H1683,07/19/2016,,S0108,S0076,Male,749,0.29,06/16/2016,06/09/2016,Juvenile,S,S,S
H1684,,,V0027,,,,0.14,06/16/2016,06/09/2016,Egg,V,,V
H1685,,,V0027,,,,0.1,06/16/2016,06/09/2016,Egg,V,,V
H1686,07/17/2016,,A0146,A0070,Male,4,0.18,06/16/2016,06/09/2016,Juvenile,A,A,A
H1687,07/16/2016,,A0188,A0068,Male,293,0.3,06/16/2016,06/09/2016,Juvenile,A,A,A
H1687,07/16/2016,,A0193,A0027,Male,293,0.22,06/16/2016,06/09/2016,Juvenile,A,A,A
H1688,07/13/2016,,A0113,A0011,Male,2,0.23,06/16/2016,06/09/2016,Juvenile,A,A,A
H1689,07/21/2016,Mislabeled on cage at death as 1639 - check X-ray log,A0124,A0064,Male,626,0.22,06/24/2016,06/16/2016,Juvenile,A,A,A
H1690,07/21/2016,,S0238,S0072,Male,,0.38,06/24/2016,06/16/2016,Juvenile,S,S,S
H1691,,,S0153,S0080,,,0.21,06/24/2016,06/16/2016,Egg,S,S,S
H1692,07/25/2016,,S0118,S0028,Male,764,0.27,06/24/2016,06/16/2016,Juvenile,S,S,S
H1693,07/25/2016,,A0200,A0071,Male,764,0.31,06/24/2016,06/16/2016,Juvenile,A,A,A
H1694,,,A0140,A0036,,,0.22,06/24/2016,06/16/2016,Egg,A,A,A
H1695,07/25/2016,,S0191,S0061,Female,764,0.25,06/24/2016,06/16/2016,Juvenile,S,S,S
H1696,07/24/2016,"Not found, census 6/6/2018",A0203,A0018,Male,,0.28,06/24/2016,06/16/2016,Juvenile,A,A,A
H1697,07/28/2016,"Not found, census 6/6/2018",A0214,A0013,Male,,0.18,06/24/2016,06/16/2016,Juvenile,A,A,A
H1698,07/24/2016,,A0121,A0055,Female,2,0.23,06/24/2016,06/16/2016,Juvenile,A,A,A
H1699,,,A0201,A0060,,,0.24,06/24/2016,06/16/2016,Egg,A,A,A
H1700,07/26/2016,,A0120,A0053,Male,,0.2,06/24/2016,06/16/2016,Juvenile,A,A,A
H1701,07/12/2016,,V0013,,Female,604,0.24,06/24/2016,06/16/2016,Juvenile,V,,V
H1702,07/23/2016,,V0013,,Male,288,0.16,06/24/2016,06/16/2016,Juvenile,V,,V
H1703,07/21/2016,,V0023,,Male,595,0.19,06/24/2016,06/16/2016,Juvenile,V,,V
H1704,07/27/2016,,V0011,,Male,589,0.16,06/30/2016,06/24/2016,Juvenile,V,,V
H1705,07/27/2016,,V0026,,Male,430,0.16,06/30/2016,06/24/2016,Juvenile,V,,V
H1706,07/25/2016,Missing 4/7/2017,V0014,,Male,256,0.18,06/30/2016,06/24/2016,Juvenile,V,,V
H1707,07/26/2016,,V0012,,Male,590,0.22,06/30/2016,06/24/2016,Juvenile,V,,V
H1708,08/02/2016,,A0188,A0068,Male,14,0.18,06/30/2016,06/24/2016,Juvenile,A,A,A
H1709,07/30/2016,,A0135,A0029,Male,,0.16,06/30/2016,06/24/2016,Juvenile,A,A,A
H1710,07/30/2016,Missing 8/1/2016,A0140,A0036,Female,2,0.18,06/30/2016,06/24/2016,Juvenile,A,A,A
H1711,07/30/2016,,A0123,A0005,Male,7,0.23,06/30/2016,06/24/2016,Juvenile,A,A,A
H1712,08/01/2016,No date of death recorded,A0200,A0071,Male,,0.2,06/30/2016,06/24/2016,Juvenile,A,A,A
H1713,,,A0139,A0023,,,0.14,06/30/2016,06/24/2016,Egg,A,A,A
H1714,08/03/2016,,A0128,A0004,Male,786,0.16,06/30/2016,06/24/2016,Juvenile,A,A,A
H1715,,"TLF,U",N0111,N0005,,,0.24,07/07/2016,N/A,Egg,N,N,N
H1716,07/31/2016,"TLF,U; Missing 8/1/2016",N0117,N0024,Female,1,0.21,07/07/2016,N/A,Juvenile,N,N,N
H1717,07/28/2016,"TLF,D",N0115,N0007,Female,1,0.28,07/07/2016,N/A,Juvenile,N,N,N
H1718,08/01/2016,"TLF,U",N0110,N0015,Female,584,0.18,07/07/2016,N/A,Juvenile,N,N,N
H1719,08/02/2016,"TLF,U",N0122,N0009,Female,583,0.2,07/07/2016,N/A,Juvenile,N,N,N
H1720,07/28/2016,"TLF,U",N0122,N0009,Male,588,0.29,07/07/2016,N/A,Juvenile,N,N,N
H1721,08/06/2016,"TLF,U",N0122,N0009,Male,2,0.19,07/07/2016,N/A,Juvenile,N,N,N
H1722,,TLF,N0122,N0009,,,0.24,07/07/2016,N/A,Egg,N,N,N
H1723,08/03/2016,"TLF,U",N0122,N0009,,3,0.19,07/07/2016,N/A,Juvenile,N,N,N
H1724,,TLF,N0122,N0009,,,0.16,07/07/2016,N/A,Egg,N,N,N
H1725,07/28/2016,TLF,N0122,N0009,Female,0,0.23,07/07/2016,N/A,Juvenile,N,N,N
H1726,08/04/2016,"TLF,U",C0001,C0050,Male,213,0.24,07/07/2016,N/A,Juvenile,C,C,C
H1727,08/04/2016,"TLF,U",C0001,C0050,Female,288,0.22,07/07/2016,N/A,Juvenile,C,C,C
H1728,07/28/2016,"TLF,U",C0001,C0050,Male,761,0.29,07/07/2016,N/A,Juvenile,C,C,C
H1729,07/28/2016,"TLF,D",C0001,C0050,Male,1,0.26,07/07/2016,N/A,Juvenile,C,C,C
H1730,07/31/2016,"TLF,U",C0001,C0050,Male,2,0.26,07/07/2016,N/A,Juvenile,C,C,C
H1731,07/29/2016,"TLF,U",C0019,C0073,Female,269,0.2,07/07/2016,N/A,Juvenile,C,C,C
H1732,08/02/2016,"TLF,U",C0019,C0073,Female,784,0.22,07/07/2016,N/A,Juvenile,C,C,C
H1733,07/28/2016,"TLF,U",C0019,C0073,Female,761,0.25,07/07/2016,N/A,Juvenile,C,C,C
H1734,08/05/2016,"TLF,U",C0019,C0073,Female,1,0.19,07/07/2016,N/A,Juvenile,C,C,C
H1735,08/09/2016,"TLF,U",C0020,C0061,Male,2,0.18,07/07/2016,N/A,Juvenile,C,C,C
H1736,07/28/2016,"TLF,U",C0020,C0061,Female,761,0.27,07/07/2016,N/A,Juvenile,C,C,C
H1737,07/29/2016,"TLF,U",C0020,C0061,Female,2,0.24,07/07/2016,N/A,Juvenile,C,C,C
H1738,08/02/2016,"TLF,U",C0020,C0061,Female,2,0.21,07/07/2016,N/A,Juvenile,C,C,C
H1739,08/01/2016,"TLF,U",C0020,C0061,Male,3,0.24,07/07/2016,N/A,Juvenile,C,C,C
H1740,,TLF,C0013,C0051,,,0.2,07/07/2016,N/A,Egg,C,C,C
H1741,08/05/2016,"TLF,U",C0008,C0065,Male,0,0.2,07/07/2016,N/A,Juvenile,C,C,C
H1742,08/01/2016,"TLF,U",C0018,C0069,Female,5,0.23,07/07/2016,N/A,Juvenile,C,C,C
H1743,08/03/2016,"TLF,U",C0018,C0069,Female,806,0.23,07/07/2016,N/A,Juvenile,C,C,C
H1744,07/28/2016,TLF,C0018,C0069,Female,0,0.24,07/07/2016,N/A,Juvenile,C,C,C
H1745,08/09/2016,"TLF,U Missing 8/31/2018",C0018,C0069,Female,752,0.18,07/07/2016,N/A,Juvenile,C,C,C
H1746,08/07/2016,"TLF,U",V0003,V0056,Female,648,0.21,07/07/2016,N/A,Juvenile,V,V,V
H1747,07/30/2016,"TLF,D; MISSING ",V0003,V0056,Male,,0.24,07/07/2016,N/A,Juvenile,V,V,V
H1748,08/08/2016,"TLF,D",V0003,V0056,Male,,0.17,07/07/2016,N/A,Juvenile,V,V,V
H1749,,TLF,V0009,V0069,,,0.19,07/07/2016,N/A,Egg,V,V,V
H1750,07/30/2016,TLF; Date of death unknown but within first month,V0009,V0069,Male,,0.27,07/07/2016,N/A,Juvenile,V,V,V
H1751,08/02/2016,"TLF,D",V0009,V0069,Male,,0.2,07/07/2016,N/A,Juvenile,V,V,V
H1752,08/03/2016,"TLF,D",V0005,V0068,Female,589,0.17,07/07/2016,N/A,Juvenile,V,V,V
H1753,07/28/2016,"TLF,D",V0005,V0068,Male,,0.26,07/07/2016,N/A,Juvenile,V,V,V
H1754,07/31/2016,"TLF,U (Marked as female on cage)",V0005,V0068,Male,585,0.27,07/07/2016,N/A,Juvenile,V,V,V
H1755,08/03/2016,"TLF,U",V0005,V0068,Female,246,0.24,07/07/2016,N/A,Juvenile,V,V,V
H1756,08/02/2016,"TLF,U",V0002,V0055,Male,583,0.17,07/07/2016,N/A,Juvenile,V,V,V
H1757,,TLF,V0002,V0055,,,0.14,07/07/2016,N/A,Egg,V,V,V
H1758,07/31/2016,"TLF,D",V0001,V0065,Male,,0.24,07/07/2016,N/A,Juvenile,V,V,V
H1759,08/01/2016,"TLF,U",V0001,V0065,Female,583,0.21,07/07/2016,N/A,Juvenile,V,V,V
H1760,08/07/2016,"TLF,U",V0001,V0065,Male,578,0.18,07/07/2016,N/A,Juvenile,V,V,V
H1761,07/28/2016,"TLF,U; Missing 3/14/2017",V0006,V0062,Male,229,0.22,07/07/2016,N/A,Juvenile,V,V,V
H1762,,TLF,V0006,V0062,,,0.22,07/07/2016,N/A,Egg,V,V,V
H1763,,TLF,V0006,V0062,,,0.19,07/07/2016,N/A,Egg,V,V,V
H1764,08/02/2016,"TLF,D",V0006,V0062,Female,3,0.21,07/07/2016,N/A,Juvenile,V,V,V
H1765,08/06/2016,"TLF,U",A0145,A0034,Female,1,0.28,07/07/2016,N/A,Juvenile,A,A,A
H1766,,TLF,A0145,A0034,,,0.2,07/07/2016,N/A,Egg,A,A,A
H1767,,TLF,A0259,A0043,,,0.25,07/07/2016,N/A,Egg,A,A,A
H1768,08/12/2016,"TLF,U",A0259,A0043,Male,1,0.21,07/07/2016,N/A,Juvenile,A,A,A
H1769,08/12/2016,"TLF,D

DEAD WR",A0153,A0065,Male,910,0.19,07/07/2016,N/A,Juvenile,A,A,A
H1770,08/09/2016,"TLF,D",A0153,A0065,Male,,0.25,07/07/2016,N/A,Juvenile,A,A,A
H1771,08/06/2016,"TLF,U",N0112,N0010,Male,649,0.19,07/07/2016,N/A,Juvenile,N,N,N
H1772,08/12/2016,"TLF,D",A0194,A0042,Male,17,0.21,07/07/2016,N/A,Juvenile,A,A,A
H1773,08/05/2016,"TLF,U",N0108,N0004,Male,579,0.18,07/07/2016,N/A,Juvenile,N,N,N
H1774,07/28/2016,"TLF,U",N0108,N0004,Female,588,0.19,07/07/2016,N/A,Juvenile,N,N,N
H1775,07/31/2016,"TLF,U",N0108,N0004,Male,2,0.16,07/07/2016,N/A,Juvenile,N,N,N
H1776,08/03/2016,"TLF,U",N0108,N0004,Male,582,0.16,07/07/2016,N/A,Juvenile,N,N,N
H1777,07/31/2016,"TLF,U",N0107,N0016,Male,585,0.17,07/07/2016,N/A,Juvenile,N,N,N
H1778,,TLF,N0107,N0016,,,0.18,07/07/2016,N/A,Egg,N,N,N
H1779,08/06/2016,"TLF,U",N0107,N0016,Female,579,0.14,07/07/2016,N/A,Juvenile,N,N,N
H1780,08/09/2016,"TLF,U",N0107,N0016,Male,2,0.15,07/07/2016,N/A,Juvenile,N,N,N
H1781,07/28/2016,"TLF,U; Missing 7/31/2016",N0107,N0016,Male,3,0.23,07/07/2016,N/A,Juvenile,N,N,N
H1782,,TLF,N0102,N0003,,,0.24,07/07/2016,N/A,Egg,N,N,N
H1783,07/28/2016,"TLF,U",N0102,N0003,Male,1,0.23,07/07/2016,N/A,Juvenile,N,N,N
H1784,,TLF,N0102,N0003,,,0.24,07/07/2016,N/A,Egg,N,N,N
H1785,,TLF,N0102,N0003,,,0.2,07/07/2016,N/A,Egg,N,N,N
H1786,,TLF,N0124,N0017,,,0.16,07/07/2016,N/A,Egg,N,N,N
H1787,,TLF,N0124,N0017,,,0.2,07/07/2016,N/A,Egg,N,N,N
H1788,08/01/2016,"TLF,U",N0101,N0001,Female,584,0.23,07/07/2016,N/A,Juvenile,N,N,N
H1789,08/02/2016,"TLF,U",N0101,N0001,Male,583,0.21,07/07/2016,N/A,Juvenile,N,N,N
H1790,08/10/2016,"TLF,D",A0186,A0061,Male,5,0.25,07/07/2016,N/A,Juvenile,A,A,A
H1791,08/07/2016,"TLF,D",A0215,A0038,Male,380,0.28,07/07/2016,N/A,Juvenile,A,A,A
H1792,08/12/2016,"TLF,U",A0215,A0038,Female,6,0.18,07/07/2016,N/A,Juvenile,A,A,A
H1793,,TLF,A0133,A0027,,,0.23,07/07/2016,N/A,Egg,A,A,A
H1794,,TLF,A0133,A0027,,,0.17,07/07/2016,N/A,Egg,A,A,A
H1795,,TLF,A0243,A0051,,,0.18,07/07/2016,N/A,Egg,A,A,A
H1796,08/09/2016,"TLF,U",A0212,A0048,Male,1,0.21,07/07/2016,N/A,Juvenile,A,A,A
H1797,08/15/2016,"TLF,U",A0212,A0048,Male,10,0.16,07/07/2016,N/A,Juvenile,A,A,A
H1798,08/11/2016,"TLF,U",A0183,A0077,Male,11,0.19,07/07/2016,N/A,Juvenile,A,A,A
H1799,,TLF,A0154,A0016,,,0.28,07/07/2016,N/A,Egg,A,A,A
H1800,,TLF,A0154,A0016,,,0.21,07/07/2016,N/A,Egg,A,A,A
H1801,,TLF,A0154,A0016,,,0.21,07/07/2016,N/A,Egg,A,A,A
H1802,08/03/2016,"TLF,U",A0172,A0033,Female,250,0.26,07/07/2016,N/A,Juvenile,A,A,A
H1803,08/06/2016,"TLF,D",A0172,A0033,Female,20,0.22,07/07/2016,N/A,Juvenile,A,A,A
H1804,08/07/2016,"TLF,U",A0162,A0028,Male,1,0.21,07/07/2016,N/A,Juvenile,A,A,A
H1805,,TLF,A0162,A0028,,,0.19,07/07/2016,N/A,Egg,A,A,A
H1806,,TLF,A0205,A0058,,,0.24,07/07/2016,N/A,Egg,A,A,A
H1807,,TLF,A0205,A0058,,,0.18,07/07/2016,N/A,Egg,A,A,A
H1808,,TLF,A0132,A0045,,,0.23,07/07/2016,N/A,Egg,A,A,A
H1809,,TLF,A0132,A0045,,,0.18,07/07/2016,N/A,Egg,A,A,A
H1810,08/06/2016,"TLF,D",A0197,A0026,Male,3,0.27,07/07/2016,N/A,Juvenile,A,A,A
H1811,08/10/2016,"TLF,U",A0197,A0026,Male,6,0.22,07/07/2016,N/A,Juvenile,A,A,A
H1812,08/10/2016,"TLF,D",A0169,A0025,Female,16,0.22,07/07/2016,N/A,Juvenile,A,A,A
H1813,08/06/2016,"TLF,U",A0169,A0025,Female,780,0.2,07/07/2016,N/A,Juvenile,A,A,A
H1814,08/12/2016,"TLF,D",A0219,A0053,Female,5,0.17,07/08/2016,07/07/2016,Juvenile,A,A,A
H1815,,TLF,N0115,N0007,,,0.16,07/08/2016,07/07/2016,Egg,N,N,N
H1816,08/08/2016,"TLF,U",N0110,N0015,Female,577,0.15,07/08/2016,07/07/2016,Juvenile,N,N,N
H1817,08/10/2016,"TLF,U",C0001,C0050,Female,279,0.24,07/11/2016,07/08/2016,Juvenile,C,C,C
H1818,08/13/2016,"TLF,U",C0001,C0050,Male,9,0.22,07/11/2016,07/08/2016,Juvenile,C,C,C
H1819,,TLF,C0019,C0073,,,0.21,07/11/2016,07/08/2016,Egg,C,C,C
H1820,,TLF,C0020,C0061,,,0.2,07/11/2016,07/08/2016,Egg,C,C,C
H1821,,TLF,V0006,V0062,,,0.22,07/11/2016,07/08/2016,Egg,V,V,V
H1822,08/09/2016,"TLF,U",N0111,N0005,Female,576,0.15,07/11/2016,07/08/2016,Juvenile,N,N,N
H1823,,TLF,V0008,V0061,,,0.24,07/11/2016,07/08/2016,Egg,V,V,V
H1824,08/11/2016,"TLF,D",V0005,V0068,Male,11,0.17,07/11/2016,07/08/2016,Juvenile,V,V,V
H1825,,TLF,V0004,V0064,,,0.23,07/11/2016,07/08/2016,Egg,V,V,V
H1826,08/12/2016,"TLF,U",V0002,V0055,Male,4,0.16,07/11/2016,07/08/2016,Juvenile,V,V,V
H1827,08/11/2016,"TLF,U",V0001,V0065,Male,290,0.2,07/11/2016,07/08/2016,Juvenile,V,V,V
H1828,08/09/2016,"TLF,U",C0008,C0065,Female,7,0.19,07/11/2016,07/08/2016,Juvenile,C,C,C
H1829,08/12/2016,"TLF,U",C0018,C0069,Male,777,0.22,07/11/2016,07/08/2016,Juvenile,C,C,C
H1830,,TLF,A0154,A0016,,,0.21,07/11/2016,07/08/2016,Egg,A,A,A
H1831,08/15/2016,"TLF,D",A0172,A0033,Male,,0.23,07/11/2016,07/08/2016,Juvenile,A,A,A
H1832,08/19/2016,"TLF,D",A0162,A0028,Male,12,0.19,07/11/2016,07/08/2016,Juvenile,A,A,A
H1833,,TLF,A0205,A0058,,,0.17,07/11/2016,07/08/2016,Egg,A,A,A
H1834,,TLF,A0197,A0026,,,0.24,07/11/2016,07/08/2016,Egg,A,A,A
H1835,,TLF,A0169,A0025,,,0.21,07/11/2016,07/08/2016,Egg,A,A,A
H1836,08/16/2016,"TLF,U",A0186,A0061,Female,6,0.2,07/11/2016,07/08/2016,Juvenile,A,A,A
H1837,,TLF,A0133,A0027,,,0.21,07/11/2016,07/08/2016,Egg,A,A,A
H1838,,TLF,A0245,A0013,,,0.15,07/11/2016,07/08/2016,Egg,A,A,A
H1839,08/16/2016,"TLF,D",A0183,A0077,Male,27,0.23,07/11/2016,07/08/2016,Juvenile,A,A,A
H1840,,TLF,N0112,N0010,,,0.24,07/11/2016,07/08/2016,Egg,N,N,N
H1841,08/18/2016,"TLF,U",A0194,A0042,Male,4,0.2,07/11/2016,07/08/2016,Juvenile,A,A,A
H1842,08/12/2016,"TLF,U",N0108,N0004,Female,4,0.13,07/11/2016,07/08/2016,Juvenile,N,N,N
H1843,,TLF,N0102,N0003,,,0.2,07/11/2016,07/08/2016,Egg,N,N,N
H1844,,TLF,N0102,N0003,,,0.21,07/11/2016,07/08/2016,Egg,N,N,N
H1845,,TLF,N0124,N0017,,,0.16,07/11/2016,07/08/2016,Egg,N,N,N
H1846,08/11/2016,"TLF,U",N0101,N0001,Male,1,0.19,07/11/2016,07/08/2016,Juvenile,N,N,N
H1847,08/14/2016,"TLF,U",A0145,A0034,Female,2,0.17,07/11/2016,07/08/2016,Juvenile,A,A,A
H1848,08/16/2016,"TLF,U",A0259,A0043,Female,8,0.2,07/11/2016,07/08/2016,Juvenile,A,A,A
H1849,,TLF,A0187,A0030,,,0.24,07/11/2016,07/08/2016,Egg,A,A,A
H1850,,TLF,A0153,A0065,,,0.2,07/11/2016,07/08/2016,Egg,A,A,A
H1851,08/05/2016,"TLF,U",V0029,,Female,252,0.18,07/11/2016,07/08/2016,Juvenile,V,,V
H1852,08/10/2016,"TLF,D",V0028,,Male,284,0.18,07/11/2016,07/08/2016,Juvenile,V,,V
H1853,08/08/2016,"TLF,U",V0013,,Male,3,0.22,07/11/2016,07/08/2016,Juvenile,V,,V
H1854,08/07/2016,"TLF,D; Not found, census 6/6/2018",V0014,,Female,,0.2,07/11/2016,07/08/2016,Juvenile,V,,V
H1855,08/06/2016,"TLF,D

 MISSING 03/25/2019 WR",V0015,,Male,,0.17,07/11/2016,07/08/2016,Juvenile,V,,V
H1856,08/08/2016,"TLF,D",V0019,,Male,,0.2,07/11/2016,07/08/2016,Juvenile,V,,V
H1857,08/10/2016,"TLF,U",V0025,,Male,575,0.19,07/11/2016,07/08/2016,Juvenile,V,,V
H1858,,TLF,V0012,,,,0.21,07/11/2016,07/08/2016,Egg,V,,V
H1859,,TLF,C0014,C0068,,,0.13,07/12/2016,07/11/2016,Egg,C,C,C
H1860,08/22/2016,"TLF,D; Not found, census 6/6/2018",A0212,A0048,Female,,0.19,07/12/2016,07/11/2016,Juvenile,A,A,A
H1861,08/17/2016,"TLF,D

MISSING 02/27/2019 WR",A0243,A0051,Female,,0.16,07/12/2016,07/11/2016,Juvenile,A,A,A
H1862,,TLF,C0019,C0073,,,0.2,07/12/2016,07/11/2016,Egg,C,C,C
H1863,08/19/2016,"TLF,U",A0215,A0038,Male,7,0.18,07/12/2016,07/11/2016,Juvenile,A,A,A
H1864,08/19/2016,"TLF,U",A0215,A0038,Male,3,0.16,07/12/2016,07/11/2016,Juvenile,A,A,A
H1865,08/15/2016,"TLF,U",N0111,N0005,Male,1,0.17,07/12/2016,07/11/2016,Juvenile,N,N,N
H1866,08/22/2016,"TLF,D",A0197,A0026,Female,15,0.21,07/12/2016,07/11/2016,Juvenile,A,A,A
H1867,08/12/2016,"TLF,U",N0115,N0007,Female,2,0.19,07/12/2016,07/11/2016,Juvenile,N,N,N
H1868,08/11/2016,"TLF,U",N0110,N0015,Female,573,0.14,07/12/2016,07/11/2016,Juvenile,N,N,N
H1869,08/15/2016,"TLF,U",C0018,C0069,Female,771,0.18,07/12/2016,07/11/2016,Juvenile,C,C,C
H1870,,TLF,V0004,V0064,,,0.18,07/12/2016,07/11/2016,Egg,V,V,V
H1871,,TLF,C0013,C0051,,,0.2,07/12/2016,07/11/2016,Egg,C,C,C
H1872,08/22/2016,"TLF,U",A0153,A0065,Male,764,0.18,07/13/2016,07/12/2016,Juvenile,A,A,A
H1873,08/15/2016,"TLF,U",V0005,V0068,Female,569,0.17,07/13/2016,07/12/2016,Juvenile,V,V,V
H1874,08/14/2016,"TLF,U",V0008,V0061,Male,8,0.21,07/13/2016,07/12/2016,Juvenile,V,V,V
H1875,08/19/2016,"TLF,U",A0172,A0033,Female,767,0.17,07/13/2016,07/12/2016,Juvenile,A,A,A
H1876,08/12/2016,"TLF,U; Missing 11/3/2016",N0108,N0004,Male,83,0.17,07/14/2016,07/13/2016,Juvenile,N,N,N
H1877,08/13/2016,"TLF,U",N0107,N0016,Male,571,0.13,07/14/2016,07/13/2016,Juvenile,N,N,N
H1878,08/18/2016,"TLF,D",A0145,A0034,Female,4,0.2,07/14/2016,07/13/2016,Juvenile,A,A,A
H1879,08/11/2016,"TLF,D",V0001,V0065,Female,,0.19,07/14/2016,07/13/2016,Juvenile,V,V,V
H1880,08/13/2016,"TLF,D; Not found, census 6/6/2018",V0003,V0056,Male,,0.23,07/15/2016,07/14/2016,Juvenile,V,V,V
H1881,08/11/2016,"TLF,U",V0009,V0069,Male,11,0.2,07/15/2016,07/14/2016,Juvenile,V,V,V
H1882,,TLF,V0006,V0062,,,0.18,07/15/2016,07/14/2016,Egg,V,V,V
H1883,,TLF,V0002,V0055,,,0.19,07/15/2016,07/14/2016,Egg,V,V,V
H1884,08/14/2016,"TLF,U",C0001,C0050,Female,9,0.19,07/15/2016,07/14/2016,Juvenile,C,C,C
H1885,08/13/2016,"TLF,U",C0020,C0061,Female,773,0.2,07/15/2016,07/14/2016,Juvenile,C,C,C
H1886,08/21/2016,"TLF,D",A0259,A0043,Male,,0.21,07/15/2016,07/14/2016,Juvenile,A,A,A
H1887,08/17/2016,"TLF,D",A0194,A0042,Male,2,0.19,07/15/2016,07/14/2016,Juvenile,A,A,A
H1888,08/17/2016,"TLF,U",A0133,A0027,Female,1,0.19,07/15/2016,07/14/2016,Juvenile,A,A,A
H1889,,TLF,A0245,A0013,,,0.17,07/15/2016,07/14/2016,Egg,A,A,A
H1890,08/18/2016,"TLF,D",A0183,A0077,Female,532,0.21,07/15/2016,07/14/2016,Juvenile,A,A,A
H1891,08/19/2016,"TLF,D; Not found, census 6/6/2018",A0162,A0028,Male,,0.2,07/15/2016,07/14/2016,Juvenile,A,A,A
H1892,,,A0139,A0023,,,0.17,07/18/2016,06/30/2016,Egg,A,A,A
H1893,08/09/2016,,A0171,A0022,Female,7,0.28,07/18/2016,06/30/2016,Juvenile,A,A,A
H1894,08/14/2016,,S0108,S0076,Female,772,0.24,07/18/2016,06/30/2016,Juvenile,S,S,S
H1895,,,A0104,A0048,,,0.22,07/18/2016,06/30/2016,Egg,A,A,A
H1896,,,A0104,A0048,,,0.24,07/18/2016,06/30/2016,Egg,A,A,A
H1897,08/16/2016,Missing 8/26/2016,A0193,A0027,Male,10,0.15,07/18/2016,06/30/2016,Juvenile,A,A,A
H1898,08/14/2016,,A0140,A0036,Female,4,0.2,07/18/2016,06/30/2016,Juvenile,A,A,A
H1899,08/15/2016,,A0200,A0071,Male,570,0.23,07/18/2016,06/30/2016,Juvenile,A,A,A
H1900,08/16/2016,,A0203,A0018,Female,0,0.18,07/18/2016,06/30/2016,Juvenile,A,A,A
H1901,,,A0188,A0068,,,0.22,07/18/2016,06/30/2016,Egg,A,A,A
H1902,08/18/2016,,S0120,S0024,Male,768,0.28,07/18/2016,06/30/2016,Juvenile,S,S,S
H1903,,,A0113,A0011,NA,,0.41,07/18/2016,06/30/2016,Egg,A,A,A
H1904,08/14/2016,,S0175,S0022,Female,775,0.33,07/18/2016,06/30/2016,Juvenile,S,S,S
H1905,08/13/2016,,A0214,A0013,Male,230,0.41,07/18/2016,06/30/2016,Juvenile,A,A,A
H1906,08/13/2016,"Not found, census 6/6/2018",A0120,A0053,Female,,0.3,07/18/2016,06/30/2016,Juvenile,A,A,A
H1907,08/18/2016,,A0166,A0044,NA,0,0.16,07/18/2016,06/30/2016,Juvenile,A,A,A
H1908,08/15/2016,"TLF,U",C0013,C0051,Male,1,0.22,07/18/2016,07/15/2016,Juvenile,C,C,C
H1909,08/17/2016,"TLF,U",C0008,C0065,Female,769,0.18,07/18/2016,07/15/2016,Juvenile,C,C,C
H1910,08/15/2016,"TLF,U",C0018,C0069,Male,771,0.21,07/18/2016,07/15/2016,Juvenile,C,C,C
H1911,08/15/2016,"TLF,U",V0009,V0069,Male,8,0.2,07/18/2016,07/15/2016,Juvenile,V,V,V
H1912,08/16/2016,"TLF,D",V0008,V0061,Male,,0.17,07/18/2016,07/15/2016,Juvenile,V,V,V
H1913,08/13/2016,"TLF,U",V0005,V0068,Male,3,0.17,07/18/2016,07/15/2016,Juvenile,V,V,V
H1914,,TLF,V0004,V0064,,,0.2,07/18/2016,07/15/2016,Egg,V,V,V
H1915,08/16/2016,"TLF,U; Date of death unknown",V0001,V0065,Male,,0.19,07/18/2016,07/15/2016,Juvenile,V,V,V
H1916,,TLF,N0111,N0005,,,0.18,07/18/2016,07/15/2016,Egg,N,N,N
H1917,,TLF,N0117,N0024,,,0.2,07/18/2016,07/15/2016,Egg,N,N,N
H1918,08/12/2016,"TLF,U",N0115,N0007,Male,2,0.17,07/18/2016,07/15/2016,Juvenile,N,N,N
H1919,08/15/2016,"TLF,U",N0110,N0015,Female,277,0.15,07/18/2016,07/15/2016,Juvenile,N,N,N
H1920,08/17/2016,"TLF,U",C0001,C0050,Male,7,0.22,07/18/2016,07/15/2016,Juvenile,C,C,C
H1921,,TLF,C0019,C0073,,,0.21,07/18/2016,07/15/2016,Egg,C,C,C
H1922,08/18/2016,"TLF,U",A0187,A0030,Male,4,0.24,07/18/2016,07/15/2016,Juvenile,A,A,A
H1923,08/23/2016,"TLF,D; Not found, census 6/6/2018",A0153,A0065,Female,,0.17,07/18/2016,07/15/2016,Juvenile,A,A,A
H1924,08/15/2016,"TLF,U",N0112,N0010,Female,7,0.23,07/18/2016,07/15/2016,Juvenile,N,N,N
H1925,08/16/2016,"TLF,U",N0107,N0016,Male,569,0.21,07/18/2016,07/15/2016,Juvenile,N,N,N
H1926,08/15/2016,"TLF,U",N0102,N0003,Male,13,0.19,07/18/2016,07/15/2016,Juvenile,N,N,N
H1927,08/16/2016,"TLF,U",N0124,N0017,Male,534,0.16,07/18/2016,07/15/2016,Juvenile,N,N,N
H1928,08/13/2016,"TLF,U",N0101,N0001,Male,89,0.21,07/18/2016,07/15/2016,Juvenile,N,N,N
H1929,08/24/2016,"TLF,U",A0186,A0061,Female,762,0.17,07/18/2016,07/15/2016,Juvenile,A,A,A
H1930,08/25/2016,"TLF,D",A0215,A0038,Male,18,0.15,07/18/2016,07/15/2016,Juvenile,A,A,A
H1931,08/23/2016,"TLF,U",A0154,A0016,Male,9,0.21,07/18/2016,07/15/2016,Juvenile,A,A,A
H1932,08/22/2016,"TLF,D",A0172,A0033,Male,,0.18,07/18/2016,07/15/2016,Juvenile,A,A,A
H1933,08/22/2016,"TLF,U",A0132,A0045,Female,342,0.19,07/18/2016,07/15/2016,Juvenile,A,A,A
H1934,08/22/2016,"TLF,U",A0197,A0026,Male,239,0.22,07/18/2016,07/15/2016,Juvenile,A,A,A
H1935,08/24/2016,"TLF,D; No date of death recorded",A0169,A0025,Male,,0.21,07/19/2016,07/18/2016,Juvenile,A,A,A
H1936,,TLF,V0006,V0062,,,0.19,07/19/2016,07/18/2016,Egg,V,V,V
H1937,08/17/2016,"TLF,D; Missing 2/10/2017",V0002,V0055,Female,177,0.15,07/19/2016,07/18/2016,Juvenile,V,V,V
H1938,08/18/2016,"TLF,U",N0115,N0007,Male,7,0.16,07/19/2016,07/18/2016,Juvenile,N,N,N
H1939,08/12/2016,"TLF,D",V0011,,Male,,0.23,07/19/2016,07/18/2016,Juvenile,V,,V
H1940,08/24/2016,"TLF,D",A0133,A0027,Male,,0.2,07/20/2016,07/19/2016,Juvenile,A,A,A
H1941,,TLF,A0245,A0013,,,0.15,07/20/2016,07/19/2016,Egg,A,A,A
H1942,08/24/2016,"TLF,D",A0183,A0077,Male,35,0.23,07/20/2016,07/19/2016,Juvenile,A,A,A
H1943,,TLF,A0162,A0028,,,0.18,07/20/2016,07/19/2016,Egg,A,A,A
H1944,08/19/2016,"TLF,U",V0005,V0068,Female,566,0.2,07/20/2016,07/19/2016,Juvenile,V,V,V
H1945,08/19/2016,"TLF,U",C0018,C0069,Male,6,0.2,07/20/2016,07/19/2016,Juvenile,C,C,C
H1946,,TLF,V0003,V0056,,,0.17,07/20/2016,07/19/2016,Egg,V,V,V
H1947,,TLF,C0019,C0073,,,0.19,07/20/2016,07/19/2016,Egg,C,C,C
H1948,08/25/2016,"TLF,U",A0259,A0043,Female,761,0.2,07/20/2016,07/19/2016,Juvenile,A,A,A
H1949,08/17/2016,"TLF,U",N0111,N0005,Female,5,0.18,07/20/2016,07/19/2016,Juvenile,N,N,N
H1950,08/26/2016,TLF,A0197,A0026,Female,0,0.24,07/21/2016,07/20/2016,Juvenile,A,A,A
H1951,08/18/2016,"TLF,U",C0008,C0065,Female,768,0.21,07/21/2016,07/20/2016,Juvenile,C,C,C
H1952,08/19/2016,"TLF,D",V0001,V0065,Male,,0.2,07/21/2016,07/20/2016,Juvenile,V,V,V
H1953,08/16/2016,"TLF,U",N0117,N0024,Female,1,0.19,07/21/2016,07/20/2016,Juvenile,N,N,N
H1954,08/21/2016,"TLF,U",C0001,C0050,Male,3,0.23,07/22/2016,07/21/2016,Juvenile,C,C,C
H1955,08/19/2016,"TLF,U",V0021,,Female,34,0.17,07/22/2016,07/21/2016,Juvenile,V,,V
H1956,,TLF,V0004,V0064,,,0.2,07/22/2016,07/21/2016,Egg,V,V,V
H1957,08/28/2016,"TLF,D
DEAD 12/17/18 WR",A0154,A0016,Male,841,0.21,07/22/2016,07/21/2016,Juvenile,A,A,A
H1958,,TLF,A0172,A0033,,,0.17,07/22/2016,07/21/2016,Egg,A,A,A
H1959,,TLF,A0195,A0039,,,0.16,07/22/2016,07/21/2016,Egg,A,A,A
H1960,08/22/2016,"TLF,U

MISSING WR",N0124,N0017,Male,,0.19,07/22/2016,07/21/2016,Juvenile,N,N,N
H1961,08/17/2016,"TLF,U",N0101,N0001,Male,1,0.22,07/22/2016,07/21/2016,Juvenile,N,N,N
H1962,,TLF,A0215,A0038,,,0.15,07/22/2016,07/21/2016,Egg,A,A,A
H1963,08/29/2016,"TLF,U",A0212,A0048,Male,10,0.18,07/22/2016,07/21/2016,Juvenile,A,A,A
H1964,08/23/2016,"TLF,U",A0194,A0042,Female,1,0.21,07/22/2016,07/21/2016,Juvenile,A,A,A
H1965,08/21/2016,"TLF,U",N0108,N0004,Female,326,0.17,07/22/2016,07/21/2016,Juvenile,N,N,N
H1966,08/20/2016,"TLF,U",N0102,N0003,Male,3,0.21,07/22/2016,07/21/2016,Juvenile,N,N,N
H1967,,TLF,A0145,A0034,,,0.18,07/22/2016,07/21/2016,Egg,A,A,A
H1968,08/26/2016,"TLF,D",A0187,A0030,Female,,0.19,07/22/2016,07/21/2016,Juvenile,A,A,A
H1969,08/30/2016,"TLF,D",A0259,A0043,Male,,0.21,07/25/2016,07/22/2016,Juvenile,A,A,A
H1970,08/29/2016,"TLF,D",A0219,A0053,Male,2,0.17,07/25/2016,07/22/2016,Juvenile,A,A,A
H1971,08/21/2016,"TLF,D; Not found, census 6/6/2018",V0012,,Male,,0.21,07/25/2016,07/22/2016,Juvenile,V,,V
H1972,08/31/2016,"TLF,D; Not found, census 6/6/2018",A0153,A0065,Male,,0.21,07/25/2016,07/22/2016,Juvenile,A,A,A
H1973,08/28/2016,"TLF,U",A0153,A0065,Male,1,0.25,07/25/2016,07/22/2016,Juvenile,A,A,A
H1974,08/21/2016,"TLF,U",V0020,,Male,564,0.18,07/25/2016,07/22/2016,Juvenile,V,,V
H1975,,TLF,N0114,N0011,,,0.16,07/25/2016,07/22/2016,Egg,N,N,N
H1976,08/21/2016,"TLF,U",N0112,N0010,Female,563,0.28,07/25/2016,07/22/2016,Juvenile,N,N,N
H1977,08/20/2016,"TLF,D",V0026,,,,0.21,07/25/2016,07/22/2016,Juvenile,V,,V
H1978,08/31/2016,"TLF,U",A0194,A0042,Male,22,0.19,07/25/2016,07/22/2016,Juvenile,A,A,A
H1979,08/23/2016,"TLF,D; Not found, census 6/6/2018",V0018,,Female,,0.19,07/25/2016,07/22/2016,Juvenile,V,,V
H1980,08/24/2016,"TLF,U",N0108,N0004,Male,323,0.16,07/25/2016,07/22/2016,Juvenile,N,N,N
H1981,,TLF,V0014,,,,0.2,07/25/2016,07/22/2016,Egg,V,,V
H1982,08/24/2016,"TLF,U",N0107,N0016,Male,561,0.2,07/25/2016,07/22/2016,Juvenile,N,N,N
H1983,08/25/2016,"TLF,U",C0013,C0051,Male,101,0.21,07/25/2016,07/22/2016,Juvenile,C,C,C
H1984,08/24/2016,"TLF,U",N0124,N0017,Male,104,0.19,07/25/2016,07/22/2016,Juvenile,N,N,N
H1985,08/22/2016,"TLF,U",V0003,V0056,Female,6,0.23,07/25/2016,07/22/2016,Juvenile,V,V,V
H1986,08/29/2016,"TLF,U",A0133,A0027,Female,757,0.19,07/25/2016,07/22/2016,Juvenile,A,A,A
H1987,08/23/2016,"TLF,U",C0018,C0069,Male,763,0.22,07/25/2016,07/22/2016,Juvenile,C,C,C
H1988,08/24/2016,"TLF,U",A0243,A0051,Female,6,0.19,07/25/2016,07/22/2016,Juvenile,A,A,A
H1989,08/23/2016,"TLF,U",C0008,C0065,Female,15,0.18,07/25/2016,07/22/2016,Juvenile,C,C,C
H1990,08/29/2016,"TLF,U",A0183,A0077,Female,1,0.15,07/25/2016,07/22/2016,Juvenile,A,A,A
H1991,08/22/2016,"TLF,D",V0005,V0068,Male,,0.18,07/25/2016,07/22/2016,Juvenile,V,V,V
H1992,08/24/2016,"TLF,U",V0005,V0068,Male,33,0.12,07/25/2016,07/22/2016,Juvenile,V,V,V
H1993,08/30/2016,"TLF,U",A0172,A0033,Male,756,0.17,07/25/2016,07/22/2016,Juvenile,A,A,A
H1994,08/25/2016,"TLF,D",V0008,V0061,Male,19,0.21,07/25/2016,07/22/2016,Juvenile,V,V,V
H1995,,TLF,A0162,A0028,,,0.17,07/25/2016,07/22/2016,Egg,A,A,A
H1996,,TLF,A0197,A0026,,,0.21,07/25/2016,07/22/2016,Egg,A,A,A
H1997,,TLF,V0004,V0064,,,0.19,07/25/2016,07/22/2016,Egg,V,V,V
H1998,08/29/2016,"TLF,D

DEAD WR",A0169,A0025,Male,687,0.2,07/25/2016,07/22/2016,Juvenile,A,A,A
H1999,,TLF,V0006,V0062,,,0.24,07/25/2016,07/22/2016,Egg,V,V,V
H2000,08/23/2016,"TLF,U",C0019,C0073,Male,3,0.2,07/25/2016,07/22/2016,Juvenile,C,C,C
H2001,08/23/2016,"TLF,U; Missing 5/27/2017",V0001,V0065,Male,277,0.21,07/25/2016,07/22/2016,Juvenile,V,V,V
H2002,,TLF,V0002,V0055,,,0.22,07/25/2016,07/22/2016,Egg,V,V,V
H2003,08/24/2016,"TLF,U",C0001,C0050,Female,51,0.24,07/25/2016,07/22/2016,Juvenile,C,C,C
H2004,08/23/2016,"TLF,U",N0115,N0007,Male,10,0.19,07/25/2016,07/22/2016,Juvenile,N,N,N
H2005,08/23/2016,"TLF,U",N0117,N0024,Male,324,0.2,07/25/2016,07/22/2016,Juvenile,N,N,N
H2006,08/22/2016,"TLF,U",N0111,N0005,Female,562,0.19,07/25/2016,07/22/2016,Juvenile,N,N,N
H2007,08/23/2016,"TLF,U",N0110,N0015,Male,101,0.18,07/25/2016,07/22/2016,Juvenile,N,N,N
H2008,,TLF,A0169,A0025,,,0.19,07/26/2016,07/25/2016,Egg,A,A,A
H2009,,TLF,A0205,A0058,,,0.17,07/26/2016,07/25/2016,Egg,A,A,A
H2010,08/31/2016,"TLF,D",A0154,A0016,Female,20,0.19,07/26/2016,07/25/2016,Juvenile,A,A,A
H2011,08/26/2016,"TLF,U",C0018,C0069,Male,760,0.18,07/26/2016,07/25/2016,Juvenile,C,C,C
H2012,08/31/2016,"TLF,D",A0212,A0048,Male,,0.16,07/26/2016,07/25/2016,Juvenile,A,A,A
H2014,,TLF,V0006,V0062,,,0.19,07/26/2016,07/25/2016,Egg,V,V,V
H2015,08/25/2016,"TLF,U",N0107,N0016,Female,100,0.2,07/26/2016,07/25/2016,Juvenile,N,N,N
H2016,08/25/2016,"TLF,U",V0001,V0065,Male,253,0.18,07/26/2016,07/25/2016,Juvenile,V,V,V
H2017,,TLF,V0002,V0055,,,0.17,07/26/2016,07/25/2016,Egg,V,V,V
H2018,08/22/2016,"TLF,U",N0115,N0007,Female,325,0.18,07/26/2016,07/25/2016,Juvenile,N,N,N
H2019,,TLF,C0020,C0061,,,0.18,07/26/2016,07/25/2016,Egg,C,C,C
H2020,,,A0108,A0061,,,0.29,07/27/2016,07/18/2016,Egg,A,A,A
H2021,,,A0148,A0007,,,0.2,07/27/2016,07/18/2016,Egg,A,A,A
H2022,08/27/2016,,S0102,S0035,Male,762,0.26,07/27/2016,07/18/2016,Juvenile,S,S,S
H2023,,,A0139,A0023,,,0.18,07/27/2016,07/18/2016,Egg,A,A,A
H2024,09/02/2016,"TLF,U",A0132,A0045,Male,725,0.19,07/27/2016,07/26/2016,Juvenile,A,A,A
H2025,09/02/2016,"TLF,U",A0197,A0026,Female,753,0.21,07/27/2016,07/26/2016,Juvenile,A,A,A
H2026,08/25/2016,"TLF,U",N0101,N0001,Male,31,0.16,07/27/2016,07/26/2016,Juvenile,N,N,N
H2027,08/27/2016,"TLF,U",C0019,C0073,Male,759,0.18,07/27/2016,07/26/2016,Juvenile,C,C,C
H2028,08/27/2016,"TLF,U",N0108,N0004,Female,557,0.15,07/28/2016,07/27/2016,Juvenile,N,N,N
H2029,08/27/2016,"TLF,D",V0009,V0069,Male,7,0.17,07/28/2016,07/27/2016,Juvenile,V,V,V
H2030,08/26/2016,"TLF,U",N0111,N0005,Female,321,0.21,07/28/2016,07/27/2016,Juvenile,N,N,N
H2031,,TLF,A0162,A0028,,,0.18,07/29/2016,07/28/2016,Egg,A,A,A
H2032,08/28/2016,"TLF,D",V0004,V0064,Male,,0.21,07/29/2016,07/28/2016,Juvenile,V,V,V
H2033,08/29/2016,"TLF,U",C0013,C0051,Female,757,0.23,07/29/2016,07/28/2016,Juvenile,C,C,C
H2034,08/31/2016,"TLF,U",V0009,V0069,Male,10,0.19,07/29/2016,07/28/2016,Juvenile,V,V,V
H2035,08/29/2016,"TLF,U",C0001,C0050,Male,757,0.2,07/29/2016,07/28/2016,Juvenile,C,C,C
H2036,08/26/2016,"TLF,U",N0110,N0015,Female,558,0.16,07/29/2016,07/28/2016,Juvenile,N,N,N
H2037,08/28/2016,"TLF,U
missing
",V0025,,Male,,0.16,08/01/2016,07/29/2016,Juvenile,V,,V
H2038,,TLF,V0005,V0068,,,0.15,08/01/2016,07/29/2016,Egg,V,V,V
H2039,09/01/2016,"TLF,D; Not found, census 6/6/2018",V0004,V0064,Male,,0.2,08/01/2016,07/29/2016,Juvenile,V,V,V
H2040,08/31/2016,"TLF,D

DEAD WR",V0002,V0055,Male,583,0.19,08/01/2016,07/29/2016,Juvenile,V,V,V
H2041,08/29/2016,"TLF,U",V0001,V0065,Female,555,0.2,08/01/2016,07/29/2016,Juvenile,V,V,V
H2042,08/29/2016,"TLF,U",V0006,V0062,Female,3,0.21,08/01/2016,07/29/2016,Juvenile,V,V,V
H2043,08/31/2016,"TLF,U; Missing 10/9/2016",C0008,C0065,Female,39,0.22,08/01/2016,07/29/2016,Juvenile,C,C,C
H2044,08/31/2016,"TLF,U",C0018,C0069,Male,755,0.22,08/01/2016,07/29/2016,Juvenile,C,C,C
H2045,08/29/2016,"TLF,D",V0003,V0056,Male,,0.24,08/01/2016,07/29/2016,Juvenile,V,V,V
H2046,08/31/2016,"TLF,U",V0003,V0056,Female,105,0.18,08/01/2016,07/29/2016,Juvenile,V,V,V
H2047,,TLF,C0001,C0050,,,0.2,08/01/2016,07/29/2016,Egg,C,C,C
H2048,08/30/2016,"TLF,U
missing",C0019,C0073,Male,,0.18,08/01/2016,07/29/2016,Juvenile,C,C,C
H2049,08/29/2016,"TLF,U",N0124,N0017,Male,318,0.17,08/01/2016,07/29/2016,Juvenile,N,N,N
H2050,08/31/2016,"TLF,U",N0111,N0005,Female,553,0.18,08/01/2016,07/29/2016,Juvenile,N,N,N
H2051,08/30/2016,"TLF,U",N0115,N0007,Male,113,0.22,08/01/2016,07/29/2016,Juvenile,N,N,N
H2052,,TLF,A0153,A0065,,,0.16,08/01/2016,07/29/2016,Egg,A,A,A
H2053,08/30/2016,"TLF,U; Missing 2/10/2017",N0112,N0010,Male,164,0.24,08/01/2016,07/29/2016,Juvenile,N,N,N
H2054,08/31/2016,"TLF,U",N0108,N0004,Female,316,0.14,08/01/2016,07/29/2016,Juvenile,N,N,N
H2055,,TLF,N0107,N0016,,,0.19,08/01/2016,07/29/2016,Egg,N,N,N
H2056,,TLF,A0169,A0025,,,0.18,08/01/2016,07/29/2016,Egg,A,A,A
H2057,09/06/2016,"TLF,D",A0259,A0043,Male,721,0.2,08/01/2016,07/29/2016,Juvenile,A,A,A
H2058,09/10/2016,"TLF,D

DEAD WR",A0245,A0013,Male,579,0.15,08/01/2016,07/29/2016,Juvenile,A,A,A
H2059,09/05/2016,"TLF,U",A0183,A0077,Male,530,0.15,08/01/2016,07/29/2016,Juvenile,A,A,A
H2060,09/06/2016,"TLF,U",A0154,A0016,Female,749,0.21,08/01/2016,07/29/2016,Juvenile,A,A,A
H2061,09/02/2016,"TLF,D",A0172,A0033,Male,10,0.19,08/01/2016,07/29/2016,Juvenile,A,A,A
H2062,,TLF,A0162,A0028,,,0.19,08/01/2016,07/29/2016,Egg,A,A,A
H2063,,TLF,A0205,A0058,,,0.19,08/01/2016,07/29/2016,Egg,A,A,A
H2064,09/04/2016,"TLF,D",A0186,A0061,Female,,0.22,08/01/2016,07/29/2016,Juvenile,A,A,A
H2065,09/06/2016,"TLF,D",A0133,A0027,Female,,0.18,08/02/2016,08/01/2016,Juvenile,A,A,A
H2066,09/06/2016,"TLF,U",A0215,A0038,Female,749,0.18,08/02/2016,08/01/2016,Juvenile,A,A,A
H2067,09/07/2016,"TLF,D",A0187,A0030,Female,596,0.23,08/02/2016,08/01/2016,Juvenile,A,A,A
H2068,09/07/2016,"TLF,D",A0197,A0026,Male,720,0.18,08/02/2016,08/01/2016,Juvenile,A,A,A
H2069,08/30/2016,"TLF,U",N0101,N0001,Female,554,0.15,08/02/2016,08/01/2016,Juvenile,N,N,N
H2070,08/31/2016,"TLF,U",C0013,C0051,Male,117,0.21,08/02/2016,08/01/2016,Juvenile,C,C,C
H2071,08/29/2016,"TLF,U",N0110,N0015,Female,318,0.16,08/02/2016,08/01/2016,Juvenile,N,N,N
H2072,09/01/2016,"TLF,D

DEAD WR",V0008,V0061,Male,588,0.2,08/02/2016,08/01/2016,Juvenile,V,V,V
H2073,09/02/2016,"TLF,U; Not found, census 6/6/2018",C0019,C0073,Male,,0.18,08/02/2016,08/01/2016,Juvenile,C,C,C
H2074,08/29/2016,"TLF,D",V0013,,Female,3,0.15,08/02/2016,08/01/2016,Juvenile,V,,V
H2075,08/30/2016,"TLF,U",V0023,,Male,535,0.17,08/02/2016,08/01/2016,Juvenile,V,,V
H2076,09/03/2016,"TLF,U",C0018,C0069,Male,313,0.19,08/03/2016,08/02/2016,Juvenile,C,C,C
H2077,09/03/2016,"TLF,U",C0020,C0061,Female,752,0.19,08/03/2016,08/02/2016,Juvenile,C,C,C
H2078,08/30/2016,"TLF,D",V0006,V0062,Female,4,0.22,08/03/2016,08/02/2016,Juvenile,V,V,V
H2079,09/07/2016,"TLF,U",A0172,A0033,Female,,0.16,08/03/2016,08/02/2016,Juvenile,A,A,A
H2080,09/08/2016,"TLF,U",A0194,A0042,Male,571,0.2,08/03/2016,08/02/2016,Juvenile,A,A,A
H2081,08/31/2016,"TLF,U",N0124,N0017,Male,316,0.18,08/03/2016,08/02/2016,Juvenile,N,N,N
H2082,09/02/2016,"TLF,U",N0102,N0003,Male,314,0.17,08/03/2016,08/02/2016,Juvenile,N,N,N
H2083,09/02/2016,"TLF,U",N0107,N0016,Female,551,0.2,08/03/2016,08/02/2016,Juvenile,N,N,N
H2084,09/01/2016,"TLF,U",V0002,V0055,Male,552,0.17,08/04/2016,08/03/2016,Juvenile,V,V,V
H2085,,TLF,V0001,V0065,,,0.12,08/04/2016,08/03/2016,Egg,V,V,V
H2086,09/02/2016,"TLF,U",C0008,C0065,Female,314,0.19,08/04/2016,08/03/2016,Juvenile,C,C,C
H2087,09/01/2016,"TLF,U",N0115,N0007,Female,552,0.16,08/04/2016,08/03/2016,Juvenile,N,N,N
H2089,,TLF,A0205,A0058,,,0.2,08/04/2016,08/03/2016,Egg,A,A,A
H2090,09/07/2016,"TLF,U",A0219,A0053,Male,,0.16,08/04/2016,08/03/2016,Juvenile,A,A,A
H2092,09/02/2016,,A0121,A0055,Male,2,0.24,08/05/2016,07/27/2016,Juvenile,A,A,A
H2093,09/02/2016,,A0166,A0044,Female,13,0.22,08/05/2016,07/27/2016,Juvenile,A,A,A
H2094,09/02/2016,,A0119,A0051,Female,1,0.17,08/05/2016,07/27/2016,Juvenile,A,A,A
H2095,09/08/2016,,A0120,A0053,Male,14,0.15,08/05/2016,07/27/2016,Juvenile,A,A,A
H2096,09/05/2016,"TLF,U",C0020,C0061,Male,103,0.19,08/05/2016,08/04/2016,Juvenile,C,C,C
H2097,,TLF,C0001,C0050,,,0.24,08/05/2016,08/04/2016,Egg,C,C,C
H2098,,TLF,N0111,N0005,,,0.2,08/05/2016,08/04/2016,Egg,N,N,N
H2099,09/05/2016,"TLF,U; Not found, census 6/6/2018",C0013,C0051,Male,,0.21,08/05/2016,08/04/2016,Juvenile,C,C,C
H3000,,TLF,A0154,A0016,,,0.21,08/05/2016,08/04/2016,Egg,A,A,A
H3001,09/04/2016,"TLF,U",N0108,N0004,Male,549,0.17,08/05/2016,08/04/2016,Juvenile,N,N,N
H3002,,TLF,A0153,A0065,,,0.16,08/05/2016,08/04/2016,Egg,A,A,A
H3003,09/09/2016,"TLF,D; Missing 1/22/2017",A0145,A0034,Female,135,0.15,08/05/2016,08/04/2016,Juvenile,A,A,A
H3004,09/08/2016,"TLF,D",A0259,A0043,Male,47,0.21,08/05/2016,08/04/2016,Juvenile,A,A,A
H3005,09/10/2016,"TLF,U",A0186,A0061,Female,745,0.21,08/09/2016,08/05/2016,Juvenile,A,A,A
H3006,,TLF,A0245,A0013,,,0.2,08/09/2016,08/05/2016,Egg,A,A,A
H3007,09/12/2016,"TLF,U; Missing 9/15/2016",A0153,A0065,Female,3,0.2,08/09/2016,08/05/2016,Juvenile,A,A,A
H3008,,TLF,A0215,A0038,,,0.21,08/09/2016,08/05/2016,Egg,A,A,A
H3009,09/08/2016,"TLF,U",N0108,N0004,Female,308,0.16,08/09/2016,08/05/2016,Juvenile,N,N,N
H3010,,TLF,A0172,A0033,,,0.2,08/09/2016,08/05/2016,Egg,A,A,A
H3011,09/07/2016,"TLF,U",N0112,N0010,Male,546,0.23,08/09/2016,08/05/2016,Juvenile,N,N,N
H3012,,TLF,N0114,N0011,,,0.21,08/09/2016,08/05/2016,Egg,N,N,N
H3013,09/11/2016,"TLF,U",A0132,A0045,Male,744,0.19,08/09/2016,08/05/2016,Juvenile,A,A,A
H3014,09/03/2016,"TLF,U
MISSING 2/8/2018",N0101,N0001,Female,523,0.23,08/09/2016,08/05/2016,Juvenile,N,N,N
H3015,,TLF,N0124,N0017,,,0.18,08/09/2016,08/05/2016,Egg,N,N,N
H3016,09/07/2016,"TLF,U",N0102,N0003,Male,,0.21,08/09/2016,08/05/2016,Juvenile,N,N,N
H3017,09/13/2016,"TLF,D",A0162,A0028,Male,714,0.17,08/09/2016,08/05/2016,Juvenile,A,A,A
H3018,,TLF,A0195,A0039,,,0.12,08/09/2016,08/05/2016,Egg,A,A,A
H3019,,TLF,A0195,A0039,,,0.21,08/09/2016,08/05/2016,Egg,A,A,A
H3020,09/07/2016,"TLF,U",N0107,N0016,Male,309,0.19,08/09/2016,08/05/2016,Juvenile,N,N,N
H3021,09/08/2016,"TLF,U; Missing 3/18/2017",C0013,C0051,Male,191,0.21,08/09/2016,08/05/2016,Juvenile,C,C,C
H3022,09/06/2016,"TLF,U",N0115,N0007,Female,9,0.19,08/09/2016,08/05/2016,Juvenile,N,N,N
H3023,09/07/2016,"TLF,U",N0117,N0024,Male,309,0.23,08/09/2016,08/05/2016,Juvenile,N,N,N
H3024,09/12/2016,"TLF,D; Not found, census 6/6/2018",A0169,A0025,Male,,0.19,08/09/2016,08/05/2016,Juvenile,A,A,A
H3025,09/13/2016,"TLF,U
DEAD WR",A0197,A0026,Male,582,0.23,08/09/2016,08/05/2016,Juvenile,A,A,A
H3026,,TLF,C0018,C0069,,,0.2,08/09/2016,08/05/2016,Egg,C,C,C
H3027,09/06/2016,"TLF,U",N0110,N0015,Male,310,0.2,08/09/2016,08/05/2016,Juvenile,N,N,N
H3028,,TLF,V0004,V0064,,,0.22,08/09/2016,08/05/2016,Egg,V,V,V
H3029,09/09/2016,"TLF,U",C0001,C0050,Male,74,0.19,08/09/2016,08/05/2016,Juvenile,C,C,C
H3030,09/05/2016,"TLF,U",V0005,V0068,Male,548,0.2,08/09/2016,08/05/2016,Juvenile,V,V,V
H3031,,TLF,V0008,V0061,,,0.21,08/09/2016,08/05/2016,Egg,V,V,V
H3032,09/08/2016,"TLF,U",C0005,C0057,Female,747,0.24,08/09/2016,08/05/2016,Juvenile,C,C,C
H3033,,TLF,V0006,V0062,,,0.22,08/09/2016,08/05/2016,Egg,V,V,V
H3034,09/06/2016,"TLF,D; Not found, census 9/26/2018",V0001,V0065,Female,,0.18,08/09/2016,08/05/2016,Juvenile,V,V,V
H3035,,TLF,V0002,V0055,,,0.21,08/09/2016,08/05/2016,Egg,V,V,V
H3036,09/07/2016,"TLF,U",C0019,C0073,Male,64,0.23,08/09/2016,08/05/2016,Juvenile,C,C,C
H3037,09/09/2016,"TLF,U",N0111,N0005,Male,307,0.2,08/10/2016,08/09/2016,Juvenile,N,N,N
H3038,09/08/2016,"TLF,U",C0008,C0065,Female,747,0.21,08/10/2016,08/09/2016,Juvenile,C,C,C
H3039,09/07/2016,"TLF,U",N0110,N0015,Male,546,0.18,08/10/2016,08/09/2016,Juvenile,N,N,N
H3040,09/07/2016,"TLF,D; Not found, census 6/6/2018",V0004,V0064,Male,,0.23,08/10/2016,08/09/2016,Juvenile,V,V,V
H3041,,TLF,A0145,A0034,,,0.15,08/10/2016,08/09/2016,Egg,A,A,A
H3042,,TLF,V0006,V0062,,,0.2,08/10/2016,08/09/2016,Egg,V,V,V
H3043,,TLF,A0212,A0048,,,0.17,08/10/2016,08/09/2016,Egg,A,A,A
H3044,,TLF,A0212,A0048,,,0.17,08/10/2016,08/09/2016,Egg,A,A,A
H3045,09/17/2016,"TLF,U

Missing 3/29/18
WR",A0169,A0025,Male,558,0.17,08/10/2016,08/09/2016,Juvenile,A,A,A
H3046,09/07/2016,"TLF,U",N0101,N0001,Male,309,0.2,08/10/2016,08/09/2016,Juvenile,N,N,N
H3047,09/08/2016,"TLF,U",N0124,N0017,Male,545,0.18,08/10/2016,08/09/2016,Juvenile,N,N,N
H3048,,TLF,C0019,C0073,,,0.2,08/11/2016,08/10/2016,Egg,C,C,C
H3049,,TLF,V0005,V0068,,,0.17,08/11/2016,08/10/2016,Egg,V,V,V
H3050,09/10/2016,"TLF,D",V0003,V0056,Female,,0.19,08/11/2016,08/10/2016,Juvenile,V,V,V
H3051,,TLF,N0117,N0024,,,0.17,08/11/2016,08/10/2016,Egg,N,N,N
H3052,09/10/2016,"TLF,U",N0107,N0016,Male,,0.15,08/11/2016,08/10/2016,Juvenile,N,N,N
H3053,09/13/2016,"TLF,D",A0154,A0016,Male,,0.18,08/11/2016,08/10/2016,Juvenile,A,A,A
H3054,09/13/2016,"TLF,U",A0187,A0030,Female,742,0.2,08/11/2016,08/10/2016,Juvenile,A,A,A
H3055,,TLF,C0020,C0061,,,0.2,08/12/2016,08/11/2016,Egg,C,C,C
H3056,09/12/2016,"TLF,U",C0025,C0060,Female,304,0.19,08/12/2016,08/11/2016,Juvenile,C,C,C
H3057,09/10/2016,"TLF,U",V0001,V0065,Female,543,0.17,08/12/2016,08/11/2016,Juvenile,V,V,V
H3058,09/12/2016,"TLF,U",C0001,C0050,Male,743,0.22,08/12/2016,08/11/2016,Juvenile,C,C,C
H3059,09/15/2016,"TLF,D

DEAD WR

",A0197,A0026,Female,665,0.16,08/12/2016,08/11/2016,Juvenile,A,A,A
H3060,09/11/2016,"TLF,U",N0102,N0003,Male,4,0.19,08/12/2016,08/11/2016,Juvenile,N,N,N
H3061,09/13/2016,"TLF,U",N0114,N0011,Male,540,0.18,08/12/2016,08/11/2016,Juvenile,N,N,N
H3062,09/17/2016,"TLF,U; Not found, census 9/26/2018",A0194,A0042,Male,,0.27,08/12/2016,08/11/2016,Juvenile,A,A,A
H3063,09/13/2016,"TLF,D; Missing 9/19/2016",A0183,A0077,Female,6,0.12,08/12/2016,08/11/2016,Juvenile,A,A,A
H3064,09/15/2016,"TLF,U",A0215,A0038,Female,740,0.15,08/12/2016,08/11/2016,Juvenile,A,A,A
H3065,09/17/2016,"TLF,D",A0259,A0043,Male,459,0.2,08/12/2016,08/11/2016,Juvenile,A,A,A
H3066,,TLF,A0162,A0028,,,0.21,08/15/2016,08/12/2016,Egg,A,A,A
H3067,09/14/2016,"TLF,U",N0124,N0017,Male,302,0.17,08/15/2016,08/12/2016,Juvenile,N,N,N
H3068,09/20/2016,"TLF,D

MISSING 02/11/2019 WR",A0172,A0033,Female,,0.14,08/15/2016,08/12/2016,Juvenile,A,A,A
H3069,09/13/2016,"TLF,U",N0108,N0004,Male,303,0.18,08/15/2016,08/12/2016,Juvenile,N,N,N
H3070,09/14/2016,"TLF,U",N0101,N0001,Male,539,0.21,08/15/2016,08/12/2016,Juvenile,N,N,N
H3071,,TLF,N0107,N0016,,,0.12,08/15/2016,08/12/2016,Egg,N,N,N
H3072,09/15/2016,"TLF,U; Not found, census 9/26/2018
skinny",A0219,A0053,Male,,0.21,08/15/2016,08/12/2016,Juvenile,A,A,A
H3073,09/20/2016,"TLF,U; 9/21/2016",A0153,A0065,Female,1,0.15,08/15/2016,08/12/2016,Juvenile,A,A,A
H3074,09/17/2016,"TLF,D; Not found, census 6/6/2018",A0243,A0051,Female,,0.23,08/15/2016,08/12/2016,Juvenile,A,A,A
H3075,09/21/2016,"TLF,U",A0245,A0013,Female,737,0.18,08/15/2016,08/12/2016,Juvenile,A,A,A
H3076,09/14/2016,"TLF,U",V0001,V0065,Female,539,0.15,08/15/2016,08/12/2016,Juvenile,V,V,V
H3077,09/12/2016,"TLF,U",V0006,V0062,Female,3,0.18,08/15/2016,08/12/2016,Juvenile,V,V,V
H3078,09/17/2016,"TLF,D; Missing 8/31/2018",A0186,A0061,Female,713,0.21,08/15/2016,08/12/2016,Juvenile,A,A,A
H3079,,TLF,A0133,A0027,,,0.15,08/15/2016,08/12/2016,Egg,A,A,A
H3080,09/13/2016,"TLF,D",V0004,V0064,Male,,0.19,08/15/2016,08/12/2016,Juvenile,V,V,V
H3081,09/12/2016,"TLF,U",C0019,C0073,Male,743,0.21,08/15/2016,08/12/2016,Juvenile,C,C,C
H3082,,TLF,V0002,V0055,,,0.18,08/15/2016,08/12/2016,Egg,V,V,V
H3083,09/11/2016,"TLF,D",V0009,V0069,Male,,0.22,08/15/2016,08/12/2016,Juvenile,V,V,V
H3084,09/11/2016,"TLF,U",V0009,V0069,Male,543,0.17,08/15/2016,08/12/2016,Juvenile,V,V,V
H3085,09/13/2016,TLF; Escaped in lab 9/13/2016,V0005,V0068,Female,0,0.16,08/15/2016,08/12/2016,Juvenile,V,V,V
H3086,09/14/2016,"TLF,U",C0001,C0050,Female,741,0.18,08/15/2016,08/12/2016,Juvenile,C,C,C
H3087,09/13/2016,"TLF,U",C0013,C0051,Female,303,0.22,08/15/2016,08/12/2016,Juvenile,C,C,C
H3088,09/13/2016,"TLF,U",N0110,N0015,Female,303,0.14,08/15/2016,08/12/2016,Juvenile,N,N,N
H3089,09/12/2016,"TLF,U",C0018,C0069,Female,743,0.19,08/15/2016,08/12/2016,Juvenile,C,C,C
H3090,09/12/2016,"TLF,U",N0111,N0005,Female,304,0.19,08/15/2016,08/12/2016,Juvenile,N,N,N
H3091,09/12/2016,"TLF,U",N0115,N0007,Female,541,0.18,08/15/2016,08/12/2016,Juvenile,N,N,N
H3092,09/14/2016,"TLF,U",V0002,V0055,Male,539,0.14,08/16/2016,08/15/2016,Juvenile,V,V,V
H3093,09/14/2016,"TLF,U",C0008,C0065,Female,741,0.21,08/16/2016,08/15/2016,Juvenile,C,C,C
H3094,09/14/2016,"TLF,D",V0003,V0056,Female,,0.21,08/16/2016,08/15/2016,Juvenile,V,V,V
H3095,09/21/2016,"TLF,D",A0197,A0026,Male,,0.14,08/16/2016,08/15/2016,Juvenile,A,A,A
H3096,,TLF,C0013,C0051,,,0.22,08/16/2016,08/15/2016,Egg,C,C,C
H3097,09/20/2016,"TLF,D; Not found, census 6/6/2018",A0205,A0058,Male,,0.16,08/16/2016,08/15/2016,Juvenile,A,A,A
H3098,09/16/2016,"TLF,U",N0114,N0011,Male,300,0.17,08/16/2016,08/15/2016,Juvenile,N,N,N
H3099,09/22/2016,"TLF,D",A0194,A0042,Male,,0.19,08/16/2016,08/15/2016,Juvenile,A,A,A
H3100,09/18/2016,"TLF,U",A0154,A0016,Male,0,0.18,08/16/2016,08/15/2016,Juvenile,A,A,A
H3101,,TLF,A0145,A0034,,,0.16,08/16/2016,08/15/2016,Egg,A,A,A
H3102,09/20/2016,"TLF,U",A0259,A0043,Female,735,0.16,08/16/2016,08/15/2016,Juvenile,A,A,A
H3103,09/14/2016,"TLF,U",N0108,N0004,Male,12,0.15,08/17/2016,08/16/2016,Juvenile,N,N,N
H3104,09/16/2016,"TLF,U",N0102,N0003,Male,233,0.16,08/17/2016,08/16/2016,Juvenile,N,N,N
H3105,09/15/2016,"TLF,U",N0124,N0017,Male,301,0.15,08/17/2016,08/16/2016,Juvenile,N,N,N
H3106,09/18/2016,"TLF,D",A0183,A0077,Female,725,0.12,08/17/2016,08/16/2016,Juvenile,A,A,A
H3107,,TLF,A0162,A0028,,,0.1,08/17/2016,08/16/2016,Egg,A,A,A
H3108,09/17/2016,"TLF,U",C0008,C0065,Male,738,0.19,08/17/2016,08/16/2016,Juvenile,C,C,C
"H3109
",09/06/2016,"TLF,D; Mislabeled as H3169 at death",V0011,,Male,538,0.25,08/17/2016,08/10/2016,Juvenile,V,,V
H3110,09/07/2016,"TLF,U",V0015,,Male,210,0.2,08/17/2016,08/10/2016,Juvenile,V,,V
H3111,09/06/2016,"TLF,U",V0014,,Male,547,0.26,08/17/2016,08/10/2016,Juvenile,V,,V
H3112,,TLF,C0018,C0069,,,0.16,08/18/2016,08/17/2016,Egg,C,C,C
H3113,09/14/2016,"TLF,D",V0006,V0062,Female,5,0.18,08/18/2016,08/17/2016,Juvenile,V,V,V
H3114,09/16/2016,"TLF,U",N0115,N0007,Female,537,0.19,08/18/2016,08/17/2016,Juvenile,N,N,N
H3115,09/16/2016,"TLF,U",N0111,N0005,Female,537,0.2,08/18/2016,08/17/2016,Juvenile,N,N,N
H3116,09/18/2016,"TLF,U",C0020,C0061,Male,,0.16,08/18/2016,08/17/2016,Juvenile,C,C,C
H3117,09/18/2016,"TLF,U",C0019,C0073,Male,298,0.15,08/18/2016,08/17/2016,Juvenile,C,C,C
H3118,,TLF,N0107,N0016,,,0.17,08/18/2016,08/17/2016,Egg,N,N,N
H3119,09/21/2016,"TLF,U",A0169,A0025,Male,5,0.19,08/19/2016,08/18/2016,Juvenile,A,A,A
H3120,09/17/2016,"TLF,U",N0101,N0001,Female,299,0.21,08/19/2016,08/18/2016,Juvenile,N,N,N
H3121,09/19/2016,"TLF,U",N0114,N0011,Female,534,0.2,08/19/2016,08/18/2016,Juvenile,N,N,N
H3122,09/19/2016,"TLF,U",C0025,C0060,Female,736,0.18,08/19/2016,08/18/2016,Juvenile,C,C,C
H3123,09/17/2016,"TLF,D",V0004,V0064,Female,,0.19,08/19/2016,08/18/2016,Juvenile,V,V,V
H3124,,TLF,N0122,N0009,,,0.19,08/19/2016,08/18/2016,Egg,N,N,N
H3125,09/20/2016,"TLF,U",N0115,N0007,Female,296,0.15,08/22/2016,08/19/2016,Juvenile,N,N,N
H3126,09/20/2016,"TLF,U",N0111,N0005,Male,296,0.17,08/22/2016,08/19/2016,Juvenile,N,N,N
H3127,09/20/2016,"TLF,U",N0122,N0009,Male,296,0.2,08/22/2016,08/19/2016,Juvenile,N,N,N
H3128,09/18/2016,"TLF,U",N0110,N0015,Female,535,0.18,08/22/2016,08/19/2016,Juvenile,N,N,N
H3129,09/19/2016,"TLF,U",C0013,C0051,Male,7,0.23,08/22/2016,08/19/2016,Juvenile,C,C,C
H3130,09/21/2016,"TLF,U",C0001,C0050,Male,706,0.18,08/22/2016,08/19/2016,Juvenile,C,C,C
H3131,09/19/2016,"TLF,D",V0005,V0068,Female,,0.18,08/22/2016,08/19/2016,Juvenile,V,V,V
H3132,09/20/2016,"TLF,D",V0008,V0061,Male,,0.22,08/22/2016,08/19/2016,Juvenile,V,V,V
H3133,09/19/2016,"TLF,U",V0002,V0055,Male,534,0.15,08/22/2016,08/19/2016,Juvenile,V,V,V
H3134,09/21/2016,"TLF,U",C0020,C0061,Female,295,0.18,08/22/2016,08/19/2016,Juvenile,C,C,C
H3135,09/20/2016,"TLF,U

Found dead 02/12/18 WR",C0019,C0073,Male,510,0.19,08/22/2016,08/19/2016,Adult,C,C,C
H3136,09/21/2016,"TLF,U",V0004,V0064,Male,603,0.18,08/22/2016,08/19/2016,Juvenile,V,V,V
H3137,09/26/2016,"TLF,U",A0145,A0034,Female,729,0.17,08/22/2016,08/19/2016,Juvenile,A,A,A
H3138,,TLF,V0006,V0062,,,0.17,08/22/2016,08/19/2016,Egg,V,V,V
H3139,09/19/2016,"TLF,U",V0001,V0065,Male,534,0.18,08/22/2016,08/19/2016,Juvenile,V,V,V
H3140,09/23/2016,"TLF,U",A0243,A0051,Female,732,0.16,08/22/2016,08/19/2016,Juvenile,A,A,A
H3141,09/25/2016,"TLF,D",A0195,A0039,Male,,0.14,08/22/2016,08/19/2016,Juvenile,A,A,A
H3142,09/26/2016,"TLF,D",A0195,A0039,Female,,0.18,08/22/2016,08/19/2016,Juvenile,A,A,A
H3143,,TLF,N0107,N0016,,,0.13,08/22/2016,08/19/2016,Egg,N,N,N
H3144,09/20/2016,"TLF,U",N0108,N0004,Male,2,0.18,08/22/2016,08/19/2016,Juvenile,N,N,N
H3145,09/25/2016,"TLF,U",A0172,A0033,Female,730,0.17,08/22/2016,08/19/2016,Juvenile,A,A,A
H3146,09/28/2016,"TLF,U",A0169,A0025,Female,727,0.16,08/22/2016,08/19/2016,Juvenile,A,A,A
H3147,09/28/2016,"TLF,D

DEAD WR",A0132,A0045,Male,566,0.19,08/22/2016,08/19/2016,Juvenile,A,A,A
H3148,09/21/2016,"TLF,U
MISSING ",N0101,N0001,Male,532,0.18,08/22/2016,08/19/2016,Juvenile,N,N,N
H3149,09/21/2016,"TLF,U
MISSING",N0124,N0017,Male,,0.16,08/22/2016,08/19/2016,Juvenile,N,N,N
H3150,09/21/2016,"TLF,U
MISSING ",N0102,N0003,Male,,0.16,08/22/2016,08/19/2016,Juvenile,N,N,N
H3151,,TLF,A0162,A0028,,,0.13,08/22/2016,08/19/2016,Egg,A,A,A
H3152,,TLF,A0212,A0048,,,0.1,08/23/2016,08/22/2016,Egg,A,A,A
H3153,09/25/2016,"TLF,D",A0153,A0065,Male,702,0.11,08/23/2016,08/22/2016,Juvenile,A,A,A
H3154,09/27/2016,"TLF,D",A0153,A0065,Female,703,0.12,08/23/2016,08/22/2016,Juvenile,A,A,A
H3155,09/26/2016,"TLF,U",A0215,A0038,Male,7,0.15,08/23/2016,08/22/2016,Juvenile,A,A,A
H3156,09/23/2016,"TLF,U",N0114,N0011,Male,293,0.18,08/23/2016,08/22/2016,Juvenile,N,N,N
H3157,09/21/2016,"TLF,U",C0013,C0051,Male,7,0.18,08/23/2016,08/22/2016,Juvenile,C,C,C
H3158,09/28/2016,"TLF,U",A0197,A0026,Female,727,0.15,08/23/2016,08/22/2016,Juvenile,A,A,A
H3159,09/23/2016,"TLF,D; Missing 9/13/2018
",V0003,V0056,Male,720,0.21,08/23/2016,08/22/2016,Juvenile,V,V,V
H3160,09/22/2016,"TLF,U, missing 11/15/2017
",N0110,N0015,Female,419,0.12,08/23/2016,08/22/2016,Juvenile,N,N,N
H3161,,TLF,A0154,A0016,,,0.14,08/24/2016,08/23/2016,Egg,A,A,A
H3162,,TLF,A0194,A0042,,,0.16,08/24/2016,08/23/2016,Egg,A,A,A
H3163,09/23/2016,"TLF,U",N0124,N0017,Male,10,0.13,08/24/2016,08/23/2016,Juvenile,N,N,N
H3164,09/22/2016,"TLF,U",V0009,V0069,Male,531,0.15,08/24/2016,08/23/2016,Juvenile,V,V,V
H3165,09/23/2016,"TLF,U",V0002,V0055,Female,531,0.13,08/24/2016,08/23/2016,Juvenile,V,V,V
H3166,09/25/2016,"TLF,U",C0019,C0073,Male,8,0.16,08/24/2016,08/23/2016,Juvenile,C,C,C
H3167,09/17/2016,"TLF,U",V0021,,Male,2,0.18,08/25/2016,08/17/2016,Juvenile,V,,V
H3168,,TLF,V0013,V0076,,,0.23,08/25/2016,08/17/2016,Egg,V,V,V
H3169,09/27/2016,"TLF,D",A0186,A0061,Male,517,0.16,08/25/2016,08/24/2016,Juvenile,A,A,A
H3170,09/30/2016,"TLF,D",A0186,A0061,Female,,0.15,08/25/2016,08/24/2016,Juvenile,A,A,A
H3171,09/23/2016,"TLF,U",N0108,N0004,Female,5,0.16,08/25/2016,08/24/2016,Juvenile,N,N,N
H3172,09/24/2016,"TLF,U",N0111,N0005,Female,529,0.18,08/25/2016,08/24/2016,Juvenile,N,N,N
H3173,09/25/2016,"TLF,U",N0122,N0009,Male,291,0.18,08/25/2016,08/24/2016,Juvenile,N,N,N
H3174,09/24/2016,"TLF,U",C0018,C0069,Male,10,0.16,08/25/2016,08/24/2016,Juvenile,C,C,C
H3175,09/25/2016,"TLF,U",V0009,V0069,Male,528,0.16,08/25/2016,08/24/2016,Juvenile,V,V,V
H3176,09/22/2016,"TLF,D",V0005,V0068,Female,7,0.17,08/25/2016,08/24/2016,Juvenile,V,V,V
H3177,09/25/2016,"TLF,U",C0020,C0061,Male,291,0.18,08/25/2016,08/24/2016,Juvenile,C,C,C
H3178,09/25/2016,"TLF,U",C0002,C0059,Male,536,0.18,08/26/2016,08/25/2016,Juvenile,C,C,C
H3179,09/25/2016,"TLF,U",C0005,C0057,Male,0,0.22,08/26/2016,08/25/2016,Juvenile,C,C,C
H3180,09/25/2016,"TLF,U",C0001,C0050,Female,730,0.2,08/26/2016,08/25/2016,Juvenile,C,C,C
H3181,,TLF,V0006,V0062,,,0.18,08/26/2016,08/25/2016,Egg,V,V,V
H3182,,TLF,A0219,A0053,,,0.22,08/26/2016,08/25/2016,Egg,A,A,A
H3183,09/24/2016,"TLF,U",N0102,N0003,Female,5,0.18,08/26/2016,08/25/2016,Juvenile,N,N,N
H3184,,TLF,A0202,A0024,,,0.23,08/29/2016,08/26/2016,Egg,A,A,A
H3185,10/01/2016,"TLF,U",A0145,A0034,Female,696,0.2,08/29/2016,08/26/2016,Juvenile,A,A,A
H3186,,TLF,A0154,A0016,,,0.16,08/29/2016,08/26/2016,Egg,A,A,A
H3187,09/27/2016,"TLF,U",N0114,N0011,Female,289,0.26,08/29/2016,08/26/2016,Juvenile,N,N,N
H3188,10/06/2016,"TLF,D",A0194,A0042,Female,7,0.22,08/29/2016,08/26/2016,Juvenile,A,A,A
H3189,,TLF,N0108,N0004,,,0.18,08/29/2016,08/26/2016,Egg,N,N,N
H3190,09/29/2016,"TLF,U",N0102,N0003,Male,12,0.17,08/29/2016,08/26/2016,Juvenile,N,N,N
H3191,09/27/2016,"TLF,U",N0124,N0017,Male,289,0.16,08/29/2016,08/26/2016,Juvenile,N,N,N
H3192,10/04/2016,"TLF,U",A0169,A0025,Female,693,0.18,08/29/2016,08/26/2016,Juvenile,A,A,A
H3193,09/28/2016,"TLF,U",N0111,N0005,Male,525,0.17,08/29/2016,08/26/2016,Juvenile,N,N,N
H3194,09/27/2016,"TLF,U",C0013,C0051,Male,3,0.19,08/29/2016,08/26/2016,Juvenile,C,C,C
H3195,09/27/2016,"TLF,U",N0110,N0015,Male,6,0.17,08/29/2016,08/26/2016,Juvenile,N,N,N
H3196,09/26/2016,"TLF,U",C0008,C0065,Male,533,0.19,08/29/2016,08/26/2016,Juvenile,C,C,C
H3197,09/28/2016,"TLF,U",C0018,C0069,Male,699,0.2,08/29/2016,08/26/2016,Juvenile,C,C,C
H3198,09/26/2016,"TLF,U",V0003,V0056,Female,13,0.2,08/29/2016,08/26/2016,Juvenile,V,V,V
H3199,,TLF,V0008,V0061,,,0.21,08/29/2016,08/26/2016,Egg,V,V,V
H3200,,TLF,V0005,V0068,,,0.13,08/29/2016,08/26/2016,Egg,V,V,V
H3201,09/26/2016,"TLF,D",V0004,V0064,Female,16,0.21,08/29/2016,08/26/2016,Juvenile,V,V,V
H3202,09/27/2016,"TLF,U",C0019,C0073,Male,728,0.17,08/29/2016,08/26/2016,Juvenile,C,C,C
H3203,09/29/2016,"TLF,U

DEAD NK",C0020,C0061,Male,650,0.15,08/29/2016,08/26/2016,Juvenile,C,C,C
H3204,09/27/2016,"TLF,U",C0025,C0060,Male,289,0.18,08/29/2016,08/26/2016,Juvenile,C,C,C
H3205,,TLF,V0002,V0055,,,0.16,08/29/2016,08/26/2016,Egg,V,V,V
H3206,09/25/2016,"TLF,D",V0006,V0062,Female,3,0.21,08/29/2016,08/26/2016,Juvenile,V,V,V
H3207,09/27/2016,"TLF,D",V0015,V0067,Male,,0.16,08/30/2016,08/29/2016,Juvenile,V,V,V
H3208,,TLF,N0112,N0010,,,0.18,08/30/2016,08/29/2016,Egg,N,N,N
H3209,10/03/2016,"TLF,D",A0172,A0033,Female,,0.19,08/30/2016,08/29/2016,Juvenile,A,A,A
H3210,,TLF,A0205,A0058,,,0.15,08/30/2016,08/29/2016,Egg,A,A,A
H3211,10/02/2016,"TLF,D; Not found, census 6/6/2018",V0003,V0056,Female,,0.2,08/31/2016,08/30/2016,Juvenile,V,V,V
H3212,09/30/2016,"TLF,D",V0004,V0064,Male,7,0.21,08/31/2016,08/30/2016,Juvenile,V,V,V
H3213,,TLF,N0114,N0011,,,0.14,08/31/2016,08/30/2016,Egg,N,N,N
H3214,09/30/2016,"TLF,U",N0124,N0017,Male,523,0.18,08/31/2016,08/30/2016,Juvenile,N,N,N
H3215,,TLF,A0132,A0045,,,0.2,08/31/2016,08/30/2016,Egg,A,A,A
H3216,10/07/2016,"TLF,D; Not found, census 6/6/2018",A0219,A0053,Male,,0.16,09/01/2016,08/31/2016,Juvenile,A,A,A
H3217,10/01/2016,"TLF,U",N0111,N0005,Male,16,0.15,09/01/2016,08/31/2016,Juvenile,N,N,N
H3218,10/02/2016,"TLF,U",C0013,C0051,Female,695,0.15,09/01/2016,08/31/2016,Juvenile,C,C,C
H3219,10/02/2016,"TLF,U",N0110,N0015,Female,4,0.17,09/01/2016,08/31/2016,Juvenile,N,N,N
H3220,10/02/2016,"TLF,U",C0001,C0050,Female,284,0.18,09/01/2016,08/31/2016,Juvenile,C,C,C
H3221,09/30/2016,"TLF,U",V0008,V0061,Male,398,0.21,09/01/2016,08/31/2016,Juvenile,V,V,V
H3222,10/02/2016,"TLF,U",V0006,V0062,Female,521,0.18,09/01/2016,08/31/2016,Juvenile,V,V,V
H3223,10/01/2016,"TLF,U",C0020,C0061,Male,696,0.18,09/01/2016,08/31/2016,Juvenile,C,C,C
H3224,10/01/2016,"TLF,U",C0019,C0073,Female,285,0.18,09/01/2016,08/31/2016,Juvenile,C,C,C
H3225,,TLF,C0025,C0060,,,0.15,09/02/2016,09/01/2016,Egg,C,C,C
H3226,10/02/2016,"TLF,U",N0108,N0004,Male,49,0.17,09/02/2016,09/01/2016,Juvenile,N,N,N
H3227,09/30/2016,"TLF,U",V0018,V0070,Male,523,0.15,09/02/2016,09/01/2016,Juvenile,V,V,V
H3228,10/04/2016,"TLF,D",V0023,V0059,Male,,0.18,09/06/2016,09/02/2016,Juvenile,V,V,V
H3229,,TLF,A0215,A0038,,,0.13,09/06/2016,09/02/2016,Egg,A,A,A
H3230,10/13/2016,"TLF,U",A0186,A0061,Male,684,0.15,09/06/2016,09/02/2016,Juvenile,A,A,A
H3231,,TLF,A0145,A0034,,,0.17,09/06/2016,09/02/2016,Egg,A,A,A
H3232,10/13/2016,"TLF,U; Missing 10/16/2016",A0153,A0065,Female,3,0.15,09/06/2016,09/02/2016,Juvenile,A,A,A
H3233,,TLF,A0195,A0039,,,0.21,09/06/2016,09/02/2016,Egg,A,A,A
H3234,10/07/2016,"TLF,U",N0108,N0004,Male,516,0.14,09/06/2016,09/02/2016,Juvenile,N,N,N
H3235,10/11/2016,"TLF,D",A0172,A0033,Male,,0.16,09/06/2016,09/02/2016,Juvenile,A,A,A
H3236,10/09/2016,"TLF,U",A0169,A0025,Female,688,0.14,09/06/2016,09/02/2016,Juvenile,A,A,A
H3237,10/05/2016,"TLF,U",N0124,N0017,Male,281,0.16,09/06/2016,09/02/2016,Juvenile,N,N,N
H3238,10/07/2016,"TLF,U",N0124,N0017,Male,279,0.13,09/06/2016,09/02/2016,Juvenile,N,N,N
H3239,10/04/2016,"TLF,U",N0102,N0003,Male,282,0.17,09/06/2016,09/02/2016,Juvenile,N,N,N
H3240,10/04/2016,"TLF,U",N0111,N0005,Female,519,0.16,09/06/2016,09/02/2016,Juvenile,N,N,N
H3241,10/04/2016,"TLF,U",V0003,V0056,Female,519,0.2,09/06/2016,09/02/2016,Juvenile,V,V,V
H3242,,TLF,C0018,C0069,,,0.19,09/06/2016,09/02/2016,Egg,C,C,C
H3243,10/07/2016,"TLF,U",C0008,C0065,Male,531,0.18,09/06/2016,09/02/2016,Juvenile,C,C,C
H3244,10/08/2016,"TLF,U",N0122,N0009,Male,278,0.19,09/06/2016,09/02/2016,Juvenile,N,N,N
H3245,,TLF,N0110,N0015,,,0.16,09/06/2016,09/02/2016,Egg,N,N,N
H3246,10/06/2016,"TLF,U",C0013,C0051,Female,280,0.15,09/06/2016,09/02/2016,Juvenile,C,C,C
H3247,10/05/2016,"TLF,U",V0004,V0064,Male,518,0.18,09/06/2016,09/02/2016,Juvenile,V,V,V
H3248,10/05/2016,"TLF,U",C0001,C0050,Male,0,0.21,09/06/2016,09/02/2016,Juvenile,C,C,C
H3249,10/04/2016,"TLF,U",V0005,V0068,Male,519,0.17,09/06/2016,09/02/2016,Juvenile,V,V,V
H3250,10/05/2016,"TLF,D",V0008,V0061,Male,,0.18,09/06/2016,09/02/2016,Juvenile,V,V,V
H3251,,TLF,V0009,V0069,,,0.2,09/06/2016,09/02/2016,Egg,V,V,V
H3252,10/06/2016,"TLF,U",C0019,C0073,Male,691,0.18,09/06/2016,09/02/2016,Juvenile,C,C,C
H3253,,TLF,C0020,C0061,,,0.16,09/06/2016,09/02/2016,Egg,C,C,C
H3254,10/03/2016,"TLF,D; Missing 2/8/2018",V0002,V0055,Male,493,0.19,09/06/2016,09/02/2016,Juvenile,V,V,V
H3255,10/06/2016,"TLF,U; Missing 2/22/2017",V0006,V0062,Male,139,0.18,09/06/2016,09/02/2016,Juvenile,V,V,V
H3256,10/07/2016,"TLF,U",V0022,V0071,Male,516,0.15,09/07/2016,09/06/2016,Juvenile,V,V,V
H3257,10/07/2016,"TLF,U",V0022,V0071,Female,516,0.16,09/07/2016,09/06/2016,Juvenile,V,V,V
H3258,10/09/2016,"TLF,U; Missing 10/30/2016",N0107,N0016,Female,21,0.16,09/07/2016,09/06/2016,Juvenile,N,N,N
H3259,10/10/2016,"TLF,U
lethargic",V0003,V0056,Male,501,0.19,09/07/2016,09/06/2016,Juvenile,V,V,V
H3260,10/16/2016,"TLF,U; Not found, census 6/6/2018",A0172,A0033,Male,,0.17,09/08/2016,09/07/2016,Juvenile,A,A,A
H3261,,TLF,A0145,A0034,,,0.17,09/08/2016,09/07/2016,Egg,A,A,A
H3262,10/13/2016,"TLF,U",A0245,A0013,Male,684,0.15,09/08/2016,09/07/2016,Juvenile,A,A,A
H3263,,TLF,A0219,A0053,,,0.21,09/08/2016,09/07/2016,Egg,A,A,A
H3264,,TLF,A0195,A0039,,,0.19,09/08/2016,09/07/2016,Egg,A,A,A
H3265,10/09/2016,"TLF,U",N0114,N0011,Male,277,0.16,09/08/2016,09/07/2016,Juvenile,N,N,N
H3266,,TLF,A0197,A0026,,,0.13,09/08/2016,09/07/2016,Egg,A,A,A
H3267,10/09/2016,"TLF,U",N0102,N0003,Male,514,0.2,09/08/2016,09/07/2016,Juvenile,N,N,N
H3268,,TLF,A0205,A0058,,,0.16,09/08/2016,09/07/2016,Egg,A,A,A
H3269,10/08/2016,"TLF,U",C0013,C0051,Male,278,0.19,09/08/2016,09/07/2016,Juvenile,C,C,C
H3270,10/05/2016,"TLF,D",V0002,V0055,Female,12,0.18,09/08/2016,09/07/2016,Juvenile,V,V,V
H3271,,TLF,C0001,C0050,,,0.19,09/08/2016,09/07/2016,Egg,C,C,C
H3272,10/08/2016,"TLF,D; missing 9/6/2018",V0008,V0061,Male,698,0.18,09/08/2016,09/07/2016,Juvenile,V,V,V
H3273,10/09/2016,"TLF,U",V0006,V0062,Female,515,0.16,09/08/2016,09/07/2016,Juvenile,V,V,V
H3274,10/07/2016,"TLF,D

 DEAD WR",V0005,V0068,Male,547,0.14,09/08/2016,09/07/2016,Juvenile,V,V,V
H3275,10/06/2016,"TLF,D",V0023,V0059,Male,1,0.2,09/09/2016,09/08/2016,Juvenile,V,V,V
H3276,10/10/2016,"TLF,U",C0002,C0059,Male,276,0.17,09/09/2016,09/08/2016,Juvenile,C,C,C
H3277,10/08/2016,"TLF,U",C0020,C0061,Female,689,0.19,09/09/2016,09/08/2016,Juvenile,C,C,C
H3278,10/09/2016,"TLF,U; Missing 10/12/2016",C0018,C0069,Female,3,0.16,09/09/2016,09/08/2016,Juvenile,C,C,C
H3279,,TLF,N0112,N0010,,,0.15,09/09/2016,09/08/2016,Egg,N,N,N
H3280,10/09/2016,"TLF,U",N0111,N0005,Male,277,0.16,09/09/2016,09/08/2016,Juvenile,N,N,N
H3281,10/08/2016,"TLF,U",N0122,N0009,Female,515,0.15,09/09/2016,09/08/2016,Juvenile,N,N,N
H3282,10/10/2016,"TLF,U",N0110,N0015,Female,276,0.14,09/09/2016,09/08/2016,Juvenile,N,N,N
H3283,,TLF,V0018,V0070,,,0.17,09/12/2016,09/09/2016,Egg,V,V,V
H3284,10/08/2016,"TLF,U",V0014,V0077,Female,515,0.21,09/12/2016,09/09/2016,Juvenile,V,V,V
H3285,10/09/2016,"TLF,D",V0015,V0067,Male,,0.16,09/12/2016,09/09/2016,Juvenile,V,V,V
H3286,10/12/2016,"TLF,D",V0013,V0076,Male,5,0.16,09/14/2016,09/13/2016,Juvenile,V,V,V
H3287,10/12/2016,"TLF,D

DEAD WR",V0015,V0067,Female,511,0.17,09/14/2016,09/13/2016,Juvenile,V,V,V
H3288,10/13/2016,"TLF,U",V0018,V0070,Female,2,0.19,09/15/2016,09/14/2016,Juvenile,V,V,V
H3289,,,V0023,V0059,,,0.22,09/16/2016,09/15/2016,Egg,V,V,V
H3290,10/20/2016,"TLF,U",A0169,A0025,Female,677,0.12,09/16/2016,09/09/2016,Juvenile,A,A,A
H3291,10/18/2016,"TLF,U",A0132,A0045,Male,679,0.18,09/16/2016,09/09/2016,Juvenile,A,A,A
H3292,10/18/2016,"TLF,U",A0154,A0016,Female,679,0.18,09/16/2016,09/09/2016,Juvenile,A,A,A
H3293,,,A0215,A0038,,,0.12,09/16/2016,09/09/2016,Egg,A,A,A
H3294,10/17/2016,"TLF,U",A0215,A0038,Female,266,0.17,09/16/2016,09/09/2016,Juvenile,A,A,A
H3295,10/19/2016,"TLF,U; Missing 10/23/2016 ",A0172,A0033,Female,4,0.17,09/16/2016,09/09/2016,Juvenile,A,A,A
H3296,10/10/2016,"TLF,U",N0124,N0017,Male,276,0.19,09/16/2016,09/09/2016,Juvenile,N,N,N
H3297,10/13/2016,"TLF,U",N0124,N0017,Male,510,0.14,09/16/2016,09/09/2016,Juvenile,N,N,N
H3298,10/10/2016,"TLF,U",N0108,N0004,Female,513,0.17,09/16/2016,09/09/2016,Juvenile,N,N,N
H3299,,,N0114,N0011,,,0.18,09/16/2016,09/09/2016,Egg,N,N,N
H3300,10/18/2016,"TLF,U",N0114,N0011,Male,136,0.17,09/16/2016,09/09/2016,Juvenile,N,N,N
H3301,10/21/2016,"TLF,U; Missing 10/27/2017",A0153,A0065,Female,370,0.12,09/16/2016,09/09/2016,Juvenile,A,A,A
H3302,10/14/2016,"TLF,U",N0110,N0015,Male,509,0.17,09/16/2016,09/09/2016,Juvenile,N,N,N
H3303,10/12/2016,"TLF,U",N0102,N0003,Male,511,0.18,09/16/2016,09/09/2016,Juvenile,N,N,N
H3304,10/12/2016,"TLF,U",N0122,N0009,Female,511,0.19,09/16/2016,09/09/2016,Juvenile,N,N,N
H3305,10/16/2016,"TLF,U; Not found, census 6/6/2018",A0219,A0053,Male,,0.16,09/16/2016,09/09/2016,Juvenile,A,A,A
H3306,10/11/2016,"TLF,U
MISSING 3/1/2018",N0111,N0005,Female,506,0.19,09/16/2016,09/09/2016,Juvenile,N,N,N
H3307,10/12/2016,"TLF,U",C0019,C0073,Male,685,0.2,09/16/2016,09/09/2016,Juvenile,C,C,C
H3308,10/19/2016,"TLF,D",A0145,A0034,Female,,0.16,09/16/2016,09/09/2016,Juvenile,A,A,A
H3309,10/12/2016,"TLF,U",V0002,V0055,Female,111,0.21,09/16/2016,09/09/2016,Juvenile,V,V,V
H3310,10/10/2016,"TLF,U",V0004,V0064,Male,513,0.26,09/16/2016,09/09/2016,Juvenile,V,V,V
H3311,10/10/2016,"TLF,D",V0005,V0068,Male,,0.2,09/16/2016,09/09/2016,Juvenile,V,V,V
H3312,,,C0001,C0050,,,0.15,09/16/2016,09/09/2016,Egg,C,C,C
H3313,10/15/2016,"TLF,U",C0001,C0050,Female,682,0.21,09/16/2016,09/09/2016,Juvenile,C,C,C
H3314,,,V0009,V0069,,,0.16,09/16/2016,09/09/2016,Egg,V,V,V
H3315,10/10/2016,"TLF,D

DEAD WR",V0008,V0061,Male,542,0.24,09/16/2016,09/09/2016,Juvenile,V,V,V
H3316,10/12/2016,"TLF,U",C0013,C0051,Male,685,0.22,09/16/2016,09/09/2016,Juvenile,C,C,C
H3317,10/10/2016,"TLF,U",C0008,C0065,Female,687,0.29,09/16/2016,09/09/2016,Juvenile,C,C,C
H3318,10/12/2016,"TLF, (Female, mistakenly labeled as male)",C0008,C0065,Female,685,0.21,09/16/2016,09/09/2016,Juvenile,C,C,C
H3319,10/13/2016,"TLF,U",C0018,C0069,Male,684,0.19,09/16/2016,09/09/2016,Juvenile,C,C,C
H3320,10/16/2016,"TLF,U
MISSING ",V0014,V0077,Female,,0.22,09/19/2016,09/16/2016,Juvenile,V,V,V
H3321,,,V0022,V0071,,,0.17,09/19/2016,09/16/2016,Egg,V,V,V
H3322,10/18/2016,"TLF,D",V0018,V0070,Female,,0.19,09/20/2016,09/19/2016,Juvenile,V,V,V
H3323,10/20/2016,"TLF,D",V0002,V0055,Male,677,0.15,09/21/2016,09/19/2016,Juvenile,V,V,V
H3324,,,V0023,V0059,,,0.22,09/21/2016,09/20/2016,Egg,V,V,V
H3325,10/19/2016,"TLF,U",V0015,V0067,Male,505,0.19,09/21/2016,09/20/2016,Juvenile,V,V,V
H3326,10/20/2016,"TLF,D

DEAD WR",V0014,V0077,Male,571,0.16,09/23/2016,09/22/2016,Juvenile,V,V,V
H3327,,,A0259,A0043,,,0.19,09/23/2016,09/16/2016,Egg,A,A,A
H3328,,,A0259,A0043,,,0.19,09/23/2016,09/16/2016,Egg,A,A,A
H3329,,,A0187,A0030,,,0.22,09/23/2016,09/16/2016,Egg,A,A,A
H3330,10/28/2016,"TLF,U",A0219,A0053,Male,204,0.21,09/23/2016,09/16/2016,Juvenile,A,A,A
H3331,10/19/2016,"TLF,U",C0013,C0051,Male,13,0.28,09/23/2016,09/16/2016,Juvenile,C,C,C
H3332,,,C0013,C0051,,,0.18,09/23/2016,09/16/2016,Egg,C,C,C
H3333,10/30/2016,"TLF,U",A0145,A0034,Male,176,0.16,09/23/2016,09/16/2016,Juvenile,A,A,A
H3334,10/19/2016,"TLF,U; No date of death recorded",C0020,C0061,Male,,0.24,09/23/2016,09/16/2016,Juvenile,C,C,C
H3335,,,A0245,A0013,,,0.24,09/23/2016,09/16/2016,Egg,A,A,A
H3336,10/17/2016,"TLF,D",V0006,V0062,Female,680,0.26,09/23/2016,09/16/2016,Juvenile,V,V,V
H3337,10/23/2016,"TLF,D",V0006,V0062,Male,,0.17,09/23/2016,09/16/2016,Juvenile,V,V,V
H3338,10/24/2016,"TLF,U",V0002,V0055,Female,570,0.17,09/23/2016,09/16/2016,Juvenile,V,V,V
H3339,10/17/2016,"TLF,U",V0004,V0064,Female,305,0.29,09/23/2016,09/16/2016,Juvenile,V,V,V
H3340,10/19/2016,"TLF,U",C0018,C0069,Male,678,0.26,09/23/2016,09/16/2016,Juvenile,C,C,C
H3341,10/20/2016,"TLF,U",V0008,V0061,Male,503,0.24,09/23/2016,09/16/2016,Juvenile,V,V,V
H3342,,,C0008,C0065,,,0.19,09/23/2016,09/16/2016,Egg,C,C,C
H3343,,,V0005,V0068,,,0.21,09/23/2016,09/16/2016,Egg,V,V,V
H3344,10/19/2016,"TLF,U",N0114,N0011,Female,505,0.22,09/23/2016,09/16/2016,Juvenile,N,N,N
H3345,10/20/2016,"TLF,U",V0003,V0056,Female,503,0.22,09/23/2016,09/16/2016,Juvenile,V,V,V
H3346,,,A0172,A0033,,,0.18,09/23/2016,09/16/2016,Egg,A,A,A
H3347,10/13/2016,"TLF,D",C0025,C0060,Female,581,0.33,09/23/2016,09/16/2016,Juvenile,C,C,C
H3348,,,C0025,C0060,,,0.21,09/23/2016,09/16/2016,Egg,C,C,C
H3349,10/21/2016,"TLF,U
MISSING",N0124,N0017,Male,502,0.17,09/23/2016,09/16/2016,Juvenile,N,N,N
H3350,10/24/2016,"TLF,U",A0186,A0061,Female,701,0.22,09/23/2016,09/16/2016,Juvenile,A,A,A
H3351,10/22/2016,"TLF,U",C0001,C0050,Male,675,0.22,09/23/2016,09/16/2016,Juvenile,C,C,C
H3352,10/20/2016,"TLF,U",N0111,N0005,Female,49,0.3,09/23/2016,09/16/2016,Juvenile,N,N,N
H3353,10/22/2016,"TLF,U",N0111,N0005,Female,502,0.21,09/23/2016,09/16/2016,Juvenile,N,N,N
H3354,10/20/2016,"TLF,U",C0019,C0073,Male,677,0.24,09/23/2016,09/16/2016,Juvenile,C,C,C
H3355,10/20/2016,"TLF,U; Date of death unknown",N0122,N0009,Female,,0.2,09/23/2016,09/16/2016,Juvenile,N,N,N
H3356,10/23/2016,"TLF,U
MISSING 12/8/2017",V0015,V0067,Male,411,0.18,09/26/2016,09/23/2016,Juvenile,V,V,V
H3357,10/27/2016,"TLF,U",V0014,V0077,Male,441,0.14,09/26/2016,09/23/2016,Juvenile,V,V,V
H3358,,,V0022,V0071,,,0.13,09/26/2016,09/23/2016,Egg,V,V,V
H3359,10/23/2016,"TLF,U",V0018,V0070,Male,500,0.19,09/26/2016,09/23/2016,Juvenile,V,V,V
H3360,10/22/2016,"TLF,D",V0013,V0076,Female,3,0.17,09/26/2016,09/23/2016,Juvenile,V,V,V
H3361,10/22/2016,TLF,V0013,V0076,Female,0,0.18,09/26/2016,09/23/2016,Juvenile,V,V,V
H3362,10/24/2016,"TLF,D",V0023,V0059,Female,4,0.19,09/28/2016,09/26/2016,Juvenile,V,V,V
H3363,10/27/2016,"TLF,D",V0018,V0070,Female,,0.19,09/29/2016,09/28/2016,Juvenile,V,V,V
H3364,,,N0102,N0003,,,0.23,09/30/2016,09/23/2016,Egg,N,N,N
H3365,10/31/2016,"TLF,U; Missing 11/2/2016",A0153,A0065,Female,2,0.17,09/30/2016,09/23/2016,Juvenile,A,A,A
H3366,,,N0107,N0016,,,0.26,09/30/2016,09/23/2016,Egg,N,N,N
H3367,,,N0107,N0016,,,0.15,09/30/2016,09/23/2016,Egg,N,N,N
H3368,,,A0132,A0045,,,0.16,09/30/2016,09/23/2016,Egg,A,A,A
H3369,,,N0108,N0004,,,0.15,09/30/2016,09/23/2016,Egg,N,N,N
H3370,,,N0108,N0004,,,0.15,09/30/2016,09/23/2016,Egg,N,N,N
H3371,,,A0169,A0025,,,0.15,09/30/2016,09/23/2016,Egg,A,A,A
H3372,10/28/2016,"TLF,U; Missing 10/30/2016",V0006,V0062,Female,2,0.19,09/30/2016,09/23/2016,Juvenile,V,V,V
H3373,,,V0004,V0064,,,0.22,09/30/2016,09/23/2016,Egg,V,V,V
H3374,10/27/2016,"TLF,D",V0026,,Female,670,0.21,09/30/2016,09/23/2016,Juvenile,V,,V
H3375,,,C0018,C0069,,,0.17,09/30/2016,09/23/2016,Egg,C,C,C
H3376,,,C0008,C0065,,,0.18,09/30/2016,09/23/2016,Egg,C,C,C
H3377,10/28/2016,"TLF,D",V0003,V0056,Male,11,0.23,09/30/2016,09/23/2016,Juvenile,V,V,V
H3378,,,V0009,V0069,,,0.18,09/30/2016,09/23/2016,Egg,V,V,V
H3379,,,N0122,N0009,,,0.19,09/30/2016,09/23/2016,Egg,N,N,N
H3380,,,N0124,N0017,,,0.17,09/30/2016,09/23/2016,Egg,N,N,N
H3381,,,C0002,C0059,,,0.23,09/30/2016,09/23/2016,Egg,C,C,C
H3382,,,N0114,N0011,,,0.21,09/30/2016,09/23/2016,Egg,N,N,N
H3383,11/04/2016,"TLF,U",V0013,V0076,Female,2,0.18,10/03/2016,09/30/2016,Juvenile,V,V,V
H3384,11/01/2016,"TLF,D; Missing 11/4/2016",V0022,V0071,Male,3,0.2,10/03/2016,09/30/2016,Juvenile,V,V,V
H3385,10/31/2016,"TLF,D",V0015,V0067,Male,,0.21,10/03/2016,09/30/2016,Juvenile,V,V,V
H3386,11/02/2016,"TLF,U",V0023,V0059,Female,490,0.24,10/04/2016,10/03/2016,Juvenile,V,V,V
H3387,,,N0124,N0017,,,0.22,10/07/2016,09/30/2016,Egg,N,N,N
H3388,,,A0172,A0033,,,0.18,10/07/2016,09/30/2016,Egg,A,A,A
H3389,10/30/2016,"TLF,U",V0005,V0068,Female,493,0.24,10/07/2016,09/30/2016,Juvenile,V,V,V
H3390,11/04/2016,"TLF,D; Missing 9/13/2018",V0018,V0070,Male,678,0.25,10/07/2016,10/05/2016,Juvenile,V,V,V
H3391,11/05/2016,"TLF,U; Missing 12/4/2016 - Found 12/4/2016",V0022,V0071,Female,29,0.2,10/07/2016,10/05/2016,Juvenile,V,V,V
H3392,,,C0013,C0051,,,0.25,10/07/2016,09/30/2016,Egg,C,C,C
H3393,,,C0020,C0061,,,0.24,10/07/2016,09/30/2016,Egg,C,C,C
H3394,,,A0162,A0028,,,0.15,10/07/2016,09/30/2016,Egg,A,A,A
H3395,11/05/2016,"TLF,D",V0006,V0062,Female,,0.14,10/07/2016,09/30/2016,Juvenile,V,V,V
H3396,11/10/2016,"TLF,U",A0245,A0013,Male,225,0.19,10/07/2016,09/30/2016,Juvenile,A,A,A
H3397,11/01/2016,"TLF,U",V0008,V0061,Male,491,0.25,10/07/2016,09/30/2016,Juvenile,V,V,V
H3398,11/05/2016,"TLF,D",V0003,V0056,Male,12,0.18,10/07/2016,09/30/2016,Juvenile,V,V,V
H3399,,,A0197,A0026,,,0.21,10/07/2016,09/30/2016,Egg,A,A,A
H3400,,,A0215,A0038,,,0.15,10/07/2016,09/30/2016,Egg,A,A,A
H3401,,,C0001,C0050,,,0.19,10/07/2016,09/30/2016,Egg,C,C,C
H3402,,,N0107,N0016,,,0.22,10/07/2016,09/30/2016,Egg,N,N,N
H3403,,,N0122,N0009,,,0.16,10/07/2016,09/30/2016,Egg,N,N,N
H3404,,,A0187,A0030,,,0.18,10/07/2016,09/30/2016,Egg,A,A,A
H3405,,,A0153,A0065,,,0.15,10/07/2016,09/30/2016,Egg,A,A,A
H3406,,,C0002,C0059,,,0.18,10/07/2016,09/30/2016,Egg,C,C,C
H3407,,,C0019,C0073,,,0.16,10/07/2016,09/30/2016,Egg,C,C,C
H3408,,,C0019,C0073,,,0.17,10/07/2016,09/30/2016,Egg,C,C,C
H3409,11/11/2016,"TLF,U",A0205,A0058,Male,655,0.18,10/07/2016,09/30/2016,Juvenile,A,A,A
H3410,,,A0145,A0034,,,0.18,10/07/2016,09/30/2016,Egg,A,A,A
H3411,,,V0018,V0070,,,0.18,10/10/2016,10/07/2016,Egg,V,V,V
H3412,11/07/2016,"TLF,D; missing 9/13/2018",V0022,V0071,Female,675,0.16,10/10/2016,10/07/2016,Juvenile,V,V,V
H3413,11/05/2016,"TLF,D",V0015,V0067,Male,,0.22,10/10/2016,10/07/2016,Juvenile,V,V,V
H3414,,,V0014,V0077,,,0.22,10/12/2016,10/10/2016,Egg,V,V,V
H3415,,,V0013,V0076,,,0.16,10/13/2016,10/12/2016,Egg,V,V,V
H3416,11/11/2016,"TLF,D; Missing 1/22/2017",V0022,V0071,Male,72,0.17,10/13/2016,10/12/2016,Juvenile,V,V,V
H3417,,,V0023,V0059,,,0.24,10/13/2016,10/12/2016,Egg,V,V,V
H3418,,,V0005,V0068,,,0.19,10/14/2016,10/07/2016,Egg,V,V,V
H3419,,,N0114,N0011,,,0.25,10/14/2016,10/07/2016,Egg,N,N,N
H3420,,,N0124,N0017,,,0.18,10/14/2016,10/07/2016,Egg,N,N,N
H3421,,,V0010,V0066,,,0.18,10/14/2016,10/07/2016,Egg,V,V,V
H3422,,,N0122,N0009,,,0.17,10/14/2016,10/07/2016,Egg,N,N,N
H3423,,,C0001,C0050,,,0.22,10/14/2016,10/07/2016,Egg,C,C,C
H3424,11/09/2016,"TLF,U",V0003,V0056,Female,483,0.18,10/14/2016,10/07/2016,Juvenile,V,V,V
H3425,,,V0008,V0061,,,0.22,10/14/2016,10/07/2016,Egg,V,V,V
H3426,,,C0020,C0061,,,0.2,10/14/2016,10/07/2016,Egg,C,C,C
H3427,,,C0013,C0051,,,0.22,10/14/2016,10/07/2016,Egg,C,C,C
H3428,,,A0169,A0025,,,0.18,10/14/2016,10/07/2016,Egg,A,A,A
H3429,,,N0108,N0004,,,0.2,10/14/2016,10/07/2016,Egg,N,N,N
H3430,,,N0108,N0004,,,0.16,10/14/2016,10/07/2016,Egg,N,N,N
H3431,,,A0154,A0016,,,0.18,10/14/2016,10/07/2016,Egg,A,A,A
H3432,,,N0107,N0016,,,0.2,10/14/2016,10/07/2016,Egg,N,N,N
H3433,11/15/2016,"TLF,U",V0018,V0070,Male,477,0.19,10/18/2016,10/14/2016,Juvenile,V,V,V
H3434,,,V0022,V0071,,,0.12,10/18/2016,10/14/2016,Egg,V,V,V
H3435,,,A0236,A0006,,,0.13,03/30/2017,,Egg,A,A,A
H3436,05/03/2017,,A0193,A0027,Male,1,0.18,03/30/2017,,Juvenile,A,A,A
H3437,,,A0193,A0027,,,0.34,03/30/2017,,Egg,A,A,A
H3438,04/27/2017,,A0193,A0027,Male,4,0.17,03/30/2017,,Juvenile,A,A,A
H3439,04/28/2017,,S0186,S0022,Female,3,0.28,03/30/2017,,Juvenile,S,S,S
H3440,,,S0186,S0022,,,0.36,03/30/2017,,Egg,S,S,S
H3441,,,S0236,S0023,,,0.32,03/30/2017,,Egg,S,S,S
H3442,,,S0131,S0064,,,0.23,03/30/2017,,Egg,S,S,S
H3443,,,S0174,S0031,,,0.3,03/30/2017,,Egg,S,S,S
H3444,,,S0174,S0031,,,0.23,03/30/2017,,Egg,S,S,S
H3445,,,S0134,S0071,,,0.42,03/30/2017,,Egg,S,S,S
H3446,05/03/2017,"Not found, census 9/26/2018",S0242,S0006,Female,,0.26,03/30/2017,,Juvenile,S,S,S
H3447,,,S0165,S0016,,,0.27,03/30/2017,,Egg,S,S,S
H3448,,,S0136,S0057,,,0.2,03/30/2017,,Egg,S,S,S
H3449,,,S0163,S0054,,,0.21,03/30/2017,,Egg,S,S,S
H3450,,,S0126,S0060,,,0.25,03/30/2017,,Egg,S,S,S
H3451,04/29/2017,Dead on Hatch,A0140,A0036,Female,0,0.26,03/30/2017,,Juvenile,A,A,A
H3452,,,A0140,A0036,,,0.4,03/30/2017,,Egg,A,A,A
H3453,,,A0227,A0073,,,0.18,03/30/2017,,Egg,A,A,A
H3454,04/24/2017,,A0227,A0073,Female,7,0.25,03/30/2017,,Juvenile,A,A,A
H3455,04/28/2017,,A0227,A0073,Male,3,0.25,03/30/2017,,Juvenile,A,A,A
H3456,04/30/2017,,A0170,A0062,Female,4,0.29,03/30/2017,,Juvenile,A,A,A
H3457,,,A0225,A0056,,,0.24,03/30/2017,,Egg,A,A,A
H3458,04/27/2017,,A0170,A0062,Female,4,0.28,03/30/2017,,Juvenile,A,A,A
H3459,,,A0107,A0002,,,0.2,03/30/2017,,Egg,A,A,A
H3460,,,A0175,A0041,,,0.16,03/30/2017,,Egg,A,A,A
H3461,,,A0101,A0080,,,0.37,03/30/2017,,Egg,A,A,A
H3462,,,A0101,A0080,,,0.2,03/30/2017,,Egg,A,A,A
H3463,,,A0201,A0003,,,0.26,03/30/2017,,Egg,A,A,A
H3464,05/02/2017,,A0201,A0003,Male,2,0.18,03/30/2017,,Juvenile,A,A,A
H3465,,,A0201,A0003,,,0.43,03/30/2017,,Egg,A,A,A
H3466,05/03/2017,DEAD WR,A0254,A0018,Male,456,0.19,03/30/2017,,Juvenile,A,A,A
H3467,04/28/2017,,A0121,A0055,Female,3,0.17,03/30/2017,,Juvenile,A,A,A
H3468,,,A0121,A0055,,,0.25,03/30/2017,,Egg,A,A,A
H3469,,,A0121,A0055,,,0.21,03/30/2017,,Egg,A,A,A
H3470,04/30/2017,,A0121,A0055,Female,1,0.18,03/30/2017,,Juvenile,A,A,A
H3471,05/12/2017,,A0201,A0003,Female,,0.14,04/09/2017,03/30/2017,Juvenile,A,A,A
H3472,05/07/2017,,A0201,A0003,Male,1,0.22,04/09/2017,03/30/2017,Juvenile,A,A,A
H3473,05/11/2017,,A0254,A0018,Female,1,0.17,04/09/2017,03/30/2017,Juvenile,A,A,A
H3474,,,A0254,A0018,,,0.21,04/09/2017,03/30/2017,Egg,A,A,A
H3475,05/11/2017,,A0121,A0055,Male,7,0.18,04/09/2017,03/30/2017,Juvenile,A,A,A
H3476,05/15/2017,,A0121,A0055,Female,9,0.16,04/09/2017,03/30/2017,Juvenile,A,A,A
H3477,05/08/2017,,A0121,A0055,Male,2,0.24,04/09/2017,03/30/2017,Juvenile,A,A,A
H3478,05/10/2017,,A0140,A0036,Female,3,0.25,04/09/2017,03/30/2017,Juvenile,A,A,A
H3479,05/12/2017,,A0227,A0073,Male,1,0.21,04/09/2017,03/30/2017,Juvenile,A,A,A
H3480,05/09/2017,Dead on Hatch,A0227,A0073,Male,0,0.29,04/09/2017,03/30/2017,Juvenile,A,A,A
H3481,05/10/2017,Dead on Hatch,A0175,A0041,Male,0,0.17,04/09/2017,03/30/2017,Juvenile,A,A,A
H3482,05/06/2017,Dead on Hatch,A0175,A0041,Female,0,0.23,04/09/2017,03/30/2017,Juvenile,A,A,A
H3483,,,A0170,A0062,,,0.21,04/09/2017,03/30/2017,Egg,A,A,A
H3484,,,A0170,A0062,,,0.27,04/09/2017,03/30/2017,Egg,A,A,A
H3485,,,A0225,A0056,,,0.22,04/09/2017,03/30/2017,Egg,A,A,A
H3486,,,A0234,A0079,,,0.17,04/09/2017,03/30/2017,Egg,A,A,A
H3487,05/07/2017,,A0129,A0044,Male,1,0.23,04/09/2017,03/30/2017,Juvenile,A,A,A
H3488,05/12/2017,,A0129,A0044,Male,1,0.24,04/09/2017,03/30/2017,Juvenile,A,A,A
H3489,05/06/2017,Dead on Hatch,S0118,S0013,Female,0,0.24,04/09/2017,03/30/2017,Juvenile,S,S,S
H3490,05/07/2017,,S0174,S0031,Male,1,0.28,04/09/2017,03/30/2017,Juvenile,S,S,S
H3491,,,S0134,S0071,,,0.3,04/09/2017,03/30/2017,Egg,S,S,S
H3492,05/15/2017,,S0242,S0006,Male,3,0.25,04/09/2017,03/30/2017,Juvenile,S,S,S
H3495,,,S0197,S0067,,,0.23,04/09/2017,03/30/2017,Egg,S,S,S
H3496,05/11/2017,,S0163,S0054,Female,2,0.21,04/09/2017,03/30/2017,Juvenile,S,S,S
H3497,,,S0163,S0054,,,0.34,04/09/2017,03/30/2017,Egg,S,S,S
H3498,05/12/2017,Dead on Hatch,S0126,S0060,Male,0,0.19,04/09/2017,03/30/2017,Juvenile,S,S,S
H3499,,,S0126,S0060,,,0.29,04/09/2017,03/30/2017,Egg,S,S,S
H3500,,,S0224,S0026,,,0.27,04/09/2017,03/30/2017,Egg,S,S,S
H3501,05/12/2017,,S0249,S0033,Male,12,0.27,04/09/2017,03/30/2017,Juvenile,S,S,S
H3502,05/15/2017,,A0193,A0027,Male,,0.18,04/09/2017,03/30/2017,Juvenile,A,A,A
H3503,,,A0101,A0080,,,0.26,04/13/2017,04/09/2017,Egg,A,A,A
H3504,05/17/2017,,A0201,A0003,Male,2,0.19,04/13/2017,04/09/2017,Juvenile,A,A,A
H3505,,,S0136,S0057,,,0.22,04/13/2017,04/09/2017,Egg,S,S,S
H3506,05/17/2017,,S0249,S0033,Male,,0.27,04/13/2017,04/09/2017,Juvenile,S,S,S
H3507,05/25/2017,,S0131,S0064,Male,3,0.25,04/21/2017,04/13/2017,Juvenile,S,S,S
H3508,05/22/2017,,S0118,S0013,Male,1,0.22,04/21/2017,04/13/2017,Juvenile,S,S,S
H3509,05/23/2017,,S0186,S0022,Female,10,0.25,04/21/2017,04/13/2017,Juvenile,S,S,S
H3510,05/23/2017,Missing 6/1/2017,A0193,A0027,Male,9,0.25,04/21/2017,04/13/2017,Juvenile,A,A,A
H3511,05/23/2017,Dead on Hatch,A0236,A0006,Male,0,0.19,04/21/2017,04/13/2017,Juvenile,A,A,A
H3512,05/21/2017,,S0174,S0031,Female,2,0.25,04/21/2017,04/13/2017,Juvenile,S,S,S
H3513,,,S0119,S0049,,,0.2,04/21/2017,04/13/2017,Egg,S,S,S
H3514,05/23/2017,,S0134,S0071,Female,2,0.29,04/21/2017,04/13/2017,Juvenile,S,S,S
H3515,,,S0165,S0016,,,0.16,04/21/2017,04/13/2017,Egg,S,S,S
H3516,05/17/2017,,A0124,A0064,Female,1,0.29,04/21/2017,04/13/2017,Juvenile,A,A,A
H3517,05/23/2017,,S0249,S0033,Female,,0.29,04/21/2017,04/13/2017,Juvenile,S,S,S
H3518,05/25/2017,Missing 8/31/2018,S0204,S0027,Female,463,0.24,04/21/2017,04/13/2017,Juvenile,S,S,S
H3519,05/23/2017,,A0227,A0073,Female,1,0.27,04/21/2017,04/13/2017,Juvenile,A,A,A
H3520,05/26/2017,,A0140,A0036,Female,,0.22,04/21/2017,04/13/2017,Juvenile,A,A,A
H3521,05/23/2017,,A0140,A0036,Female,9,0.24,04/21/2017,04/13/2017,Juvenile,A,A,A
H3522,05/24/2017,,A0170,A0062,Female,3,0.24,04/21/2017,04/13/2017,Juvenile,A,A,A
H3523,,,A0129,A0044,,,0.25,04/21/2017,04/13/2017,Egg,A,A,A
H3524,05/24/2017,,A0101,A0080,Female,2,0.23,04/21/2017,04/13/2017,Juvenile,A,A,A
H3525,05/25/2017,"Not found, census 9/26/2018",A0121,A0055,Male,,0.16,04/21/2017,04/13/2017,Juvenile,A,A,A
H3526,05/21/2017,,A0121,A0055,Male,15,0.22,04/21/2017,04/13/2017,Juvenile,A,A,A
H3527,05/28/2017,,A0254,A0018,Male,12,0.18,04/21/2017,04/13/2017,Juvenile,A,A,A
H3528,05/23/2017,,A0254,A0018,Female,13,0.2,04/21/2017,04/13/2017,Juvenile,A,A,A
H3529,05/22/2017,,A0201,A0003,Female,1,0.22,04/21/2017,04/13/2017,Juvenile,A,A,A
H3530,05/28/2017,,A0193,A0027,Female,8,0.2,04/28/2017,04/21/2017,Juvenile,A,A,A
H3531,06/01/2017,,S0134,S0071,Male,,0.27,04/28/2017,04/21/2017,Juvenile,S,S,S
H3532,05/27/2017,,S0126,S0060,Male,1,0.25,04/28/2017,04/21/2017,Juvenile,S,S,S
H3533,05/29/2017,DEAD WR,A0175,A0041,Male,425,0.19,04/28/2017,04/21/2017,Juvenile,A,A,A
H3534,05/29/2017,,A0227,A0073,Male,7,0.27,04/28/2017,04/21/2017,Juvenile,A,A,A
H3535,06/01/2017,,A0101,A0080,Male,4,0.2,04/28/2017,04/21/2017,Juvenile,A,A,A
H3536,06/04/2017,,A0254,A0018,Male,3,0.16,04/28/2017,04/21/2017,Juvenile,A,A,A
H3537,06/01/2017,,A0201,A0003,Female,2,0.19,04/28/2017,04/21/2017,Juvenile,A,A,A
H3538,06/06/2017,,S0118,S0013,Male,,0.3,05/08/2017,04/28/2017,Juvenile,S,S,S
H3539,06/04/2017,,S0174,S0031,Male,,0.29,05/08/2017,04/28/2017,Juvenile,S,S,S
H3540,06/08/2017,,S0165,S0016,Male,3,0.28,05/08/2017,04/28/2017,Juvenile,S,S,S
H3541,06/06/2017,,A0124,A0064,Male,,0.28,05/08/2017,04/28/2017,Juvenile,A,A,A
H3542,06/09/2017,,A0234,A0079,Female,,0.2,05/08/2017,04/28/2017,Juvenile,A,A,A
H3543,06/07/2017,,A0170,A0062,Male,4,0.29,05/08/2017,04/28/2017,Juvenile,A,A,A
H3544,06/09/2017,,A0227,A0073,Male,6,0.22,05/08/2017,04/28/2017,Juvenile,A,A,A
H3545,06/06/2017,,A0140,A0036,Male,,0.26,05/08/2017,04/28/2017,Juvenile,A,A,A
H3546,06/08/2017,,A0101,A0080,Female,3,0.23,05/08/2017,04/28/2017,Juvenile,A,A,A
H3547,06/16/2017,,A0199,A0010,Female,1,0.24,05/16/2017,,Juvenile,A,A,A
H3548,,,A0253,A0080,,,0.18,05/16/2017,,Egg,A,A,A
H3549,06/19/2017,,A0160,A0040,Female,,0.2,05/16/2017,,Juvenile,A,A,A
H3550,06/16/2017,,A0160,A0040,Male,3,0.23,05/16/2017,,Juvenile,A,A,A
H3551,06/19/2017,,A0218,A0073,Male,,0.23,05/16/2017,,Juvenile,A,A,A
H3552,06/21/2017,,A0218,A0073,Male,5,0.19,05/16/2017,,Juvenile,A,A,A
H3553,,,A0231,A0044,,,0.16,05/16/2017,,Egg,A,A,A
H3554,,,A0231,A0044,,,0.21,05/16/2017,,Egg,A,A,A
H3555,,,S0162,S0049,,,0.24,05/16/2017,,Egg,S,S,S
H3556,06/20/2017,,S0171,S0071,Male,,0.2,05/16/2017,,Juvenile,S,S,S
H3557,06/16/2017,,S0171,S0071,Male,,0.3,05/16/2017,,Juvenile,S,S,S
H3558,06/16/2017,,S0240,S0027,Female,2,0.28,05/16/2017,,Juvenile,S,S,S
H3559,06/17/2017,,S0155,S0058,Male,1,0.24,05/16/2017,,Juvenile,S,S,S
H3560,06/13/2017,,S0155,S0058,Male,3,0.32,05/16/2017,,Juvenile,S,S,S
H3561,06/15/2017,,S0101,S0033,Female,1,0.25,05/16/2017,,Juvenile,S,S,S
H3562,06/13/2017,,A0193,A0027,Female,,0.22,05/17/2017,05/08/2017,Juvenile,A,A,A
H3563,06/14/2017,,S0134,S0071,Female,,0.3,05/17/2017,05/08/2017,Juvenile,S,S,S
H3564,06/17/2017,,S0174,S0031,Female,7,0.23,05/17/2017,05/08/2017,Juvenile,S,S,S
H3565,06/13/2017,Dead in cage WR,S0163,S0054,Male,10,0.27,05/17/2017,05/08/2017,Juvenile,S,S,S
H3566,,,S0249,S0033,,,0.37,05/17/2017,05/08/2017,Egg,S,S,S
H3567,06/14/2017,,A0227,A0073,Female,3,0.28,05/17/2017,05/08/2017,Juvenile,A,A,A
H3568,06/16/2017,,A0140,A0036,Male,7,0.28,05/17/2017,05/08/2017,Juvenile,A,A,A
H3569,06/19/2017,,A0254,A0018,Male,1,0.18,05/17/2017,05/08/2017,Juvenile,A,A,A
H3570,,,A0121,A0055,,,0.21,05/17/2017,05/08/2017,Egg,A,A,A
H3571,06/20/2017,,A0101,A0080,Female,3,0.14,05/17/2017,05/08/2017,Juvenile,A,A,A
H3572,06/22/2017,,H0056,H0187,Female,5,0.2,05/23/2017,,Juvenile,H,H,H
H3573,06/24/2017,,H0046,H0122,Male,118,0.2,05/23/2017,,Juvenile,H,H,H
H3574,06/22/2017,,H0159,H0115,Male,13,0.26,05/23/2017,,Juvenile,H,H,H
H3575,06/27/2017,,H0159,H0115,Male,12,0.18,05/23/2017,,Juvenile,H,H,H
H3576,06/23/2017,,H0035,H0085,Female,119,0.23,05/23/2017,,Juvenile,H,H,H
H3577,06/22/2017,,H0117,H0043,Female,120,0.23,05/23/2017,,Juvenile,H,H,H
H3578,06/21/2017,,H0128,H0036,Female,121,0.26,05/23/2017,,Juvenile,H,H,H
H3579,06/20/2017,,H0102,H0022,Male,4,0.21,05/23/2017,,Juvenile,H,H,H
H3580,06/27/2017,,H0097,H0006,Male,11,0.18,05/23/2017,,Juvenile,H,H,H
H3581,,,A0199,A0010,,,0.24,05/23/2017,05/16/2017,Egg,A,A,A
H3582,06/26/2017,,A0160,A0040,Female,3,0.19,05/23/2017,05/16/2017,Juvenile,A,A,A
H3583,06/23/2017,,A0160,A0040,Male,3,0.22,05/23/2017,05/16/2017,Juvenile,A,A,A
H3584,06/27/2017,,A0218,A0073,Male,5,0.2,05/23/2017,05/16/2017,Juvenile,A,A,A
H3585,,,A0192,A0022,,,0.21,05/23/2017,05/16/2017,Egg,A,A,A
H3586,,,A0231,A0044,,,0.22,05/23/2017,05/16/2017,Egg,A,A,A
H3587,06/24/2017,,S0170,S0006,Male,3,0.23,05/23/2017,05/16/2017,Juvenile,S,S,S
H3588,06/24/2017,,S0101,S0033,Female,2,0.23,05/23/2017,05/16/2017,Juvenile,S,S,S
H3589,06/27/2017,,A0193,A0027,Female,15,0.14,05/24/2017,05/17/2017,Juvenile,A,A,A
H3590,06/24/2017,,S0134,S0071,Male,3,0.3,05/24/2017,05/17/2017,Juvenile,S,S,S
H3591,06/23/2017,,S0165,S0016,Male,,0.33,05/24/2017,05/17/2017,Juvenile,S,S,S
H3592,06/24/2017,,S0126,S0060,Female,3,0.24,05/24/2017,05/17/2017,Juvenile,S,S,S
H3593,06/25/2017,,A0227,A0073,Male,,0.22,05/24/2017,05/17/2017,Juvenile,A,A,A
H3594,06/25/2017,,A0140,A0036,Male,7,0.19,05/24/2017,05/17/2017,Juvenile,A,A,A
H3595,,,A0121,A0055,,,0.14,05/24/2017,05/17/2017,Egg,A,A,A
H3596,07/01/2017,,H0056,H0187,Female,1,0.27,05/30/2017,05/23/2017,Juvenile,H,H,H
H3597,07/03/2017,,H0075,H0048,Female,4,0.19,05/30/2017,05/23/2017,Juvenile,H,H,H
H3598,07/03/2017,,H0046,H0122,Male,9,0.23,05/30/2017,05/23/2017,Juvenile,H,H,H
H3599,,,H0055,H0158,,,0.15,05/30/2017,05/23/2017,Egg,H,H,H
H3600,07/02/2017,,H0010,H0183,Female,110,0.21,05/30/2017,05/23/2017,Juvenile,H,H,H
H3601,,,A0160,A0040,,,0.2,05/30/2017,05/23/2017,Egg,A,A,A
H3602,07/03/2017,,A0199,A0010,Male,6,0.21,05/30/2017,05/23/2017,Juvenile,A,A,A
H3603,06/30/2017,,H0102,H0022,Female,9,0.24,05/30/2017,05/23/2017,Juvenile,H,H,H
H3604,07/02/2017,,H0024,H0031,Male,110,0.21,05/30/2017,05/23/2017,Juvenile,H,H,H
H3605,06/30/2017,,H0024,H0031,Male,20,0.26,05/30/2017,05/23/2017,Juvenile,H,H,H
H3606,06/29/2017,,H0128,H0036,Female,113,0.26,05/30/2017,05/23/2017,Juvenile,H,H,H
H3607,07/02/2017,,H0117,H0043,Female,11,0.19,05/30/2017,05/23/2017,Juvenile,H,H,H
H3608,07/03/2017,,A0231,A0044,Male,4,0.22,05/30/2017,05/23/2017,Juvenile,A,A,A
H3609,,,A0192,A0022,,,0.21,05/30/2017,05/23/2017,Egg,A,A,A
H3610,,,A0218,A0073,,,0.23,05/30/2017,05/23/2017,Egg,A,A,A
H3611,,,S0162,S0049,,,0.22,05/30/2017,05/23/2017,Egg,S,S,S
H3612,07/01/2017,,H0097,H0006,Male,1,0.19,05/30/2017,05/23/2017,Juvenile,H,H,H
H3613,,,H0069,H0134,,,0.18,05/30/2017,05/23/2017,Egg,H,H,H
H3614,06/29/2017,,H0044,H0016,Female,4,0.24,05/30/2017,05/23/2017,Juvenile,H,H,H
H3615,07/02/2017,,H0044,H0016,Female,6,0.22,05/30/2017,05/23/2017,Juvenile,H,H,H
H3616,,,S0151,S0005,,,0.18,05/30/2017,05/23/2017,Egg,S,S,S
H3617,07/01/2017,,S0151,S0005,Female,3,0.23,05/30/2017,05/23/2017,Juvenile,S,S,S
H3618,07/04/2017,,S0171,S0071,Male,,0.18,05/30/2017,05/23/2017,Juvenile,S,S,S
H3619,07/01/2017,,S0171,S0071,Female,12,0.19,05/30/2017,05/23/2017,Juvenile,S,S,S
H3620,07/02/2017,,S0212,S0031,Male,2,0.23,05/30/2017,05/23/2017,Juvenile,S,S,S
H3621,06/30/2017,,S0101,S0033,Female,4,0.3,05/30/2017,05/23/2017,Juvenile,S,S,S
H3622,07/05/2017,,S0101,S0033,Male,7,0.25,05/30/2017,05/23/2017,Juvenile,S,S,S
H3623,07/03/2017,,S0155,S0058,Female,4,0.21,05/30/2017,05/23/2017,Juvenile,S,S,S
H3624,,,S0155,S0058,,,0.28,05/30/2017,05/23/2017,Egg,S,S,S
H3625,06/27/2017,,S0240,S0027,Female,2,0.27,05/30/2017,05/23/2017,Juvenile,S,S,S
H3626,07/03/2017,,S0134,S0071,Male,6,0.22,05/31/2017,05/24/2017,Juvenile,S,S,S
H3627,07/02/2017,,S0174,S0031,Male,5,0.24,05/31/2017,05/24/2017,Juvenile,S,S,S
H3628,07/02/2017,,S0204,S0027,Female,,0.2,05/31/2017,05/24/2017,Juvenile,S,S,S
H3629,07/02/2017,DOH,A0234,A0079,Female,0,0.21,05/31/2017,05/24/2017,Juvenile,A,A,A
H3630,07/02/2017,,A0140,A0036,Female,2,0.17,05/31/2017,05/24/2017,Juvenile,A,A,A
H3631,,,A0201,A0003,,,0.16,05/31/2017,05/24/2017,Egg,A,A,A
H3632,07/05/2017,,A0219,A0010,Male,2,0.15,05/31/2017,05/24/2017,Juvenile,A,A,A
H3633,06/30/2017,,A0101,A0080,Female,1,0.21,05/31/2017,05/24/2017,Juvenile,A,A,A
H3634,,,A0101,A0080,,,0.13,05/31/2017,05/24/2017,Egg,A,A,A
H3635,,,H0126,H0087,,,0.2,06/06/2017,05/30/2017,Egg,H,H,H
H3636,07/15/2017,,H0159,H0115,Male,6,0.18,06/06/2017,05/30/2017,Juvenile,H,H,H
H3637,07/07/2017,,H0159,H0115,Male,8,0.25,06/06/2017,05/30/2017,Juvenile,H,H,H
H3638,07/09/2017,,H0046,H0122,Female,103,0.21,06/06/2017,05/30/2017,Juvenile,H,H,H
H3639,07/08/2017,,H0010,H0183,Female,104,0.18,06/06/2017,05/30/2017,Juvenile,H,H,H
H3640,07/09/2017,,H0056,H0187,Male,6,0.23,06/06/2017,05/30/2017,Juvenile,H,H,H
H3641,07/11/2017,,H0102,H0022,Male,4,0.18,06/06/2017,05/30/2017,Juvenile,H,H,H
H3642,07/07/2017,,H0102,H0022,Male,105,0.22,06/06/2017,05/30/2017,Juvenile,H,H,H
H3643,07/10/2017,,H0128,H0036,Female,102,0.22,06/06/2017,05/30/2017,Juvenile,H,H,H
H3644,07/09/2017,,H0128,H0036,Female,6,0.26,06/06/2017,05/30/2017,Juvenile,H,H,H
H3645,07/09/2017,,H0117,H0043,Female,5,0.17,06/06/2017,05/30/2017,Juvenile,H,H,H
H3646,07/06/2017,,H0117,H0043,Female,106,0.23,06/06/2017,05/30/2017,Juvenile,H,H,H
H3647,07/10/2017,,A0253,A0080,,4,0.18,06/06/2017,05/30/2017,Juvenile,A,A,A
H3648,,,A0160,A0040,,,0.2,06/06/2017,05/30/2017,Egg,A,A,A
H3649,07/10/2017,,S0101,S0033,Female,,0.26,06/06/2017,05/30/2017,Juvenile,S,S,S
H3650,07/09/2017,,A0199,A0010,Female,,0.19,06/06/2017,05/30/2017,Juvenile,A,A,A
H3651,07/09/2017,,A0218,A0073,Female,9,0.21,06/06/2017,05/30/2017,Juvenile,A,A,A
H3652,07/10/2017,,S0170,S0006,Male,,0.19,06/06/2017,05/30/2017,Juvenile,S,S,S
H3653,07/06/2017,,S0170,S0006,Male,,0.27,06/06/2017,05/30/2017,Juvenile,S,S,S
H3654,,,A0100,A0056,,,0.16,06/06/2017,05/30/2017,Egg,A,A,A
H3655,07/07/2017,,A0192,A0022,Female,1,0.17,06/06/2017,05/30/2017,Juvenile,A,A,A
H3656,,,H0069,H0134,,,0.22,06/06/2017,05/30/2017,Egg,H,H,H
H3657,07/10/2017,,H0044,H0016,Female,4,0.14,06/06/2017,05/30/2017,Juvenile,H,H,H
H3658,,,H0044,H0016,,,0.24,06/06/2017,05/30/2017,Egg,H,H,H
H3659,07/08/2017,,H0011,H0007,Female,104,0.22,06/06/2017,05/30/2017,Juvenile,H,H,H
H3660,07/10/2017,,H0011,H0007,Female,102,0.18,06/06/2017,05/30/2017,Juvenile,H,H,H
H3661,07/10/2017,,H0097,H0006,Female,102,0.15,06/06/2017,05/30/2017,Juvenile,H,H,H
H3662,07/05/2017,,H0097,H0006,Male,1,0.22,06/06/2017,05/30/2017,Juvenile,H,H,H
H3663,07/09/2017,,A0193,A0027,Male,,0.19,06/07/2017,05/31/2017,Juvenile,A,A,A
H3664,07/09/2017,,S0165,S0016,Male,3,0.27,06/07/2017,05/31/2017,Juvenile,S,S,S
H3665,07/09/2017,,A0227,A0073,Male,2,0.24,06/07/2017,05/31/2017,Juvenile,A,A,A
H3666,07/12/2017,,A0101,A0080,Female,5,0.2,06/07/2017,05/31/2017,Juvenile,A,A,A
H3667,,,A0121,A0055,,,0.21,06/07/2017,05/31/2017,Egg,A,A,A
H3668,07/07/2017,,A0254,A0018,Male,1,0.2,06/07/2017,05/31/2017,Juvenile,A,A,A
H3669,07/09/2017,,A0201,A0003,Female,0,0.18,06/07/2017,05/31/2017,Juvenile,A,A,A
H3670,07/09/2017,DOH,A0140,A0036,Male,0,0.18,06/07/2017,05/31/2017,Juvenile,A,A,A
H3671,07/15/2017,,H0128,H0036,Female,97,0.23,06/13/2017,06/06/2017,Juvenile,H,H,H
H3672,07/18/2017,,H0128,H0036,Female,87,0.22,06/13/2017,06/06/2017,Juvenile,H,H,H
H3673,07/20/2017,,H0159,H0115,Male,92,0.21,06/13/2017,06/06/2017,Juvenile,H,H,H
H3674,07/16/2017,,H0159,H0115,Male,96,0.28,06/13/2017,06/06/2017,Juvenile,H,H,H
H3675,07/17/2017,,H0117,H0043,Female,95,0.19,06/13/2017,06/06/2017,Juvenile,H,H,H
H3676,07/15/2017,,H0117,H0043,Male,97,0.24,06/13/2017,06/06/2017,Juvenile,H,H,H
H3677,07/12/2017,,H0046,H0122,Male,100,0.24,06/13/2017,06/06/2017,Juvenile,H,H,H
H3678,,,H0185,H0021,,,0.18,06/13/2017,06/06/2017,Egg,H,H,H
H3679,07/17/2017,,H0010,H0183,Female,95,0.21,06/13/2017,06/06/2017,Juvenile,H,H,H
H3680,,,H0081,H0186,,,0.23,06/13/2017,06/06/2017,Egg,H,H,H
H3681,,,H0075,H0048,,,0.23,06/13/2017,06/06/2017,Egg,H,H,H
H3682,,,S0170,S0006,,,0.22,06/13/2017,06/06/2017,Egg,S,S,S
H3683,07/19/2017,,A0218,A0073,Male,,0.2,06/13/2017,06/06/2017,Juvenile,A,A,A
H3684,07/15/2017,Missing 12/6/2017,A0192,A0022,Male,144,0.21,06/13/2017,06/06/2017,Juvenile,A,A,A
H3685,07/16/2017,,A0231,A0044,Male,1,0.24,06/13/2017,06/06/2017,Juvenile,A,A,A
H3686,07/13/2017,,A0231,A0044,Female,1,0.28,06/13/2017,06/06/2017,Juvenile,A,A,A
H3687,07/18/2017,,H0056,H0187,Male,87,0.22,06/13/2017,06/06/2017,Juvenile,H,H,H
H3688,07/14/2017,,H0056,H0187,Male,98,0.27,06/13/2017,06/06/2017,Juvenile,H,H,H
H3689,07/16/2017,,A0199,A0010,Female,39,0.21,06/13/2017,06/06/2017,Juvenile,A,A,A
H3690,07/17/2017,,A0160,A0040,Female,5,0.18,06/13/2017,06/06/2017,Juvenile,A,A,A
H3691,07/13/2017,,A0160,A0040,Female,0,0.22,06/13/2017,06/06/2017,Juvenile,A,A,A
H3692,07/18/2017,,S0101,S0033,Male,,0.24,06/13/2017,06/06/2017,Juvenile,S,S,S
H3693,07/13/2017,,S0155,S0058,Male,,0.18,06/13/2017,06/06/2017,Juvenile,S,S,S
H3694,07/18/2017,,A0253,A0080,Female,,0.19,06/13/2017,06/06/2017,Juvenile,A,A,A
H3695,07/18/2017,,H0102,H0022,Female,94,0.22,06/13/2017,06/06/2017,Juvenile,H,H,H
H3696,07/16/2017,,H0102,H0022,Male,6,0.23,06/13/2017,06/06/2017,Juvenile,H,H,H
H3697,07/13/2017,,S0151,S0005,Female,3,0.3,06/13/2017,06/06/2017,Juvenile,S,S,S
H3698,07/14/2017,,S0110,S0038,Male,,0.25,06/13/2017,06/06/2017,Juvenile,S,S,S
H3699,07/13/2017,,S0171,S0071,Female,9,0.25,06/13/2017,06/06/2017,Juvenile,S,S,S
H3700,07/16/2017,,S0171,S0071,Male,,0.21,06/13/2017,06/06/2017,Juvenile,S,S,S
H3701,07/17/2017,,S0181,S0016,Male,,0.25,06/13/2017,06/06/2017,Juvenile,S,S,S
H3702,07/13/2017,,S0162,S0049,Female,,0.26,06/13/2017,06/06/2017,Juvenile,S,S,S
H3703,07/16/2017,,H0011,H0007,Male,96,0.21,06/13/2017,06/06/2017,Juvenile,H,H,H
H3704,07/16/2017,,H0044,H0016,Male,96,0.25,06/13/2017,06/06/2017,Juvenile,H,H,H
H3705,,,H0069,H0134,,,0.24,06/13/2017,06/06/2017,Egg,H,H,H
H3706,,,H0119,H0018,,,0.24,06/13/2017,06/06/2017,Egg,H,H,H
H3707,07/16/2017,,H0097,H0006,Male,96,0.22,06/13/2017,06/06/2017,Juvenile,H,H,H
H3708,07/16/2017,,S0134,S0071,Female,,0.27,06/13/2017,06/07/2017,Juvenile,S,S,S
H3709,07/13/2017,"MISSING, 7/15/2017",S0174,S0031,Female,2,0.22,06/13/2017,06/07/2017,Juvenile,S,S,S
H3710,07/17/2017,,A0193,A0027,Female,10,0.2,06/13/2017,06/07/2017,Juvenile,A,A,A
H3711,07/16/2017,,A0170,A0062,Male,0,0.2,06/13/2017,06/07/2017,Juvenile,A,A,A
H3712,07/16/2017,,A0227,A0073,Female,15,0.21,06/13/2017,06/07/2017,Juvenile,A,A,A
H3713,07/17/2017,,A0254,A0018,Female,,0.18,06/13/2017,06/07/2017,Juvenile,A,A,A
H3714,07/11/2017,,A0101,A0080,Female,1,0.19,06/13/2017,06/07/2017,Juvenile,A,A,A
H3715,07/22/2017,DEAD WR,S0165,S0016,Female,612,0.27,06/19/2017,06/13/2017,Juvenile,S,S,S
H3716,,,S0136,S0057,,,0.23,06/19/2017,06/13/2017,Egg,S,S,S
H3717,07/24/2017,,A0124,A0064,Female,11,0.18,06/19/2017,06/13/2017,Juvenile,A,A,A
H3718,,,A0234,A0079,,,0.28,06/19/2017,06/13/2017,Egg,A,A,A
H3719,07/21/2017,DEAD WR,A0227,A0073,Female,532,0.2,06/19/2017,06/13/2017,Juvenile,A,A,A
H3720,07/21/2017,,A0140,A0036,Male,8,0.2,06/19/2017,06/13/2017,Juvenile,A,A,A
H3721,07/20/2017,,A0201,A0003,Male,2,0.23,06/19/2017,06/13/2017,Juvenile,A,A,A
H3722,,,A0175,A0041,,,0.21,06/19/2017,06/13/2017,Egg,A,A,A
H3723,07/22/2017,,A0254,A0018,Female,6,0.19,06/19/2017,06/13/2017,Juvenile,A,A,A
H3724,07/20/2017,,A0121,A0055,Female,,0.21,06/19/2017,06/13/2017,Juvenile,A,A,A
H3725,07/19/2017,,A0219,A0010,Female,0,0.26,06/19/2017,06/13/2017,Juvenile,A,A,A
H3726,07/22/2017,,A0101,A0080,Male,12,0.22,06/19/2017,06/13/2017,Juvenile,A,A,A
H3727,,,S0119,S0049,,,0.14,06/19/2017,06/13/2017,Egg,S,S,S
H3728,,,A0236,A0006,,,0.12,06/19/2017,06/13/2017,Egg,A,A,A
H3729,07/22/2017,,H0117,H0043,Male,90,0.21,06/19/2017,06/13/2017,Juvenile,H,H,H
H3730,,,H0081,H0186,,,0.29,06/19/2017,06/13/2017,Egg,H,H,H
"H3731
",07/19/2017,Missing 7/21/2017,H0046,H0122,Male,2,0.17,06/19/2017,06/13/2017,Juvenile,H,H,H
H3732,07/21/2017,,H0056,H0187,Male,91,0.27,06/19/2017,06/13/2017,Juvenile,H,H,H
H3733,07/22/2017,,A0100,A0056,Female,,0.17,06/19/2017,06/13/2017,Juvenile,A,A,A
H3734,07/22/2017,,S0170,S0006,Male,,0.24,06/19/2017,06/13/2017,Juvenile,S,S,S
H3735,07/19/2017,,A0160,A0040,Female,1,0.22,06/19/2017,06/13/2017,Juvenile,A,A,A
H3736,07/22/2017,DEAD WR,A0199,A0010,Female,549,0.21,06/19/2017,06/13/2017,Juvenile,A,A,A
H3737,,,S0116,S0064,,,0.27,06/19/2017,06/13/2017,Egg,S,S,S
H3738,07/23/2017,"Pale, protruding growth on underside of front left leg",S0151,S0005,Female,8,0.21,06/19/2017,06/13/2017,Juvenile,S,S,S
H3739,07/23/2017,,A0253,A0080,Male,4,0.21,06/19/2017,06/13/2017,Juvenile,A,A,A
H3740,,,H0024,H0031,,,0.17,06/19/2017,06/13/2017,Egg,H,H,H
H3741,07/22/2017,,H0102,H0022,Female,90,0.26,06/19/2017,06/13/2017,Juvenile,H,H,H
H3742,,,H0119,H0018,,,0.22,06/19/2017,06/13/2017,Egg,H,H,H
H3743,07/20/2017,,H0097,H0006,Female,92,0.24,06/19/2017,06/13/2017,Juvenile,H,H,H
H3744,07/26/2017,,S0134,S0071,Female,,0.28,06/27/2017,06/19/2017,Juvenile,S,S,S
H3745,07/28/2017,,A0193,A0027,Male,,0.21,06/27/2017,06/19/2017,Juvenile,A,A,A
H3746,07/28/2017,,A0165,A0059,Female,13,0.23,06/27/2017,06/19/2017,Juvenile,A,A,A
H3747,07/28/2017,,A0101,A0080,Female,5,0.19,06/27/2017,06/19/2017,Juvenile,A,A,A
H3748,,,A0201,A0003,,,0.16,06/27/2017,06/19/2017,Egg,A,A,A
H3749,07/26/2017,,H0011,H0007,Female,86,0.26,06/27/2017,06/19/2017,Juvenile,H,H,H
H3750,07/29/2017,,H0011,H0007,Female,83,0.21,06/27/2017,06/19/2017,Juvenile,H,H,H
H3751,,,H0097,H0006,,,0.21,06/27/2017,06/19/2017,Egg,H,H,H
H3752,07/26/2017,,S0110,S0038,Male,,0.22,06/27/2017,06/19/2017,Juvenile,S,S,S
H3753,07/25/2017,,S0212,S0031,Male,,0.26,06/27/2017,06/19/2017,Juvenile,S,S,S
H3754,07/27/2017,,S0162,S0049,Male,7,0.29,06/27/2017,06/19/2017,Juvenile,S,S,S
H3755,07/27/2017,,H0102,H0022,Female,85,0.24,06/27/2017,06/19/2017,Juvenile,H,H,H
H3756,07/28/2017,,S0101,S0033,Male,,0.22,06/27/2017,06/19/2017,Juvenile,S,S,S
H3757,07/26/2017,,A0231,A0044,Female,,0.24,06/27/2017,06/19/2017,Juvenile,A,A,A
H3758,07/26/2017,,H0010,H0183,Female,86,0.2,06/27/2017,06/19/2017,Juvenile,H,H,H
H3759,07/29/2017,,H0056,H0187,Female,83,0.16,06/27/2017,06/19/2017,Juvenile,H,H,H
H3760,07/29/2017,Missing 7/31/17,H0117,H0043,Female,2,0.15,06/27/2017,06/19/2017,Juvenile,H,H,H
H3761,07/26/2017,,H0159,H0115,Male,86,0.23,06/27/2017,06/19/2017,Juvenile,H,H,H
H3762,07/27/2017,,H0128,H0036,Male,85,0.28,06/27/2017,06/19/2017,Juvenile,H,H,H
H3763,07/26/2017,,H0126,H0087,Female,30,0.25,06/27/2017,06/19/2017,Juvenile,H,H,H
H3764,07/27/2017,Missing 10/2/2017,H0035,H0085,Female,67,0.25,06/27/2017,06/19/2017,Juvenile,H,H,H
H3765,07/27/2017,,H0035,H0085,Male,85,0.24,06/27/2017,06/19/2017,Juvenile,H,H,H
H3766,08/06/2017,Missing 3/1/2018,S0134,S0071,Male,207,0.26,07/05/2017,06/27/2017,Juvenile,S,S,S
H3767,08/02/2017,,A0165,A0059,Male,1,0.27,07/05/2017,06/27/2017,Juvenile,A,A,A
H3768,,,A0165,A0059,,,0.22,07/05/2017,06/27/2017,Egg,A,A,A
H3769,,,A0101,A0080,,,0.23,07/05/2017,06/27/2017,Egg,A,A,A
H3770,08/04/2017,,A0121,A0055,Female,20,0.19,07/05/2017,06/27/2017,Juvenile,A,A,A
H3771,,,A0121,A0055,,,0.13,07/05/2017,06/27/2017,Egg,A,A,A
H3772,08/02/2017,Missing 8/31/2018,A0254,A0018,Female,394,0.18,07/05/2017,06/27/2017,Juvenile,A,A,A
H3773,08/01/2017,,A0140,A0036,Female,2,0.2,07/05/2017,06/27/2017,Juvenile,A,A,A
H3774,08/06/2017,,A0227,A0073,Female,,0.2,07/05/2017,06/27/2017,Juvenile,A,A,A
H3775,,,A0129,A0044,,,0.2,07/05/2017,06/27/2017,Egg,A,A,A
H3776,,,S0126,S0060,,,0.24,07/05/2017,06/27/2017,Egg,S,S,S
H3777,08/02/2017,,S0186,S0022,Male,,0.27,07/05/2017,06/27/2017,Juvenile,S,S,S
H3778,,,S0138,S0012,,,0.24,07/05/2017,06/27/2017,Egg,S,S,S
H3779,,,S0165,S0016,,,0.39,07/05/2017,06/27/2017,Egg,S,S,S
H3780,08/08/2017,,H0159,H0115,Male,73,0.21,07/06/2017,06/27/2017,Juvenile,H,H,H
H3781,08/01/2017,,H0159,H0115,Female,80,0.22,07/06/2017,06/27/2017,Juvenile,H,H,H
H3782,08/07/2017,,H0010,H0183,Male,74,0.2,07/06/2017,06/27/2017,Juvenile,H,H,H
H3783,08/01/2017,,H0010,H0183,Female,80,0.23,07/06/2017,06/27/2017,Juvenile,H,H,H
H3784,,,H0081,H0186,,,0.2,07/06/2017,06/27/2017,Egg,H,H,H
H3785,08/01/2017,,H0075,H0048,Male,21,0.28,07/06/2017,06/27/2017,Juvenile,H,H,H
H3786,08/08/2017,,H0075,H0048,Male,73,0.22,07/06/2017,06/27/2017,Juvenile,H,H,H
H3787,,,H0035,H0085,,,0.26,07/06/2017,06/27/2017,Egg,H,H,H
H3788,08/09/2017,,H0126,H0087,Female,4,0.17,07/06/2017,06/27/2017,Juvenile,H,H,H
H3789,08/02/2017,,H0128,H0036,Female,79,0.25,07/06/2017,06/27/2017,Juvenile,H,H,H
H3790,08/06/2017,,H0128,H0036,Female,68,0.25,07/06/2017,06/27/2017,Juvenile,H,H,H
H3791,08/06/2017,,H0117,H0043,Male,68,0.26,07/06/2017,06/27/2017,Juvenile,H,H,H
H3792,08/08/2017,Missing 8/13/2017,A0192,A0022,Female,5,0.22,07/06/2017,06/27/2017,Juvenile,A,A,A
H3793,08/04/2017,Missing 9/6/2018,A0231,A0044,Female,398,0.26,07/06/2017,06/27/2017,Juvenile,A,A,A
H3794,08/07/2017,,A0231,A0044,Female,,0.2,07/06/2017,06/27/2017,Juvenile,A,A,A
H3795,08/07/2017,,A0100,A0056,Female,18,0.17,07/06/2017,06/27/2017,Juvenile,A,A,A
H3796,08/02/2017,,A0100,A0056,Male,9,0.24,07/06/2017,06/27/2017,Juvenile,A,A,A
H3797,07/30/2017,,A0100,A0056,Female,12,0.25,07/06/2017,06/27/2017,Juvenile,A,A,A
H3798,08/03/2017,,H0056,H0187,Female,78,0.28,07/06/2017,06/27/2017,Juvenile,H,H,H
H3799,08/09/2017,,H0056,H0187,Female,72,0.18,07/06/2017,06/27/2017,Juvenile,H,H,H
H3800,08/01/2017,Missing 8/7/2017,H0046,H0122,Male,6,0.22,07/06/2017,06/27/2017,Juvenile,H,H,H
H3801,08/07/2017,,H0046,H0122,Male,67,0.24,07/06/2017,06/27/2017,Juvenile,H,H,H
H3802,08/06/2017,,A0199,A0010,Female,7,0.19,07/06/2017,06/27/2017,Juvenile,A,A,A
H3803,08/03/2017,,A0199,A0010,Male,,0.28,07/06/2017,06/27/2017,Juvenile,A,A,A
H3804,08/06/2017,,A0160,A0040,Female,12,0.2,07/06/2017,06/27/2017,Juvenile,A,A,A
H3805,07/28/2017,,A0160,A0040,Male,6,0.28,07/06/2017,06/27/2017,Juvenile,A,A,A
H3806,08/03/2017,,S0155,S0058,Female,,0.25,07/06/2017,06/27/2017,Juvenile,S,S,S
H3807,08/06/2017,,A0253,A0080,Female,5,0.25,07/06/2017,06/27/2017,Juvenile,A,A,A
H3808,08/04/2017,,S0101,S0033,Female,,0.3,07/06/2017,06/27/2017,Juvenile,S,S,S
H3809,08/02/2017,,H0102,H0022,Male,72,0.27,07/06/2017,06/27/2017,Juvenile,H,H,H
H3810,08/06/2017,,H0102,H0022,Female,68,0.22,07/06/2017,06/27/2017,Juvenile,H,H,H
H3811,08/07/2017,,S0151,S0005,Female,,0.23,07/06/2017,06/27/2017,Juvenile,S,S,S
H3812,08/03/2017,,S0171,S0071,Female,,0.33,07/06/2017,06/27/2017,Juvenile,S,S,S
H3813,,,S0126,S0060,,,0.19,07/12/2017,07/06/2017,Egg,S,S,S
H3814,08/17/2017,,A0192,A0022,Male,,0.19,07/12/2017,07/06/2017,Juvenile,A,A,A
H3815,08/14/2017,,H0010,H0183,Male,60,0.19,07/12/2017,07/06/2017,Juvenile,H,H,H
H3816,08/13/2017,,H0128,H0036,Male,61,0.24,07/12/2017,07/06/2017,Juvenile,H,H,H
H3817,08/11/2017,,S0162,S0049,Female,11,0.3,07/12/2017,07/06/2017,Juvenile,S,S,S
H3818,08/14/2017,,A0160,A0040,Female,,0.18,07/12/2017,07/06/2017,Juvenile,A,A,A
H3819,08/11/2017,,A0100,A0056,Male,2,0.19,07/12/2017,07/06/2017,Juvenile,A,A,A
H3820,08/13/2017,,H0102,H0022,Female,61,0.22,07/12/2017,07/06/2017,Juvenile,H,H,H
H3821,08/13/2017,,H0035,H0085,Male,61,0.24,07/12/2017,07/06/2017,Juvenile,H,H,H
H3822,,,S0116,S0064,,,0.21,07/12/2017,07/06/2017,Egg,S,S,S
H3823,08/13/2017,,H0075,H0048,Female,61,0.19,07/12/2017,07/06/2017,Juvenile,H,H,H
H3824,,,H0024,H0031,,,0.25,07/12/2017,07/06/2017,Egg,H,H,H
H3825,,,H0067,H0193,,,0.23,07/12/2017,07/06/2017,Egg,H,H,H
H3826,08/17/2017,,A0124,A0064,Female,,0.24,07/12/2017,07/06/2017,Juvenile,A,A,A
H3827,08/16/2017,,A0165,A0059,Female,2,0.18,07/12/2017,07/06/2017,Juvenile,A,A,A
H3828,,,A0101,A0080,,,0.19,07/12/2017,07/06/2017,Egg,A,A,A
H3829,08/15/2017,,A0254,A0018,Female,,0.14,07/12/2017,07/06/2017,Juvenile,A,A,A
H3830,08/14/2017,DEAD 06/28/2018 WR,S0110,S0038,Male,318,0.21,07/12/2017,07/06/2017,Juvenile,S,S,S
H3831,08/09/2017,,H0097,H0006,Female,72,0.26,07/12/2017,07/06/2017,Juvenile,H,H,H
H3832,08/13/2017,"Date of death not recorded, before 11/2017 ",H0097,H0006,Female,,0.22,07/12/2017,07/06/2017,Juvenile,H,H,H
H3833,08/07/2017,,H0044,H0016,Male,74,0.31,07/12/2017,07/06/2017,Juvenile,H,H,H
H3834,08/11/2017,,H0044,H0016,Female,63,0.23,07/12/2017,07/06/2017,Juvenile,H,H,H
H3835,08/11/2017,,H0011,H0007,Male,63,0.26,07/12/2017,07/06/2017,Juvenile,H,H,H
H3836,08/17/2017,,H0011,H0007,Male,57,0.19,07/12/2017,07/06/2017,Juvenile,H,H,H
H3837,08/13/2017,,S0171,S0071,Male,0,0.25,07/12/2017,07/06/2017,Juvenile,S,S,S
H3838,08/16/2017,,H0126,H0087,Male,1,0.26,07/19/2017,07/12/2017,Juvenile,H,H,H
H3839,08/21/2017,,H0126,H0087,Female,53,0.19,07/19/2017,07/12/2017,Juvenile,H,H,H
H3840,08/18/2017,,H0102,H0022,Female,56,0.21,07/19/2017,07/12/2017,Juvenile,H,H,H
H3841,08/20/2017,,H0128,H0036,Male,54,0.2,07/19/2017,07/12/2017,Juvenile,H,H,H
H3842,08/18/2017,,S0101,S0033,Male,4,0.26,07/19/2017,07/12/2017,Juvenile,S,S,S
H3843,08/19/2017,,A0199,A0010,Female,,0.18,07/19/2017,07/12/2017,Juvenile,A,A,A
H3844,08/18/2017,,H0056,H0187,Male,56,0.26,07/19/2017,07/12/2017,Juvenile,H,H,H
H3845,08/21/2017,Missing 9/25/2017,H0056,H0187,Male,35,0.19,07/19/2017,07/12/2017,Juvenile,H,H,H
H3846,08/18/2017,,H0035,H0085,Female,56,0.22,07/19/2017,07/12/2017,Juvenile,H,H,H
H3847,08/23/2017,Missing 8/25/2017,H0035,H0085,Female,2,0.18,07/19/2017,07/12/2017,Juvenile,H,H,H
H3848,08/22/2017,,H0010,H0183,Male,52,0.18,07/19/2017,07/12/2017,Juvenile,H,H,H
H3849,08/18/2017,,H0159,H0115,Male,22,0.23,07/19/2017,07/12/2017,Juvenile,H,H,H
H3850,,,S0151,S0005,,,0.16,07/19/2017,07/12/2017,Egg,S,S,S
H3851,,,H0024,H0031,,,0.27,07/19/2017,07/12/2017,Egg,H,H,H
H3852,,,"A0253
",A0080,,,0.13,07/19/2017,07/12/2017,Egg,A,A,A
H3853,08/21/2017,,A0165,A0059,Male,21,0.19,07/19/2017,07/12/2017,Juvenile,A,A,A
H3854,08/21/2017,MISSING 03/01/2018 -WR,A0121,A0055,Female,192,0.16,07/19/2017,07/12/2017,Juvenile,A,A,A
H3855,08/22/2017,,S0134,S0071,Male,,0.17,07/19/2017,07/12/2017,Juvenile,S,S,S
H3856,,,A0101,A0080,,,0.16,07/19/2017,07/12/2017,Egg,A,A,A
H3857,,,S0186,S0022,,,0.2,07/19/2017,07/12/2017,Egg,S,S,S
H3858,08/17/2017,,A0140,A0036,Male,12,0.21,07/19/2017,07/12/2017,Juvenile,A,A,A
H3859,08/18/2017,,S0171,S0071,Female,3,0.26,07/19/2017,07/12/2017,Juvenile,S,S,S
H3860,08/19/2017,,A0234,A0079,Female,34,0.27,07/19/2017,07/12/2017,Juvenile,A,A,A
H3861,,,S0165,S0016,,,0.25,07/19/2017,07/12/2017,Egg,S,S,S
H3862,08/18/2017,,H0044,H0016,Male,56,0.25,07/19/2017,07/12/2017,Juvenile,H,H,H
H3863,08/19/2017,,H0097,H0006,Male,55,0.21,07/19/2017,07/12/2017,Juvenile,H,H,H
H3864,08/30/2017,,A0192,A0022,Male,12,0.2,07/27/2017,07/19/2017,Juvenile,A,A,A
H3865,08/27/2017,,H0128,H0036,Male,47,0.2,07/27/2017,07/19/2017,Juvenile,H,H,H
H3866,08/27/2017,,H0102,H0022,Male,47,0.22,07/27/2017,07/19/2017,Juvenile,H,H,H
H3867,08/29/2017,,H0126,H0087,Male,45,0.18,07/27/2017,07/19/2017,Juvenile,H,H,H
H3868,08/24/2017,,H0035,H0085,Male,50,0.16,07/27/2017,07/19/2017,Juvenile,H,H,H
H3869,08/31/2017,MISSING WR 06/05/2018,A0231,A0044,Female,278,0.16,07/27/2017,07/19/2017,Juvenile,A,A,A
H3870,08/29/2017,,H0056,H0187,Female,45,0.18,07/27/2017,07/19/2017,Juvenile,H,H,H
H3871,08/27/2017,,H0046,H0122,Female,47,0.18,07/27/2017,07/19/2017,Juvenile,H,H,H
H3872,08/23/2017,,H0046,H0122,Male,51,0.26,07/27/2017,07/19/2017,Juvenile,H,H,H
H3873,08/26/2017,,H0010,H0183,Female,48,0.22,07/27/2017,07/19/2017,Juvenile,H,H,H
H3874,08/28/2017,,H0117,H0043,Male,46,0.19,07/27/2017,07/19/2017,Juvenile,H,H,H
H3875,08/24/2017,,H0159,H0115,Male,50,0.2,07/27/2017,07/19/2017,Juvenile,H,H,H
H3876,08/27/2017,,H0075,H0048,Male,47,0.18,07/27/2017,07/19/2017,Juvenile,H,H,H
H3877,09/04/2017,,A0199,A0010,Female,7,0.26,08/09/2017,07/27/2017,Juvenile,A,A,A
H3878,,,A0199,A0010,,,0.23,08/09/2017,07/27/2017,Egg,A,A,A
H3879,09/06/2017,,H0126,H0087,Female,37,0.22,08/09/2017,07/27/2017,Juvenile,H,H,H
H3880,09/11/2017,,H0102,H0022,Male,21,0.18,08/09/2017,07/27/2017,Juvenile,H,H,H
H3881,09/05/2017,,H0102,H0022,Female,38,0.24,08/09/2017,07/27/2017,Juvenile,H,H,H
H3882,09/11/2017,,H0128,H0036,Male,7,0.18,08/09/2017,07/27/2017,Juvenile,H,H,H
H3883,09/05/2017,,H0128,H0036,Female,38,0.32,08/09/2017,07/27/2017,Juvenile,H,H,H
H3884,09/04/2017,,S0101,S0033,Male,1,0.23,08/09/2017,07/27/2017,Juvenile,S,S,S
H3885,09/06/2017,,A0192,A0022,Female,12,0.23,08/09/2017,07/27/2017,Juvenile,A,A,A
H3886,09/06/2017,,H0056,H0187,Male,37,0.27,08/09/2017,07/27/2017,Juvenile,H,H,H
H3887,09/11/2017,,H0056,H0187,Female,7,0.2,08/09/2017,07/27/2017,Juvenile,H,H,H
H3888,09/09/2017,,H0035,H0085,Female,34,0.23,08/09/2017,07/27/2017,Juvenile,H,H,H
H3889,09/08/2017,,A0100,A0056,Female,1,0.17,08/09/2017,07/27/2017,Juvenile,A,A,A
H3890,08/28/2017,MISSING 8/31/2017,H0011,H0007,Female,3,0.34,08/09/2017,07/27/2017,Juvenile,H,H,H
H3891,09/01/2017,,H0011,H0007,Female,42,0.26,08/09/2017,07/27/2017,Juvenile,H,H,H
H3892,,,A0253,A0080,,,0.16,08/09/2017,07/27/2017,Egg,A,A,A
H3893,,,H0044,H0016,,,0.2,08/09/2017,07/27/2017,Egg,H,H,H
H3894,08/30/2017,,H0097,H0006,Male,10,0.23,08/09/2017,07/27/2017,Juvenile,H,H,H
H3895,09/11/2017,Second H3895 - male with hatch date 9/6: check!,H0097,H0006,Female,32,0.18,08/09/2017,07/27/2017,Juvenile,H,H,H
H3896,09/11/2017,,S0171,S0071,Female,,0.21,08/09/2017,07/27/2017,Juvenile,S,S,S
H3897,09/12/2017,,S0151,S0005,Male,,0.16,08/09/2017,07/27/2017,Juvenile,S,S,S
H3898,09/12/2017,,A0101,A0080,Male,7,0.16,08/09/2017,07/27/2017,Juvenile,A,A,A
H3899,09/14/2017,,A0215,A0076,Male,11,0.15,08/13/2017,,Juvenile,A,A,A
H3900,09/15/2017,,A0169,A0051,Female,,0.12,08/13/2017,,Juvenile,A,A,A
H3901,08/18/2017,Egg had been in plant for a while,S0211,S0060,Male,3,0.71,08/13/2017,,Juvenile,S,S,S
H3902,08/26/2017,Egg had been in plant for a while,S0211,S0060,Male,1,0.45,08/13/2017,,Juvenile,S,S,S
H3903,09/13/2017,DOH,A0107,A0018,Male,0,0.18,08/13/2017,,Juvenile,A,A,A
H3904,09/11/2017,,S0242,S0006,Male,,0.31,08/13/2017,09/06/2017,Juvenile,S,S,S
H3905,09/21/2017,,A0107,A0018,Male,1,0.15,08/16/2017,08/13/2017,Juvenile,A,A,A
H3906,09/20/2017,,A0245,A0012,Female,5,0.2,08/16/2017,08/13/2017,Juvenile,A,A,A
H3907,09/15/2017,,H0011,H0007,Female,28,0.24,08/16/2017,08/09/2017,Juvenile,H,H,H
H3908,09/15/2017,,H0117,H0043,Male,28,0.21,08/16/2017,08/09/2017,Juvenile,H,H,H
H3909,09/18/2017,,H0044,H0016,Male,372,0.26,08/16/2017,08/09/2017,Juvenile,H,H,H
H3910,09/14/2017,,H0097,H0006,Female,4,0.2,08/16/2017,08/09/2017,Juvenile,H,H,H
H3911,09/12/2017,,H0097,H0006,Male,7,0.21,08/16/2017,08/09/2017,Juvenile,H,H,H
H3912,09/13/2017,,H0046,H0122,Male,30,0.24,08/16/2017,08/09/2107,Juvenile,H,H,H
H3913,09/13/2017,,H0159,H0115,Male,30,0.25,08/16/2017,08/09/2017,Juvenile,H,H,H
H3914,09/13/2017,,H0010,H0183,Male,30,0.26,08/16/2017,08/09/2017,Juvenile,H,H,H
H3915,,,A0107,A0018,,,0.18,08/23/2017,08/16/2017,Egg,A,A,A
H3916,09/26/2017,,A0113,A0013,Female,4,0.21,08/23/2017,08/16/2017,Juvenile,A,A,A
H3917,09/25/2017,,A0153,A0056,Female,3,0.18,08/23/2017,08/16/2017,Juvenile,A,A,A
H3918,,,A0153,A0056,,,0.2,08/23/2017,08/16/2017,Egg,A,A,A
H3919,09/25/2017,,H0044,H0016,Male,18,0.21,08/23/2017,08/16/2017,Juvenile,H,H,H
H3920,09/22/2017,,A0172,A0059,Female,,0.2,08/23/2017,08/16/2017,Juvenile,A,A,A
H3921,09/25/2017,"Not found, census 6/6/2018",A0172,A0059,Male,,0.19,08/23/2017,08/16/2017,Juvenile,A,A,A
H3922,,,,S0005,,,0.18,08/23/2017,08/16/2017,Egg,S,S,S
H3923,09/16/2017,Name: Arya,S0151,H0048,Female,27,0.27,08/23/2017,08/16/2017,Juvenile,#REF!,H,H
H3924,09/23/2017,,A0245,A0012,Male,2,0.22,08/23/2017,08/16/2017,Juvenile,A,A,A
H3925,,,S0224,S0026,,,0.24,08/23/2017,08/16/2017,Egg,S,S,S
H3926,,,S0215,S0031,,,0.22,08/23/2017,08/16/2017,Egg,S,S,S
H3927,,,A0148,A0048,,,0.22,08/23/2017,08/16/2017,Egg,A,A,A
H3928,09/21/2017,,H0126,H0087,Male,22,0.24,08/23/2017,08/16/2017,Juvenile,H,H,H
H3929,09/26/2017,,H0128,H0036,Female,17,0.22,08/23/2017,08/16/2017,Juvenile,H,H,H
H3930,09/30/2017,,H0075,H0048,Female,2,0.16,08/30/2017,08/23/2017,Juvenile,H,H,H
H3931,,,H0075,H0048,,,0.25,08/30/2017,08/23/2017,Egg,H,H,H
H3932,10/01/2017,,H0010,H0183,Female,2,0.22,08/30/2017,08/23/2017,Juvenile,H,H,H
H3933,09/23/2017,,H0035,H0085,Male,7,0.2,08/30/2017,08/23/2017,Juvenile,H,H,H
H3934,,,H0126,H0087,,,0.2,08/30/2017,08/23/2017,Egg,H,H,H
H3935,09/27/2017,,H0097,H0006,Female,5,0.22,08/30/2017,08/23/2017,Juvenile,H,H,H
H3936,,,A0245,A0012,,,0.23,08/30/2017,08/23/2017,Egg,A,A,A
H3937,10/01/2017,"Not found, census 6/6/2018",A0245,A0012,Male,,0.18,08/30/2017,08/23/2017,Juvenile,A,A,A
H3938,,,A0215,A0076,,,0.15,08/30/2017,08/23/2017,Egg,A,A,A
H3939,,,S0146,S0038,,,0.12,08/30/2017,08/23/2017,Egg,S,S,S
H3940,,,S0224,S0026,,,0.12,08/30/2017,08/23/2017,Egg,S,S,S
H3941,,,A0172,A0059,,,0.17,08/30/2017,08/23/2017,Egg,A,A,A
H3942,10/02/2017,,A0172,A0059,Male,4,0.13,08/30/2017,08/23/2017,Juvenile,A,A,A
H3943,,,A0107,A0018,,,0.17,08/30/2017,08/23/2017,Egg,A,A,A
H3944,,,A0169,A0051,,,0.21,08/30/2017,08/23/2017,Egg,A,A,A
H3945,10/02/2017,,A0153,A0056,Male,5,0.16,08/30/2017,08/23/2017,Juvenile,A,A,A
H3946,,,A0165,A0059,,,0.26,08/30/2017,08/23/2017,Egg,A,A,A
H3947,,,A0199,A0010,,,0.15,08/30/2017,08/23/2017,Egg,A,A,A
H3948,10/10/2017,,A0172,A0059,Female,,0.15,09/06/2017,08/30/2017,Juvenile,A,A,A
H3949,10/06/2017,,A0113,A0013,Female,1,0.23,09/06/2017,08/30/2017,Juvenile,A,A,A
H3950,10/07/2017,,A0245,A0012,Female,4,0.23,09/06/2017,08/30/2017,Juvenile,A,A,A
H3951,10/10/2017,,A0153,A0056,Female,,0.17,09/06/2017,08/30/2017,Juvenile,A,A,A
H3952,,,A0169,A0051,,,0.19,09/06/2017,08/30/2017,Egg,A,A,A
H3953,10/08/2017,,A0125,A0003,Male,5,0.18,09/06/2017,08/30/2017,Juvenile,A,A,A
H3954,10/08/2017,,S0249,S0033,Female,15,0.25,09/06/2017,08/30/2017,Juvenile,S,S,S
H3955,10/16/2017,,A0242,A0007,Female,12,0.19,09/13/2017,09/06/2017,Juvenile,A,A,A
H3956,10/13/2017,,A0245,A0012,Male,,0.22,09/13/2017,09/06/2017,Juvenile,A,A,A
H3957,10/16/2017,,A0172,A0059,Female,11,0.15,09/13/2017,09/06/2017,Juvenile,A,A,A
"H3958
",10/27/2017,,A0153,A0056,Male,,0.22,09/25/2017,09/13/2017,Juvenile,A,A,A
H3959,10/20/2017,,A0153,A0056,Female,,0.25,09/25/2017,09/13/2017,Juvenile,A,A,A
H3960,,,A0169,A0051,,,0.25,09/25/2017,09/13/2017,Egg,A,A,A
H3961,10/20/2017,,A0215,A0076,Female,1,0.19,09/25/2017,09/13/2017,Juvenile,A,A,A
H3962,10/28/2017,,A0215,A0076,Female,2,0.26,09/25/2017,09/13/2017,Juvenile,A,A,A
H3963,10/30/2017,,S0131,S0064,Female,4,0.21,09/25/2017,09/13/2017,Juvenile,S,S,S
H3964,11/01/2017,,A0153,A0056,Female,,0.15,10/05/2017,09/25/2017,Juvenile,A,A,A
H3965,11/04/2017,,A0153,A0056,Male,,0.21,10/05/2017,09/25/2017,Juvenile,A,A,A
H3966,11/03/2017,,A0169,A0051,Male,,0.26,10/05/2017,09/25/2017,Juvenile,A,A,A
H3967,11/08/2017,"Not found, census 6/6/2018",A0215,A0076,Male,,0.19,10/05/2017,09/25/2017,Juvenile,A,A,A
H3968,11/13/2017,DEAD 07/09/2018 WR,A0117,A0040,Male,238,0.24,10/12/2017,10/05/2017,Juvenile,A,A,A
H3969,11/17/2017,,A0153,A0056,Male,,0.15,10/12/2017,10/05/2017,Juvenile,A,A,A
H3970,11/13/2017,,A0169,A0051,Female,12,0.22,10/12/2017,10/05/2017,Juvenile,A,A,A
H3971,11/13/2017,,A0242,A0007,Female,,0.2,10/12/2017,10/05/2017,Juvenile,A,A,A
H3972,11/09/2017,DEAD WR,A0215,A0076,Female,488,0.28,10/12/2017,10/05/2017,Juvenile,A,A,A
H3973,11/30/2017,,A0172,A0059,Female,34,0.17,10/25/2017,10/12/2017,Juvenile,A,A,A
H3974,,,A0172,A0059,,,0.25,10/25/2017,10/12/2017,Egg,A,A,A
H3975,11/23/2017,,A0172,A0059,Female,2,0.27,10/25/2017,10/12/2017,Juvenile,A,A,A
H3976,11/28/2017,,A0245,A0012,Female,,0.18,10/25/2017,10/12/2017,Juvenile,A,A,A
H3977,,,A0113,A0013,,,0.22,10/25/2017,10/12/2017,Egg,A,A,A
H3978,11/26/2017,,A0215,A0076,Male,,0.22,10/25/2017,10/12/2017,Juvenile,A,A,A
H3979,,,A0215,A0076,,,0.25,10/25/2017,10/12/2017,Egg,A,A,A
H3980,,Discarded 12/1/2017,A0113,A0013,,,0.19,11/03/2017,10/25/2017,Egg,A,A,A
H3981,12/05/2017,,A0215,A0076,Male,3,0.18,11/03/2017,10/25/2017,Juvenile,A,A,A
H3982,,Egg discarded 12/4/2017 MT,A0215,A0076,,,0.23,11/03/2017,10/25/2017,Egg,A,A,A
