Order,Date,X-ray #,AnolisID,Sex,Mass,Meas,SVL,Head Length,Head Width,Pectoral,Pelvic,Humerus,Radius,Ulna,Femur,Tibia,Notes,Set
4,2/11/2014,1,H0001,F,0.27,TW,20.55,6.715,3.537,2.989,1.849,2.518,NA,NA,4.087,3.407,NA,NA
35,3/4/2014,11,H0001,F,0.32,TW,23.49,7.733,4.491,3.565,2.547,2.578,NA,NA,4.322,4.106,NA,NA
162,5/5/2014,47,H0001,F,0.62,TW,26.073,8.033,4.508,3.506,2.403,3.515,NA,2.629,5.492,4.813,NA,NA
364,8/5/2014,107,H0001,F,1.1,TW,33.7,9.68,4.82,4.47,3.05,4.91,4.351,3.844,6.619,6.128,NA,NA
755,11/4/2014,223,H0001,F,1.43,TW,35.244,10.369,6.068,4.996,3.429,4.694,3.512,3.571,7.589,6.636,NA,NA
1246,2/10/2015,355,H0001,F,1.64,CMM,37.623,11.169,5.484,5.256,3.833,6.057,4.649,4.777,7.707,7.627,NA,NA
3470,2/16/2016,953,H0001,F,2.02,CMM,38.904,10.755,5.894,5.787,4.045,6.098,4.628,5.359,8.365,7.654,NA,NA
3,2/11/2014,1,H0002,M,0.24,TW,19.823,7.106,NA,3.476,2.342,3.025,1.812,2.195,4.077,3.462,"AS- Remeasured Pectoral, Humerus, Radius, and Ulna",RM Set 1
36,3/4/2014,11,H0002,M,0.34,TW,22.952,7.546,4.472,3.654,2.759,3.225,NA,NA,4.278,4.32,NA,NA
158,5/5/2014,46,H0002,M,0.59,TW,25.854,8.001,4.656,3.452,2.739,4.02,2.749,2.972,5.83,5.146,NA,NA
366,8/5/2014,107,H0002,M,1.42,TW,36.646,11.115,5.74,NA,3.596,5.595,4.385,4.462,7.861,7.534,NA,NA
752,11/4/2014,222,H0002,M,2.21,TW,41.499,11.864,6.414,5.966,4.206,6.901,5.011,5.137,9.816,8.796,NA,NA
1242,2/10/2015,354,H0002,M,2.49,CMM,46.809,13.553,6.716,6.401,4.727,8.343,5.76,5.789,9.725,9.859,NA,NA
3471,2/16/2016,953,H0002,M,6.48,CMM,55.835,15.217,7.449,8.146,5.779,9.138,6.897,7.652,12.091,11.079,NA,NA
756,11/4/2014,223,H0005,F,1.35,TW,35.683,10.425,5.876,5.032,3.629,5.641,3.321,3.378,7.505,7.014,AS - Remeasured Humerus,RM Set 1
8,2/11/2014,2,H0005,F,0.25,TW,20.363,6.676,4.042,2.937,2.006,NA,NA,NA,3.959,3.614,NA,NA
34,3/4/2014,11,H0005,F,0.34,TW,23.173,7.637,4.915,3.484,2.68,2.88,NA,NA,4.404,3.947,NA,NA
163,5/5/2014,47,H0005,F,0.59,TW,27.332,8.414,4.398,3.602,2.548,3.619,NA,2.849,5.655,5.258,NA,NA
363,8/5/2014,106,H0005,F,1.04,TW,33.25,9.76,4.622,NA,3.115,5.157,NA,NA,7.166,6.702,NA,NA
1244,2/10/2015,355,H0005,F,1.53,CMM,38.65,11.335,5.666,5.06,3.715,6.009,4.797,4.768,8.561,8.083,NA,NA
3472,2/16/2016,954,H0005,F,1.77,CMM,40.414,12.205,5.726,5.234,4.53,6.247,4.604,4.83,9.043,7.692,NA,NA
2,2/11/2014,1,H0006,M,0.27,TW,20.101,7.391,3.452,3.639,2.34,2.954,2.266,2.638,4.015,3.707,"AS - Remeasured Pectoral, Radius, and Ulna",RM Set 1
40,3/4/2014,12,H0006,M,0.31,TW,22.505,7.71,4.508,NA,1.946,3.09,NA,NA,4.521,NA,NA,NA
164,5/5/2014,47,H0006,M,0.51,TW,24.793,8.333,4.623,3.997,2.666,3.333,2.153,2.605,5.492,4.677,NA,NA
365,8/5/2014,107,H0006,M,1.3,TW,33.446,9.861,5.608,4.865,3.358,5.323,NA,4.121,7.347,7.459,NA,NA
754,11/4/2014,222,H0006,M,1.96,TW,40.283,12.142,6.077,5.398,3.688,6.292,4.554,4.731,9.294,8.226,NA,NA
1245,2/10/2015,355,H0006,M,2.19,CMM,44.866,13.428,6.178,6.39,4.399,7.427,4.912,5.813,10.113,9.696,NA,NA
3473,2/16/2016,954,H0006,M,5.85,CMM,50.991,14.357,10.387,7.72,5.605,9.432,6.232,6.42,11.439,10.712,NA,NA
6,2/11/2014,2,H0007,M,0.25,TW,20.077,7.72,NA,NA,2.28,2.891,NA,NA,4.241,3.5,NA,NA
38,3/4/2014,12,H0007,M,0.28,TW,21.474,7.345,4.509,3.341,2.191,2.828,NA,NA,4.597,3.915,NA,NA
159,5/5/2014,46,H0007,M,0.42,TW,24.415,7.942,4.401,3.497,2.425,3.118,2.4,2.765,4.973,4.659,NA,NA
361,8/5/2014,106,H0007,M,1.21,TW,35.321,12.062,5.466,4.805,3.393,5.327,4.244,NA,7.471,6.895,NA,NA
759,11/4/2014,224,H0007,M,2.16,TW,41.538,12.315,6.949,6.112,4.198,5.301,4.295,4.138,9.018,8.795,NA,NA
1249,2/10/2015,356,H0007,M,2.34,TW,45.885,13.721,6.84,6.845,4.304,7.245,5.576,5.696,10.658,9.417,NA,NA
3469,2/16/2016,952,H0007,M,7.42,CMM,55.826,14.289,10.488,8.459,6.106,9.539,6.723,7.512,13.585,11.952,NA,NA
1,2/11/2014,1,H0009,M,0.28,TW,19.201,6.148,3.529,NA,2.04,2.722,NA,NA,3.926,3.428,NA,NA
33,3/4/2014,11,H0009,M,0.34,TW,22.987,7.871,3.836,3.597,2.264,2.668,NA,NA,4.24,4.024,NA,NA
143,4/29/2014,41,H0009,M,0.47,TW,25.987,8.425,4.404,3.516,2.565,3.707,2.541,2.717,5.198,4.893,NA,NA
367,8/5/2014,108,H0009,M,1.3,TW,35.539,11.46,5.25,5.076,3.205,5.086,4.254,4.523,7.416,7.158,NA,NA
753,11/4/2014,222,H0009,M,2.11,TW,40.518,11.917,6.555,5.944,3.766,6.526,5.015,5.043,8.965,8.382,NA,NA
1243,2/10/2015,354,H0009,M,2.26,CMM,45.657,13.315,6.316,6.349,4.401,7.588,5.992,6.207,9.706,9.688,NA,NA
3474,2/16/2016,955,H0009,M,6.76,CMM,54.469,14.469,10.185,7.603,5.275,7.393,6.292,7.207,11.841,10.655,NA,NA
784,11/12/2014,233,H0010,F,1.45,TW,34.891,10.787,5.492,4.932,3.61,4.017,2.604,3.828,7.49,6.935,AS - Remeasured Ulna,RM Set 1
15,2/18/2014,5,H0010,F,0.31,TW,21.743,7.28,3.999,3.295,2.332,2.518,NA,NA,3.856,3.548,NA,NA
41,3/12/2014,13,H0010,F,0.36,TW,24.648,8.023,4.386,NA,2.461,3.392,NA,NA,4.525,4.125,NA,NA
154,5/5/2014,45,H0010,F,0.61,TW,25.563,8.213,4.596,3.835,2.391,3.632,2.116,2.227,5.427,4.733,NA,NA
358,8/5/2014,105,H0010,F,1.03,TW,33.64,10.323,4.483,4.376,3.89,5.026,4.34,3.809,6.866,NA,NA,NA
1273,2/11/2015,364,H0010,F,1.72,TW,38.488,11.581,6.059,5.412,3.904,4.592,3.752,3.776,7.569,7.037,NA,NA
3465,2/16/2016,951,H0010,F,2.13,CMM,39.74,11.572,5.945,5.864,4.473,6.07,3.854,4.257,8.233,7.467,NA,NA
780,11/12/2014,231,H0011,F,1.31,TW,34.824,10.057,5.651,4.247,3.313,5.049,2.854,3.036,7.87,6.828,AS - Remeasured Pectoral and Humerus,RM Set 1
9,2/18/2014,3,H0011,F,0.28,TW,22.167,7.057,3.909,3.192,2.204,2.483,1.844,NA,4.041,3.85,NA,NA
42,3/12/2014,13,H0011,F,0.35,TW,23.411,7.605,4.87,3.908,2.616,3.371,NA,NA,4.765,4.225,NA,NA
155,5/5/2014,45,H0011,F,0.56,TW,25.478,8.079,4.617,3.285,2.542,3.371,NA,2.751,5.477,5.09,NA,NA
359,8/5/2014,105,H0011,F,1.06,TW,33.212,9.577,4.679,4.24,3.241,4.709,NA,4.145,6.622,6.606,NA,NA
1274,2/11/2015,364,H0011,F,1.53,TW,38.18,10.967,5.558,4.643,3.957,4.955,4.036,3.686,7.459,7.153,NA,NA
3466,2/16/2016,951,H0011,F,2.25,CMM,39.094,11.195,6.188,6.051,3.976,5.665,4.097,4.231,8.26,7.623,NA,NA
7,2/11/2014,2,H0012,F,0.22,TW,20.665,7.299,2.824,3.452,2.021,2.566,NA,NA,3.882,3.458,NA,NA
37,3/4/2014,12,H0012,F,0.3,TW,23.063,7.552,4.169,3.423,2.539,3.205,NA,NA,4.47,3.952,NA,NA
160,5/5/2014,46,H0012,F,0.43,TW,26.079,8.6,4.321,NA,2.155,3.511,2.499,2.647,5.342,4.788,NA,NA
362,8/5/2014,106,H0012,F,1.1,TW,34.011,10.273,4.765,4.624,3.093,4.762,4.209,4.146,7.863,6.937,NA,NA
758,11/4/2014,224,H0012,F,1.51,TW,34.45,10.95,5.809,5.331,3.539,4.064,3.232,3.164,7.543,6.747,NA,NA
1248,2/10/2015,356,H0012,F,1.68,TW,35.974,10.968,6.002,5.36,3.771,5.573,4.588,4.402,8.217,7.513,NA,NA
3467,2/16/2016,951,H0012,F,2.29,CMM,39.542,12.133,6.197,6.056,4.242,5.917,4.547,4.996,8.861,7.926,NA,NA
11,2/18/2014,3,H0013,F,0.22,TW,21.214,7.048,4.031,3.006,2.097,2.466,NA,NA,4.063,3.648,NA,NA
43,3/12/2014,13,H0013,F,0.3,TW,22.094,7.109,4.204,3.619,2.307,2.897,NA,NA,4.443,4.152,NA,NA
156,5/5/2014,45,H0013,F,0.45,TW,24.478,7.493,4.207,3.476,2.48,2.933,2.302,2.496,5.413,4.91,NA,NA
388,8/13/2014,113,H0013,F,0.97,TW,31.218,9.783,4.938,4.966,2.809,4.509,3.243,3.447,6.97,6.032,NA,NA
785,11/12/2014,233,H0013,F,1.08,TW,32.405,10.128,5.357,4.719,3.409,4.735,2.6,2.991,6.927,6.242,NA,NA
1272,2/11/2015,364,H0013,F,1.19,TW,35.823,11.363,5.662,4.948,3.493,5.198,4.469,4.178,7.34,7.057,NA,NA
3464,2/16/2016,950,H0013,F,2.08,CMM,38.903,11.027,5.664,6.001,4.242,5.689,4.237,4.529,8.745,7.714,NA,NA
757,11/4/2014,223,H0014,F,1.48,TW,36.633,11.413,5.74,5.073,3.381,4.94,3.424,3.665,8.509,6.123,AS - Remeasured Femur,RM Set 1
5,2/11/2014,2,H0014,F,0.25,TW,20.681,6.641,3.688,2.985,2.081,2.686,NA,NA,3.909,3.619,NA,NA
39,3/4/2014,12,H0014,F,0.36,TW,23.627,7.542,NA,3.32,2.249,2.999,NA,NA,4.25,4.037,NA,NA
161,5/5/2014,46,H0014,F,0.62,TW,26.995,8.889,4.602,3.782,2.373,2.938,1.975,2.119,5.804,4.956,NA,NA
360,8/5/2014,105,H0014,F,1.05,TW,35.183,9.742,4.753,4.529,3.19,5.101,NA,3.76,6.697,NA,NA,NA
1247,2/10/2015,356,H0014,F,1.75,TW,38.242,11.657,5.852,5.578,4.015,5.515,3.982,4.12,7.224,6.886,NA,NA
3468,2/16/2016,952,H0014,F,2.39,CMM,39.661,11.656,5.943,6.15,4.324,5.988,4.226,4.852,8.151,7.403,NA,NA
19,2/24/2014,7,H0015,M,0.3,TW,20.872,7.167,4.359,NA,2.376,2.739,NA,NA,4.391,3.705,NA,NA
54,3/17/2014,17,H0015,M,0.37,TW,23.379,7.887,4.337,3.403,2.262,3.291,NA,NA,4.82,4.237,NA,NA
165,5/14/2014,48,H0015,M,0.42,TW,25.899,8.473,4.528,3.859,2.697,3.552,2.682,2.509,5.826,4.948,NA,NA
399,8/22/2014,117,H0015,M,1.49,TW,39.004,10.433,5.747,NA,3.405,5.872,4.122,4.19,7.968,7.902,NA,NA
819,11/19/2014,242,H0015,M,2.11,TW,39.864,12.363,6.431,5.857,3.952,5.085,3.964,4.138,9.142,7.943,NA,NA
1312,2/18/2015,373,H0015,M,2.31,TW,42.323,12.001,6.752,5.019,4.163,5.549,4.389,4.447,10.28,8.976,NA,NA
3458,2/16/2016,948,H0015,M,5.94,CMM,53.172,14.336,9.141,7.295,5.453,8.868,6.582,6.877,12.432,10.957,NA,NA
786,11/12/2014,234,H0016,M,2.37,TW,44.224,12.978,6.596,5.848,4.779,7.008,3.453,3.949,9.502,8.316,"AS - Remeasured Humerus, Radius, and Ulna",RM Set 1
14,2/18/2014,4,H0016,M,0.27,TW,21.148,6.755,3.887,2.892,2.086,2.624,NA,NA,4.086,3.698,NA,NA
45,3/12/2014,14,H0016,M,0.32,TW,23.599,7.317,4.22,3.477,2.408,3.658,NA,NA,5.016,4.335,NA,NA
166,5/14/2014,48,H0016,M,0.43,TW,26.429,8.525,4.549,4.055,2.484,3.803,2.506,3.067,5.938,5.131,NA,NA
384,8/13/2014,112,H0016,M,1.52,TW,38.4,11.11,5.54,NA,3.23,6.545,3.546,3.92,8.984,7.672,NA,NA
1269,2/11/2015,362,H0016,M,2.44,TW,46.534,13.574,5.517,5.859,4.471,7.086,4.91,4.767,9.69,9.154,NA,NA
3460,2/16/2016,949,H0016,M,6.56,CMM,54.313,15.482,7.79,7.623,5.611,7.648,6.328,7.375,12.945,11.047,NA,NA
3462,2/16/2016,950,H0017,F,1.8,CMM,38.493,11.03,5.661,5.165,3.674,4.993,3.083,3.697,7.787,7.221,AS - Remeasured Radius and Ulna,RM Set 1
1268,2/11/2015,362,H0017,F,1.32,TW,34.453,10.188,5.517,4.543,3.459,4.954,3.232,3.727,7.649,7.147,JG - reameasured ulna,RM Set 1
13,2/18/2014,4,H0017,F,0.28,TW,19.685,6.44,3.701,NA,1.996,2.556,NA,NA,4.15,3.419,NA,NA
46,3/12/2014,14,H0017,F,0.3,TW,22.203,7.171,4.283,3.321,2.484,3.367,NA,NA,4.551,3.862,NA,NA
168,5/14/2014,49,H0017,F,0.36,TW,24.389,7.753,4.292,3.357,2.285,3.471,2.542,2.53,5.235,4.613,NA,NA
383,8/13/2014,112,H0017,F,0.84,TW,30.198,9.329,5.007,4.48,2.96,4.772,2.918,3.007,6.601,5.948,NA,NA
781,11/12/2014,231,H0017,F,1.2,TW,32.614,10.043,5.886,4.529,3.466,4.261,3.407,3.164,6.571,6.56,NA,NA
816,11/19/2014,242,H0018,M,1.9,TW,42.183,12.41,6.32,5.62,3.868,6.392,4.003,4.277,9.025,8.323,AS - Remeasured Humerus,RM Set 1
17,2/24/2014,6,H0018,M,0.26,TW,20.244,6.534,4.088,NA,2.095,2.698,NA,NA,4.047,3.394,NA,NA
55,3/17/2014,17,H0018,M,0.38,TW,23.594,7.499,4.324,NA,2.483,NA,NA,NA,4.562,4.125,NA,NA
169,5/14/2014,49,H0018,M,0.45,TW,25.585,8.081,4.7,3.82,2.795,3.576,2.641,2.628,5.222,4.899,NA,NA
385,8/13/2014,112,H0018,M,1.2,TW,34.748,10.743,5.682,5.065,3.38,4.911,3.583,3.794,7.679,6.659,NA,NA
1311,2/18/2015,373,H0018,M,2.33,TW,45.169,12.343,5.611,5.514,4.196,6.816,5.407,5.664,9.937,9.085,NA,NA
3459,2/16/2016,948,H0018,M,5.5,CMM,53.282,14.662,7.3,7.5,5.189,8.241,6.407,7.227,11.198,11.003,NA,NA
398,8/22/2014,117,H0019,M,1.57,TW,37.701,10.842,5.711,5.402,3.527,5.344,4.939,4.658,8.167,7.469,AS - Remeasured Radius and Ulna,RM Set 1
18,2/24/2014,7,H0019,M,0.37,TW,22.233,7.232,3.831,3.211,2.066,2.668,NA,NA,4.327,3.781,NA,NA
58,3/17/2014,18,H0019,M,0.37,TW,24.311,7.997,4.918,NA,2.431,3.14,NA,NA,5.033,4.409,NA,NA
189,5/22/2014,54,H0019,M,0.68,TW,28.702,9.325,4.831,4.639,2.788,3.709,2.907,2.961,5.769,5.078,NA,NA
818,11/19/2014,242,H0019,M,2.03,TW,42.965,12.762,5.832,5.36,4.091,5.539,4.937,5.227,8.561,7.791,NA,NA
1309,2/18/2015,372,H0019,M,2.27,TW,44.481,13.071,6.604,5.524,3.809,6.473,5.387,5.44,9.75,8.959,NA,NA
3456,2/16/2016,947,H0019,M,5.73,CMM,51.42,13.454,9.505,7.313,5.659,8.611,6.198,7.19,11.5,11.221,NA,NA
783,11/12/2014,232,H0020,F,1.27,TW,34.153,10.453,5.618,5.144,3.797,4.093,2.8,NA,6.929,6.642,AS - Can't Find X-Ray,RM Set 1
10,2/18/2014,3,H0020,F,0.26,TW,20,6.291,4.019,NA,2.279,2.715,NA,NA,4.041,3.464,NA,NA
44,3/12/2014,13,H0020,F,0.29,TW,23.552,7.432,4.112,3.9,2.476,3.386,NA,NA,4.663,4.304,NA,NA
157,5/5/2014,45,H0020,F,0.57,TW,25.93,8.35,4.354,NA,2.315,3.407,2.482,2.953,5.415,4.734,NA,NA
387,8/13/2014,113,H0020,F,0.99,TW,31.635,9.292,5.049,4.168,3.174,4.475,3.414,3.547,6.709,6.373,NA,NA
1271,2/11/2015,364,H0020,F,1.29,TW,35.26,10.593,5.787,4.956,3.595,5.052,3.795,3.801,7.305,7.372,NA,NA
3463,2/16/2016,950,H0020,F,2.05,CMM,40.141,11.185,5.286,5.584,3.999,6.255,4.657,5.082,8.206,8.24,NA,NA
817,11/19/2014,242,H0021,M,1.88,TW,40.155,12.219,6.313,5.646,3.946,6.344,4.066,4.085,7.945,7.259,AS - Remeasured Humerus,RM Set 1
16,2/24/2014,6,H0021,M,0.31,TW,22.079,7.225,4.159,NA,2.391,2.525,NA,NA,3.744,3.539,NA,NA
56,3/17/2014,17,H0021,M,0.33,TW,23.428,7.713,4.611,3.338,2.274,3.075,NA,NA,4.373,4.051,NA,NA
167,5/14/2014,48,H0021,M,0.42,TW,25.398,8.007,4.801,3.605,2.572,2.762,2.539,2.653,5.118,4.591,NA,NA
395,8/22/2014,116,H0021,M,1.53,TW,39.834,10.958,5.669,5.213,3.59,NA,4.186,4.336,7.436,6.906,NA,NA
1313,2/18/2015,374,H0021,M,2.3,TW,44.62,13.179,6.444,5.661,3.703,5.621,4.614,4.716,9.663,8.564,NA,NA
3457,2/16/2016,947,H0021,M,5.8,CMM,51.771,14.285,9.854,7.584,5.538,7.997,6.279,6.876,10.97,10.371,NA,NA
12,2/18/2014,4,H0022,M,0.22,TW,19.022,6.357,4.073,2.636,1.965,2.234,NA,NA,4.043,3.526,NA,NA
47,3/12/2014,14,H0022,M,0.29,TW,22.405,7.572,4.155,3.575,2.098,2.695,NA,NA,4.532,4.049,NA,NA
170,5/14/2014,49,H0022,M,0.36,TW,25.476,8.479,4.702,3.882,2.66,3.732,2.806,2.825,5.309,4.697,NA,NA
386,8/13/2014,113,H0022,M,1.33,TW,34.96,10.79,5.992,5.279,3.306,5.347,3.965,3.957,7.297,6.615,NA,NA
782,11/12/2014,232,H0022,M,1.93,TW,41.255,12.584,6.64,5.779,4.37,5.546,4.381,4.506,8.972,7.971,NA,NA
1270,2/11/2015,362,H0022,M,2.25,TW,44.787,13.455,6.792,6.029,4.729,7.045,5.365,5.757,9.965,9.57,NA,NA
3461,2/16/2016,949,H0022,M,5.34,CMM,50.668,14.548,7.746,7.705,5.691,8.787,6.609,7.079,11.879,10.576,NA,NA
20,2/24/2014,7,H0024,F,0.22,TW,20.761,6.897,4.11,2.934,1.924,2.438,NA,NA,3.949,3.633,NA,NA
57,3/17/2014,17,H0024,F,0.31,TW,23.062,7.216,4.114,3.276,2.008,2.731,NA,NA,4.582,3.957,NA,NA
190,5/22/2014,54,H0024,F,0.39,TW,25.758,8.385,4.365,3.813,2.374,3.716,NA,NA,5.207,4.611,NA,NA
401,8/22/2014,118,H0024,F,0.89,TW,32.884,9.638,4.944,4.646,2.823,NA,3.204,3.465,6.124,5.597,NA,NA
821,11/19/2014,243,H0024,F,1.04,TW,31.781,9.897,5.269,4.588,3.355,4.08,3.129,3.014,6.843,6.405,NA,NA
1314,2/18/2015,374,H0024,F,1.22,TW,33.652,10.179,5.418,4.56,3.313,4.727,3.161,2.784,7.397,7.174,NA,NA
3491,2/23/2016,961,H0024,F,2.2,CMM,41.546,11.617,5.593,5.703,4.117,6.316,4.159,4.878,8.416,7.823,NA,NA
1351,2/25/2015,384,H0026,F,1.79,TW,36.77,10.375,5.21,4.667,2.914,6.042,4.627,4.771,8.339,8.44,JG - remeasured pectoral,RM Set 1
24,3/4/2014,8,H0026,F,0.3,TW,20.739,6.672,4.077,NA,2.314,NA,NA,NA,4.054,3.514,NA,NA
80,3/25/2014,24,H0026,F,0.37,TW,23.838,7.628,4.512,3.788,2.304,3.125,NA,NA,4.823,4.074,NA,NA
191,5/22/2014,55,H0026,F,0.42,TW,25.358,8.153,4.366,3.583,2.3,3.406,2.546,2.904,5.621,4.646,NA,NA
394,8/22/2014,116,H0026,F,0.96,TW,33.313,9.844,4.991,4.353,3.033,4.559,3.839,3.851,6.642,NA,NA,NA
837,12/1/2014,248,H0026,F,1.24,TW,34.414,10.3,5.375,4.514,3.319,4.088,3.401,3.602,6.799,6.516,NA,NA
3487,2/23/2016,959,H0026,F,2.12,CMM,40.345,11.65,5.977,5.777,4.213,6.386,3.934,3.961,8.629,7.808,NA,NA
838,12/1/2014,248,H0028,F,1.04,TW,33.045,10.195,4.765,4.444,3.015,4.84,2.654,2.776,6.538,6.398,AS - Remeasured Humerus,RM Set 1
23,3/4/2014,8,H0028,F,0.27,TW,20.527,6.757,4.307,3.136,2.358,2.268,1.737,1.994,3.917,3.522,"AS - Remeasured Pelvic, Radius, and Ulna ",RM Set 1
1348,2/25/2015,383,H0028,F,1.06,TW,33.788,10.385,4.348,3.325,2.649,5.361,4.324,4.693,8.028,7.744,JG - reameasured head width & pectoral,RM Set 1
81,3/25/2014,24,H0028,F,0.33,TW,22.443,7.125,4.311,3.402,2.274,2.801,NA,NA,4.376,4.089,NA,NA
192,5/22/2014,55,H0028,F,0.35,TW,25.044,7.875,4.16,3.587,2.384,3.015,NA,NA,4.993,4.444,NA,NA
400,8/22/2014,118,H0028,F,0.66,TW,28.79,8.631,4.747,4.375,2.682,4.283,3.232,3.45,6.455,5.877,NA,NA
3490,2/23/2016,961,H0028,F,1.91,CMM,40.198,11.682,5.305,5.604,4.262,5.692,3.863,4.312,7.994,7.896,NA,NA
21,3/4/2014,8,H0030,F,0.27,TW,21.21,6.773,3.942,NA,2.547,2.476,NA,NA,3.746,3.503,NA,NA
82,3/25/2014,24,H0030,F,0.26,TW,22.23,6.859,4.206,3.296,2.231,2.798,NA,NA,4.453,4.086,NA,NA
193,5/22/2014,55,H0030,F,0.36,TW,24.545,7.719,4.401,4.039,2.635,3.522,NA,NA,4.944,4.612,NA,NA
397,8/22/2014,117,H0030,F,0.92,TW,30.625,9.276,4.675,4.648,2.94,4.569,NA,NA,5.939,5.642,NA,NA
840,12/1/2014,249,H0030,F,1.22,TW,33.786,10.329,4.917,4.525,3.456,3.813,3.05,3.039,7.085,6.665,NA,NA
1352,2/25/2015,384,H0030,F,1.29,TW,37.172,10.802,5.287,4.191,NA,5.639,4.64,5.289,8.567,8.573,NA,NA
3489,2/23/2016,960,H0030,F,2.04,CMM,41.042,12.006,5.563,5.393,3.919,5.621,3.818,4.669,7.868,7.778,NA,NA
22,3/4/2014,8,H0031,M,0.28,TW,21.002,6.784,4.052,NA,1.963,2.058,NA,NA,4.028,3.534,NA,NA
83,3/25/2014,24,H0031,M,0.31,TW,21.794,7.136,4.258,2.891,2.15,3.132,NA,NA,4.331,3.887,NA,NA
194,5/22/2014,55,H0031,M,0.38,TW,24.983,8.032,4.363,3.776,2.377,3.585,2.562,NA,4.951,4.419,NA,NA
396,8/22/2014,116,H0031,M,1.3,TW,35.035,10.469,5.509,4.815,3.933,5.288,NA,NA,6.809,6.723,NA,NA
836,12/1/2014,247,H0031,M,1.61,TW,38.046,12.041,5.785,5.422,3.773,5.221,3.93,4.403,8.024,7.432,NA,NA
1353,2/25/2015,384,H0031,M,1.73,TW,39.392,11.659,6.628,NA,3.467,6.478,4.844,5.215,10.031,9.759,NA,NA
3488,2/23/2016,960,H0031,M,6.2,CMM,52.893,14.548,7.628,7.689,5.612,7.54,5.731,5.543,10.326,10.275,NA,NA
835,12/1/2014,247,H0032,F,1.28,TW,35.161,10.611,5.026,4.476,3.164,5.24,3.267,3.487,6.65,6.506,AS - Remeasured Humerus,RM Set 1
1345,2/25/2015,382,H0032,F,1.31,TW,35.272,10.9,4.805,4.624,3.298,5.614,3.892,3.974,8.137,7.879,JG - reameasured head width,RM Set 1
32,3/4/2014,10,H0032,F,0.22,TW,19.606,6.119,4.09,NA,1.803,2.096,NA,NA,3.954,3.406,NA,NA
76,3/25/2014,23,H0032,F,0.3,TW,22.937,7.413,4.206,NA,2.092,2.798,NA,NA,4.641,3.97,NA,NA
199,5/29/2014,57,H0032,F,0.41,TW,25.085,8.099,4.642,NA,2.446,3.381,2.472,2.711,5.225,4.601,NA,NA
427,8/27/2014,126,H0032,F,0.93,TW,31.876,9.628,4.797,4.042,3.12,4.389,3.483,3.681,6.425,6.247,NA,NA
3525,3/8/2016,973,H0032,F,2.04,CMM,40.474,11.241,5.996,5.66,4.344,6.079,4.682,4.89,8.551,7.811,NA,NA
48,3/12/2014,15,H0033,F,0.25,TW,20.715,6.625,4.072,3.435,2.418,2.778,2.032,2.297,4.195,3.658,"AS - Remeasured Pectoral, Radius, and Ulna",RM Set 1
92,4/2/2014,27,H0033,F,0.33,TW,23.701,7.476,4.107,3.021,2.234,2.874,NA,NA,4.933,4.348,NA,NA
207,6/5/2014,59,H0033,F,0.49,TW,25.708,8.94,4.637,4.482,2.445,3.729,NA,NA,5.522,4.723,NA,NA
432,9/3/2014,128,H0033,F,0.8,TW,29.171,9.339,4.865,4.261,3.246,3.897,3.357,3.52,6.446,5.812,NA,NA
845,12/2/2014,251,H0033,F,1.06,TW,31.727,10.148,5.299,4.943,3.504,5.287,3.794,3.459,7.23,6.354,NA,NA
1363,3/5/2015,387,H0033,F,1.01,TW,33.484,10.673,4.63,4.526,3.487,5.298,3.927,4.034,7.785,7.569,NA,NA
3519,3/8/2016,971,H0033,F,1.97,CMM,40.13,12.302,5.568,5.595,4.178,5.833,4.805,5.186,7.94,7.576,NA,NA
29,3/4/2014,10,H0035,F,0.24,TW,20.472,6.836,NA,NA,1.889,2.641,NA,NA,3.71,3.625,NA,NA
73,3/25/2014,22,H0035,F,0.3,TW,22.182,7.39,4.223,3.145,2.157,2.774,NA,NA,4.429,3.862,NA,NA
209,6/5/2014,60,H0035,F,0.46,TW,25.584,8.381,4.386,3.489,2.317,3.854,NA,NA,5.248,4.709,NA,NA
435,9/3/2014,129,H0035,F,0.82,TW,30.489,9.642,4.72,4.342,3.294,4.769,3.375,2.886,6.24,5.927,NA,NA
841,12/2/2014,250,H0035,F,1.2,TW,34.935,10.663,5.526,5.173,3.824,5.347,4.059,4.022,7.493,6.582,NA,NA
1368,3/5/2015,389,H0035,F,1.36,TW,36.934,10.427,4.549,4.693,3.609,5.77,4.542,4.488,8.511,7.974,NA,NA
3521,3/8/2016,971,H0035,F,2.28,CMM,40.14,11.422,5.676,5.372,4.406,6.089,4.581,4.969,8.466,7.732,NA,NA
27,3/4/2014,9,H0036,M,0.22,TW,19.38,6.269,4.006,NA,2.05,NA,NA,NA,4.022,3.984,NA,NA
77,3/25/2014,23,H0036,M,0.3,TW,23.096,7.683,4.373,3.134,2.083,2.93,NA,NA,4.532,4.013,NA,NA
200,5/29/2014,57,H0036,M,0.5,TW,26.005,8.312,4.425,3.782,2.56,3.311,2.714,2.78,5.104,4.495,NA,NA
426,8/27/2014,126,H0036,M,1.12,TW,33.688,10.568,5.323,5.414,3.41,4.995,3.987,4.189,7.435,6.713,NA,NA
834,12/1/2014,247,H0036,M,1.92,TW,39.284,11.937,6.172,5.678,3.713,5.287,4.477,4.671,8.374,7.997,NA,NA
1350,2/25/2015,383,H0036,M,1.99,TW,43.873,12.941,7.3,6.303,3.825,7.274,5.969,5.724,10.765,9.964,NA,NA
3524,3/8/2016,973,H0036,M,5.25,CMM,55.219,15.325,7.599,7.704,5.202,8.229,6.96,7.774,12.035,11.528,NA,NA
25,3/4/2014,9,H0038,F,0.2,TW,18.575,6.709,NA,NA,1.867,NA,NA,NA,3.776,3.292,NA,NA
26,3/4/2014,9,H0039,M,0.22,TW,20.105,6.701,NA,2.62,2.084,2.703,NA,NA,4.107,3.554,NA,NA
78,3/25/2014,23,H0039,M,0.32,TW,22.1,7.107,4.049,NA,2.173,2.648,NA,NA,4.615,4.007,NA,NA
28,3/4/2014,9,H0040,F,0.24,TW,20.719,6.788,3.988,NA,1.563,NA,NA,NA,4.017,3.434,NA,NA
79,3/25/2014,23,H0040,F,0.34,TW,22.228,6.983,4.278,3.09,2.146,2.732,NA,NA,4.364,3.935,NA,NA
201,5/29/2014,57,H0040,F,0.58,TW,25.624,7.826,4.725,4.361,2.603,3.424,NA,NA,4.851,4.43,NA,NA
425,8/27/2014,126,H0040,F,0.89,TW,31.252,10.029,4.471,4.179,2.858,4.028,3.346,3.537,6.256,5.875,NA,NA
839,12/1/2014,249,H0040,F,1.16,TW,32.764,10.104,4.984,4.86,3.373,4.258,2.797,3.426,6.687,6.03,NA,NA
1349,2/25/2015,383,H0040,F,1.24,TW,34.898,10.45,5.314,4.366,2.873,5.582,5.029,4.783,7.742,8.246,NA,NA
3486,2/23/2016,959,H0040,F,1.9,CMM,38.928,11.317,5.622,5.437,4.595,5.362,3.698,4.148,7.724,7.254,NA,NA
1365,3/5/2015,388,H0041,F,1.42,TW,38.002,11.106,4.691,4.8,3.386,5.872,4.548,4.709,8.202,7.692,JG remeasured SVL; Corrected mass from data sheet,Mass/SVL check
49,3/12/2014,15,H0041,F,0.3,TW,22.536,6.952,4.21,NA,2.292,2.936,NA,NA,4.142,3.726,NA,NA
93,4/2/2014,27,H0041,F,0.35,TW,23.245,7.337,4.218,3.644,2.363,3.05,NA,NA,4.771,4.259,NA,NA
206,6/5/2014,59,H0041,F,0.5,TW,26.251,8.468,4.619,4.201,2.536,3.729,NA,NA,5.146,4.744,NA,NA
430,9/3/2014,127,H0041,F,1.02,TW,33.411,10.623,5.268,4.705,3.473,4.803,3.648,3.443,6.516,6.45,NA,NA
847,12/2/2014,252,H0041,F,1.52,TW,35.927,10.608,5.787,5.457,3.789,5.812,3.946,3.938,7.671,7.658,NA,NA
3520,3/8/2016,971,H0041,F,2.16,CMM,40.245,11.643,6.39,6.349,4.553,5.89,4.068,4.143,8.663,8.106,NA,NA
30,3/4/2014,10,H0042,F,0.24,TW,20.155,6.283,NA,2.924,2.072,2.603,NA,NA,3.825,3.751,NA,NA
74,3/25/2014,22,H0042,F,0.37,TW,23.796,7.457,4.473,3.9,2.391,3.712,NA,NA,4.795,4.29,NA,NA
210,6/5/2014,60,H0042,F,0.47,TW,25.956,8.397,4.883,3.944,2.69,3.894,2.778,2.987,5.79,5.113,NA,NA
436,9/3/2014,129,H0042,F,0.98,TW,31.629,9.725,5.135,4.905,3.45,4.086,3.656,3.357,7.214,6.535,NA,NA
842,12/2/2014,250,H0042,F,1.33,TW,36.019,11.036,5.573,5.286,3.288,5.617,4.175,4.185,7.937,7.444,NA,NA
1366,3/5/2015,388,H0042,F,1.66,TW,36.627,10.624,5.071,5.175,4.076,6.067,4.412,4.334,8.586,7.882,NA,NA
3522,3/8/2016,972,H0042,F,2.63,CMM,40.821,11.015,6.391,6.305,4.597,6.392,4.86,5.165,9.195,8.463,NA,NA
31,3/4/2014,10,H0043,M,0.25,TW,20.474,6.626,4.352,3.087,1.596,2.216,NA,NA,3.894,3.862,NA,NA
75,3/25/2014,22,H0043,M,0.38,TW,24.226,7.537,4.537,3.259,2.338,3.344,NA,NA,4.811,NA,NA,NA
208,6/5/2014,60,H0043,M,0.62,TW,27.587,9.122,5.052,4.261,2.449,4.256,2.526,2.81,5.778,5.126,NA,NA
434,9/3/2014,129,H0043,M,1.28,TW,37.214,11.291,5.693,5.208,3.494,4.97,3.9,3.985,7.513,7.077,NA,NA
843,12/2/2014,250,H0043,M,1.89,TW,40.704,11.99,6.951,6.607,3.652,6.581,4.594,4.778,8.887,8.454,NA,NA
1369,3/5/2015,389,H0043,M,2.01,TW,43.381,12.391,5.55,6.506,3.855,6.843,5.389,5.186,9.992,9.678,NA,NA
3523,3/8/2016,972,H0043,M,6.99,CMM,55.018,14.858,8.635,8.697,5.745,8.765,6.519,7.061,12.215,11.359,NA,NA
59,3/17/2014,18,H0044,F,0.33,TW,21.384,6.811,4.285,3.321,1.93,2.611,NA,NA,4.216,3.783,NA,NA
105,4/7/2014,31,H0044,F,0.29,TW,23.394,7.352,4.039,3.151,2.12,3.182,NA,NA,4.828,4.396,NA,NA
219,6/12/2014,63,H0044,F,0.43,TW,25.784,8.586,4.586,3.972,2.587,4.011,2.678,2.779,5.408,4.729,NA,NA
465,9/9/2014,138,H0044,F,0.92,TW,30.802,9.385,5.068,4.232,2.887,4.808,NA,3.78,6.511,5.905,NA,NA
900,12/9/2014,267,H0044,F,1.24,TW,34.27,9.847,5.804,4.827,3.236,4.971,3.333,3.992,7.572,6.785,NA,NA
1426,3/18/2015,406,H0044,F,1.3,TW,35.177,10.338,5.998,4.781,3.209,6.196,4.817,5.266,8.5,7.916,NA,NA
3514,3/8/2016,968,H0044,F,2.1,CMM,40.676,11.254,5.665,5.511,4.452,6.392,4.368,4.436,8.242,7.719,NA,NA
60,3/17/2014,18,H0045,F,0.29,TW,21.51,6.973,4.29,3.428,2.406,2.697,NA,NA,4.378,3.886,NA,NA
103,4/7/2014,30,H0045,F,0.34,TW,23.93,7.641,4.353,NA,2.186,3.237,NA,NA,5.244,4.511,NA,NA
220,6/12/2014,64,H0045,F,0.45,TW,25.816,8.268,4.667,4.008,2.619,3.504,2.587,2.648,5.575,4.77,NA,NA
460,9/9/2014,136,H0045,F,0.97,TW,31.574,9.348,4.807,4.341,2.815,4.48,3.384,3.519,6.815,6.306,NA,NA
899,12/9/2014,267,H0045,F,1.2,TW,34.944,10.69,5.227,4.619,3.166,4.586,3.218,3.068,7.155,6.951,NA,NA
1425,3/18/2015,406,H0045,F,1.19,TW,35.166,10.812,5.327,4.831,3.36,6.436,4.595,4.258,7.771,8.347,NA,NA
3512,3/8/2016,968,H0045,F,2.09,CMM,40.635,11.839,5.686,5.608,3.985,6.024,4.239,4.366,8.834,7.806,NA,NA
51,3/12/2014,16,H0046,F,0.28,TW,21.077,7.364,4.147,NA,2.114,2.552,NA,NA,3.929,3.453,NA,NA
95,4/2/2014,28,H0046,F,0.41,TW,23.462,7.62,4.112,3.303,2.384,2.674,NA,NA,4.665,4.202,NA,NA
203,6/5/2014,58,H0046,F,0.44,TW,25.372,8.621,4.208,3.594,2.591,3.529,2.56,2.502,4.882,4.384,NA,NA
431,9/3/2014,128,H0046,F,0.88,TW,32.35,10.034,4.761,4.235,3.153,3.694,2.987,3.354,6.489,5.493,NA,NA
844,12/2/2014,251,H0046,F,1.39,TW,35.788,10.582,5.389,4.733,3.456,4.975,3.773,3.73,7.203,6.593,NA,NA
1362,3/5/2015,387,H0046,F,1.37,TW,36.842,11.264,4.514,4.389,3.873,5.522,3.637,4.233,7.603,7.365,NA,NA
3516,3/8/2016,969,H0046,F,1.89,CMM,39.441,11.855,5.955,5.4,4.566,6.494,4.028,3.943,8.196,7.712,NA,NA
52,3/12/2014,16,H0048,M,0.31,TW,21.752,7.244,4.407,NA,2.219,NA,NA,NA,3.904,3.391,NA,NA
96,4/2/2014,28,H0048,M,0.42,TW,25.419,8.123,4.509,NA,2.217,3.359,NA,NA,5.095,4.368,NA,NA
205,6/5/2014,59,H0048,M,0.65,TW,28.353,9.568,5.127,4.018,2.736,4.038,2.647,2.661,5.678,5.017,NA,NA
433,9/3/2014,128,H0048,M,1.49,TW,38.345,11.907,5.774,4.874,3.721,5.089,3.734,3.94,8.04,7.774,NA,NA
848,12/2/2014,252,H0048,M,2.6,TW,44.122,13.191,6.76,6.539,4.607,6.893,4.766,4.843,9.629,8.753,NA,NA
1364,3/5/2015,388,H0048,M,2.46,TW,46.655,13.376,5.245,NA,4.138,7.526,5.53,5.554,10.641,9.632,NA,NA
3518,3/8/2016,970,H0048,M,7.63,CMM,55.471,14.429,8.845,8.013,5.852,8.343,5.759,7.109,11.713,10.873,NA,NA
50,3/12/2014,15,H0050,F,0.27,TW,21.539,6.778,4.044,NA,2.253,NA,NA,NA,4.058,3.573,NA,NA
94,4/2/2014,27,H0050,F,0.33,TW,23.82,7.461,4.151,3.309,2.247,3.279,NA,NA,4.705,4.085,NA,NA
204,6/5/2014,58,H0050,F,0.46,TW,25.397,8.257,4.514,4.076,2.553,3.682,2.43,2.671,5.398,4.796,NA,NA
428,9/3/2014,127,H0050,F,0.96,TW,33.359,10.105,5.065,4.477,3.31,4.295,3.839,3.554,7.113,6.329,NA,NA
846,12/2/2014,251,H0050,F,1.38,TW,35.043,10.698,5.573,5.091,3.642,5.45,3.784,3.851,7.691,6.984,NA,NA
1367,3/5/2015,389,H0050,F,1.35,TW,36.368,10.883,4.614,4.777,3.509,5.448,3.996,3.964,8.147,7.816,NA,NA
3517,3/8/2016,970,H0050,F,2.07,CMM,39.237,11.606,5.89,5.273,4.145,6.103,4.431,4.604,8.6,7.378,NA,NA
53,3/12/2014,16,H0051,M,0.31,TW,21.741,7.2,4.293,3.493,2.114,2.552,NA,NA,4.289,3.639,NA,NA
97,4/2/2014,28,H0051,M,0.33,TW,24.372,7.954,4.096,NA,2.311,3.142,NA,NA,4.623,4.241,NA,NA
202,6/5/2014,58,H0051,M,0.47,TW,26.483,9.295,4.432,3.876,2.358,3.248,NA,NA,5.577,4.629,NA,NA
429,9/3/2014,127,H0051,M,1.26,TW,35.858,11.202,5.462,4.644,4.174,4.788,3.912,3.91,7.814,6.776,NA,NA
898,12/9/2014,267,H0051,M,2.21,TW,43.257,12.634,6.253,6.149,4.019,6.449,5.034,5.054,9.498,8.403,NA,NA
1361,3/5/2015,387,H0051,M,2.35,TW,44.2,12.819,5.493,6.308,4.713,6.802,5.238,5.587,10.265,9.249,NA,NA
3515,3/8/2016,969,H0051,M,5.77,CMM,52.248,15.209,7.061,7.789,5.41,7.508,5.153,6.102,11.073,10.265,NA,NA
61,3/17/2014,18,H0052,F,0.3,TW,20.959,6.788,4.019,NA,2.148,NA,NA,NA,4.091,3.741,NA,NA
104,4/7/2014,30,H0052,F,0.3,TW,22.597,7.155,4.489,3.285,2.186,3.176,NA,NA,4.815,4.325,NA,NA
221,6/12/2014,64,H0052,F,0.4,TW,25.964,8.554,4.351,4.122,2.421,4.059,2.626,2.729,5.242,4.622,NA,NA
466,9/9/2014,138,H0052,F,0.98,TW,31.715,9.414,5.126,4.489,2.957,4.727,3.471,3.618,6.349,6.086,NA,NA
901,12/9/2014,268,H0052,F,1.18,TW,34.651,10.612,5.34,4.885,3.315,5.287,4.084,3.984,7.501,6.726,NA,NA
1422,3/18/2015,405,H0052,F,1.34,TW,34.503,10.478,6.336,5.089,3.039,5.882,3.927,4.668,8.218,8.002,NA,NA
3513,3/8/2016,968,H0052,F,2.14,CMM,39.724,11.384,5.853,5.899,4.283,5.683,4.04,4.201,8.363,7.551,NA,NA
62,3/17/2014,19,H0053,F,0.26,TW,19.77,6.482,3.988,2.956,1.962,NA,NA,NA,3.915,3.5,NA,NA
106,4/7/2014,31,H0053,F,0.28,TW,22.175,7.264,4.076,NA,1.952,2.87,NA,NA,4.275,3.871,NA,NA
243,6/18/2014,71,H0053,F,0.3,TW,24.681,8.123,4.247,3.465,2.368,3.318,2.508,2.65,4.757,4.165,NA,NA
915,12/17/2014,273,H0053,F,1.26,TW,35.206,10.635,5.566,5.069,3.265,5.109,3.912,3.787,7.756,6.469,NA,NA
1419,3/18/2015,404,H0053,F,1.02,TW,36.912,11.114,4.925,NA,2.884,5.152,4.188,4.467,8.288,8.449,NA,NA
470,9/18/2014,140,H0053,F,1.13,TW,32.06102,9.58681,5.3509,4.97469,3.20945,4.38188,2.97683,2.79828,6.86956,5.84387,Remeasure - too many decimal places,NA
69,3/25/2014,21,H0054,F,0.22,TW,19.971,6.26,3.933,NA,1.846,NA,NA,NA,4.171,3.682,NA,NA
109,4/15/2014,32,H0054,F,0.22,TW,21.475,6.843,4.058,NA,1.928,3.115,NA,NA,4.53,3.873,NA,NA
242,6/18/2014,71,H0054,F,0.26,TW,23.479,7.611,3.925,3.198,2.216,3.089,2.41,2.406,4.797,4.214,NA,NA
911,12/17/2014,272,H0054,F,1.2,TW,35.427,10.03,5.175,4.629,3.38,5.097,3.738,3.635,7.495,6.81,NA,NA
1418,3/18/2015,403,H0054,F,1.14,TW,37.321,10.33,NA,NA,3.233,6.573,5.113,5.547,9.079,8.467,NA,NA
467,9/18/2014,139,H0054,F,0.81,TW,29.78237,8.85873,5.28487,5.03109,2.97434,4.25315,3.13041,2.84198,6.39025,5.92963,Remeasure - too many decimal places,NA
70,3/25/2014,21,H0055,F,0.28,TW,20.313,6.756,4.162,3.573,2.033,2.349,NA,NA,3.934,3.507,NA,NA
110,4/15/2014,32,H0055,F,0.29,TW,21.775,7.291,4.067,NA,1.968,2.964,NA,NA,4.332,3.932,NA,NA
241,6/18/2014,70,H0055,F,0.31,TW,22.843,7.758,4.049,3.513,2.339,2.808,2.437,2.589,4.644,4.144,NA,NA
919,12/17/2014,274,H0055,F,1.14,TW,31.474,9.704,5.377,4.764,3.135,4.99,3.207,3.144,6.975,6.075,NA,NA
1423,3/18/2015,405,H0055,F,1.14,TW,32.969,10.084,5.727,4.465,2.508,5.261,4.17,4.632,7.837,8.012,NA,NA
3603,3/18/2016,995,H0055,F,2.01,CMM,39.415,11.757,5.764,5.69,4.161,5.697,4.018,4.805,8.345,7.551,NA,NA
475,9/18/2014,141,H0055,F,0.97,TW,29.89444,9.35908,5.26997,4.88597,3.1682,4.08322,3.16517,3.10881,6.39238,5.60542,Remeasure - too many decimal places,NA
63,3/17/2014,19,H0056,F,0.26,TW,20.456,6.778,3.787,NA,1.794,2.367,NA,NA,3.459,3.336,NA,NA
107,4/7/2014,31,H0056,F,0.31,TW,22.671,7.416,4.249,NA,2,3.031,NA,NA,4.463,4.085,NA,NA
217,6/12/2014,63,H0056,F,0.36,TW,24.981,8.418,4.31,3.191,2.183,3.433,2.48,2.65,4.911,4.424,NA,NA
461,9/9/2014,136,H0056,F,1.05,TW,31.556,9.934,5.023,4.185,2.937,4.808,NA,2.996,6.366,5.981,NA,NA
903,12/9/2014,268,H0056,F,1.51,TW,35.432,10.78,5.717,5.251,3.869,5.006,4.182,4.22,7.762,6.798,NA,NA
1421,3/18/2015,404,H0056,F,1.65,TW,36.691,10.535,6.352,4.844,3.68,6.248,4.293,4.908,8.734,8.195,NA,NA
3604,3/18/2016,995,H0056,F,2.32,CMM,39.761,11.537,5.947,5.448,4.105,5.492,3.986,4.592,8.6,7.865,NA,NA
65,3/25/2014,20,H0059,F,0.26,TW,20.653,6.833,4.024,NA,1.87,2.837,NA,NA,3.989,3.508,NA,NA
113,4/15/2014,33,H0059,F,0.31,TW,22.94,7.318,4.2,NA,2.376,2.949,NA,NA,4.556,3.927,NA,NA
237,6/18/2014,69,H0059,F,0.31,TW,24.489,8.388,4.08,3.221,2.216,3.458,2.372,2.614,4.661,4.205,NA,NA
913,12/17/2014,272,H0059,F,1.3,TW,33.553,10.07,5.425,4.996,3.295,5.341,3.578,3.767,7.231,6.272,NA,NA
3599,3/18/2016,993,H0059,F,2.02,CMM,39.882,11.279,5.371,5.084,4.052,4.838,3.736,4.136,8.176,7.563,NA,NA
471,9/18/2014,140,H0059,F,1.01,TW,30.73699,9.50653,5.35011,4.86861,3.21265,4.81454,2.95531,3.21265,6.26442,5.8415,Remeasure - too many decimal places,NA
66,3/25/2014,20,H0061,M,0.3,TW,21.242,7.055,4.198,NA,2.2,2.405,NA,NA,4.257,3.761,NA,NA
114,4/15/2014,33,H0061,M,0.35,TW,23.591,7.568,4.291,3.061,2.028,3.344,NA,NA,4.979,4.494,NA,NA
238,6/18/2014,69,H0061,M,0.36,TW,25.052,8.014,4.488,3.459,2.277,3.55,2.704,2.797,5.336,4.628,NA,NA
914,12/17/2014,273,H0061,M,1.8,TW,40.27,12.035,6.009,5.527,3.588,6.029,5.007,5.113,9.39,8.152,NA,NA
1417,3/18/2015,403,H0061,M,1.86,TW,42.516,11.701,7.079,NA,NA,7.281,5.548,5.821,10.021,9.884,NA,NA
3600,3/18/2016,993,H0061,M,6.13,CMM,57.27,14.047,9.71,8.086,5.492,9.314,7.434,8.148,12.009,11.247,NA,NA
469,9/18/2014,139,H0061,M,1.25,TW,36.49492,10.84324,5.79011,5.41214,3.23543,5.57851,3.8958,4.17077,7.22118,6.77657,Remeasure - too many decimal places,NA
71,3/25/2014,21,H0064,F,0.3,TW,21.624,6.926,4.106,NA,2.095,2.899,NA,NA,4.271,3.752,NA,NA
111,4/15/2014,32,H0064,F,0.3,TW,22.869,7.324,4.419,NA,2.129,3.192,NA,NA,4.768,4.31,NA,NA
240,6/18/2014,70,H0064,F,0.29,TW,23.79,7.413,4.331,3.018,2.402,3.545,2.135,2.319,4.797,4.445,NA,NA
918,12/17/2014,274,H0064,F,1.25,TW,34.492,10.497,5.55,5.112,3.266,4.76,3.537,3.588,7.209,7.014,NA,NA
1416,3/18/2015,403,H0064,F,1.45,TW,37.832,11.179,5.398,4.019,2.889,6.659,4.886,5.265,8.865,7.988,NA,NA
3601,3/18/2016,994,H0064,F,2.24,CMM,40.687,11.88,5.731,5.652,4.18,6.384,4.515,4.832,8.366,8.108,NA,NA
474,9/18/2014,141,H0064,F,0.98,TW,31.41629,9.51933,5.30445,4.65567,3.03183,4.33613,2.9451,2.59037,6.50219,6.27943,Remeasure - too many decimal places,NA
64,3/17/2014,19,H0065,F,0.24,TW,20.337,6.501,3.765,NA,1.925,NA,NA,NA,3.949,3.503,NA,NA
108,4/7/2014,31,H0065,F,0.24,TW,22.048,6.953,4.044,3.113,1.913,3.132,NA,NA,4.646,3.972,NA,NA
218,6/12/2014,63,H0065,F,0.39,TW,26.01,8.416,4.775,3.57,2.294,3.594,NA,NA,5.101,4.667,NA,NA
459,9/9/2014,136,H0065,F,1.18,TW,34.467,9.99,5.273,4.947,2.934,5.14,3.739,3.819,7.028,6.661,NA,NA
902,12/9/2014,268,H0065,F,1.31,TW,37.178,10.793,4.933,5.015,3.545,5.964,4.332,4.385,7.698,7.184,NA,NA
1427,3/18/2015,406,H0065,F,1.35,TW,38.012,11.033,6.092,4.64,3.021,6.395,4.907,4.836,8.785,8.637,NA,NA
3605,3/18/2016,996,H0065,F,2.15,CMM,40.617,11.318,5.601,5.66,4.277,6.126,4.298,4.78,8.821,8.266,NA,NA
1413,3/18/2015,402,H0066,M,1.7,TW,41.463,12.043,5.891,4.923,3.573,6.809,5.399,6.207,9.836,9.525,JG - remeasured pelvic,RM Set 1
67,3/25/2014,20,H0066,M,0.33,TW,22.526,7.374,4.852,NA,2.103,2.711,NA,NA,4.092,3.961,NA,NA
115,4/15/2014,33,H0066,M,0.35,TW,24.347,7.591,4.474,3.978,2.313,3.254,NA,NA,4.781,4.256,NA,NA
236,6/18/2014,69,H0066,M,0.38,TW,25.591,8.619,4.778,3.535,2.389,2.959,2.295,2.513,5.274,4.618,NA,NA
912,12/17/2014,272,H0066,M,1.46,TW,39.75,12.047,6.18,5.578,3.437,5.669,4.106,4.25,8.659,7.682,NA,NA
472,9/18/2014,140,H0066,M,1.33,TW,36.03535,11.17135,5.55056,4.5835,3.41914,5.25961,4.14495,4.09253,7.98864,6.96584,Remeasure - too many decimal places,NA
72,3/25/2014,21,H0067,F,0.24,TW,20.754,6.654,3.809,NA,1.846,2.921,NA,NA,4.174,3.244,NA,NA
112,4/15/2014,32,H0067,F,0.28,TW,22.186,6.814,3.771,3.26,1.638,2.518,NA,NA,4.588,3.934,NA,NA
239,6/18/2014,70,H0067,F,0.31,TW,24.453,7.707,4.476,3.306,2.102,3.328,NA,NA,4.833,4.3,NA,NA
916,12/17/2014,273,H0067,F,1.36,TW,36.663,10.58,5.516,4.702,3.339,5.601,4.261,4.251,7.19,6.382,NA,NA
1424,3/18/2015,405,H0067,F,1.49,TW,37.785,10.631,6.351,5.318,3.185,6.306,5.246,4.923,8.406,8.806,NA,NA
3602,3/18/2016,994,H0067,F,2.11,CMM,42.447,11.665,5.854,5.648,4.177,5.484,4.627,5.23,8.173,7.966,NA,NA
468,9/18/2014,139,H0067,F,1.01,TW,32.98368,10.02719,5.20669,4.60688,3.31465,4.22839,3.17313,3.36617,6.66726,6.05081,Remeasure - too many decimal places,NA
88,4/2/2014,26,H0069,F,0.24,TW,21.923,6.956,3.99,3.024,1.688,2.545,NA,NA,4.613,3.937,NA,NA
122,4/21/2014,36,H0069,F,0.32,TW,23.208,7.393,4.298,3.161,2.055,3.269,NA,NA,4.942,4.386,NA,NA
261,6/25/2014,77,H0069,F,0.36,TW,27.051,8.733,4.609,3.654,2.543,3.871,2.272,NA,5.67,4.947,NA,NA
543,9/24/2014,159,H0069,F,1.01,TW,33.393,9.792,4.852,4.308,3.264,5.052,3.739,3.989,6.97,6.802,NA,NA
977,1/1/2015,290,H0069,F,1.15,TW,36.626,10.944,5.482,4.92,3.317,5.655,4.196,4.175,7.86,7.462,NA,NA
1420,3/18/2015,404,H0069,F,1.3,TW,35.402,10.515,6.072,4.685,3.189,6.066,4.152,4.246,8.039,8.147,NA,NA
1517,3/25/2015,429,H0069,F,1.26,TW,36.795,10.796,6.46,5.263,3.407,6.232,4.489,4.673,8.325,8.257,NA,NA
3633,3/24/2016,1004,H0069,F,2.43,CMM,42.793,11.611,6.448,5.915,4.171,6.433,4.44,5.147,8.511,7.907,NA,NA
89,4/2/2014,26,H0074,M,0.27,TW,21.518,7.128,4.099,3.066,2.208,2.534,NA,NA,4.332,3.872,NA,NA
123,4/21/2014,36,H0074,M,0.25,TW,22.736,7.316,4.061,2.987,2.047,3.051,NA,NA,4.825,4.328,NA,NA
259,6/25/2014,76,H0074,M,0.52,TW,25.562,8.577,4.877,3.934,2.406,3.699,2.589,2.677,5.359,4.735,NA,NA
544,9/24/2014,159,H0074,M,1.34,TW,36.082,10.913,5.308,5.435,3.189,5.636,4.175,4.358,7.694,7.398,NA,NA
975,1/1/2015,290,H0074,M,2.02,TW,41.475,12.207,6.417,6.027,3.733,6.656,5.125,4.91,9.611,8.56,NA,NA
1516,3/25/2015,429,H0074,M,2.06,TW,44.609,12.427,8.018,6.155,3.766,7.919,5.854,6.125,11.479,11.063,NA,NA
3634,3/24/2016,1004,H0074,M,5.35,CMM,52.765,13.992,9.879,7.691,5.31,8.792,6.347,7.186,11.976,11.323,NA,NA
3635,3/24/2016,1005,H0075,F,2.17,CMM,NA,NA,NA,NA,NA,NA,NA,NA,NA,NA,missing??,NA
68,3/25/2014,20,H0075,F,0.24,TW,19.935,6.632,3.846,NA,1.904,NA,NA,NA,3.945,3.627,NA,NA
116,4/15/2014,33,H0075,F,0.26,TW,21.602,7.077,4.174,NA,2.116,3.312,NA,NA,4.475,4.019,NA,NA
260,6/25/2014,76,H0075,F,0.44,TW,25.428,8.426,4.763,3.879,2.641,4.089,NA,NA,5.198,4.515,NA,NA
545,9/24/2014,159,H0075,F,1.03,TW,33.55,9.983,5.137,4.343,3.411,4.825,3.766,3.76,7.215,6.482,NA,NA
976,1/1/2015,290,H0075,F,1.26,TW,35.558,10.242,5.383,4.878,3.19,5.646,4.037,3.997,7.19,6.478,NA,NA
1515,3/25/2015,429,H0075,F,1.29,TW,35.541,10.011,6.5,4.662,3.534,5.275,4.267,4.731,7.786,8.18,NA,NA
90,4/2/2014,26,H0079,M,0.22,TW,19.818,6.631,3.963,NA,1.913,2.879,NA,NA,4.182,NA,NA,NA
124,4/21/2014,36,H0079,M,0.23,TW,21.005,6.883,4.279,NA,2.001,2.604,NA,NA,4.595,3.882,NA,NA
262,6/25/2014,77,H0079,M,0.27,TW,23.579,7.871,4.417,2.86,2.128,3.139,2.366,2.385,4.962,4.301,NA,NA
565,10/2/2014,167,H0079,M,1.23,TW,34.905,10.611,5.695,5.08,3.262,5.438,3.648,4.063,7.715,6.911,NA,NA
978,1/1/2015,291,H0079,M,1.71,TW,40.382,11.766,6.23,5.529,3.513,5.698,3.856,4.264,9.496,8.086,NA,NA
1520,3/25/2015,430,H0079,M,1.74,TW,42.254,11.983,7.347,5.907,3.944,7.847,5.488,5.83,10.436,10.111,NA,NA
3676,4/1/2016,1018,H0079,M,5.11,CMM,51.366,13.019,8.084,7.499,5.806,7.277,5.647,6.464,11.968,10.856,NA,NA
84,4/2/2014,25,H0081,F,0.22,TW,19.11,6.123,3.707,NA,2.082,NA,NA,NA,3.793,3.446,NA,NA
126,4/21/2014,37,H0081,F,0.27,TW,21.371,6.945,4.075,NA,2.061,NA,NA,NA,4.112,3.551,NA,NA
276,7/2/2014,81,H0081,F,0.44,TW,24.043,8.358,4.87,3.706,2.423,3.015,2.327,2.351,4.682,4.324,NA,NA
566,10/2/2014,167,H0081,F,1.14,TW,32.907,10.167,5.2,4.569,3,4.374,3.286,3.366,6.723,6.197,NA,NA
979,1/1/2015,291,H0081,F,1.28,TW,35.141,10.629,5.43,4.889,3.367,5.405,3.838,3.838,7.311,6.436,NA,NA
1590,4/8/2015,450,H0081,F,1.35,CMM,35.163,10.646,5.927,5.275,3.917,5.319,4.061,4.156,7.687,7.386,NA,NA
3673,4/1/2016,1016,H0081,F,2.39,CMM,40.712,11.214,5.921,5.555,4.204,5.874,4.226,4.83,7.835,7.472,NA,NA
3671,4/1/2016,1015,H0085,M,5.46,CMM,52.086,14.321,7.328,7.454,5.408,8.716,7.445,7.375,11.588,11.035,AS - Remeasured Head Width,RM Set 1
98,4/7/2014,29,H0085,M,0.29,TW,21.226,7.114,4.253,NA,1.974,2.44,NA,NA,4.291,3.798,NA,NA
142,4/29/2014,41,H0085,M,0.32,TW,23.723,8.132,4.493,3.693,2.22,3.321,NA,NA,4.939,4.29,NA,NA
280,7/2/2014,82,H0085,M,0.34,TW,23.694,7.938,4.696,3.412,2.315,3.327,2.559,2.403,5.159,4.192,NA,NA
561,10/2/2014,165,H0085,M,1.15,TW,31.696,9.729,5.609,4.659,3.236,4.581,3.455,3.572,7.255,6.209,NA,NA
984,1/1/2015,293,H0085,M,1.31,TW,36.914,11.599,5.791,5.415,3.216,5.056,4.065,4.178,8.293,7.145,NA,NA
1587,4/8/2015,449,H0085,M,1.55,CMM,38.854,11.719,6.337,5.501,3.642,6.058,4.772,5.299,9.63,8.855,NA,NA
91,4/2/2014,26,H0087,M,0.28,TW,20.2,6.762,4.317,NA,1.915,2.318,NA,NA,4.083,3.458,NA,NA
127,4/21/2014,37,H0087,M,0.3,TW,22.529,7.406,4.221,3.215,2.141,2.644,NA,NA,4.457,3.988,NA,NA
278,7/2/2014,82,H0087,M,0.37,TW,25.385,8.329,4.517,3.444,2.154,3.491,2.172,2.341,5.029,4.543,NA,NA
563,10/2/2014,166,H0087,M,1.18,TW,33.009,10.165,5.601,4.563,3.461,4.824,3.458,3.558,7.105,6.432,NA,NA
983,1/1/2015,292,H0087,M,1.93,TW,41.584,12.532,6.172,5.648,3.639,6.756,4.648,4.855,8.982,8.139,NA,NA
1588,4/8/2015,449,H0087,M,1.65,CMM,42.017,12.707,6.407,5.811,3.87,6.705,5.09,5.713,9.306,8.873,NA,NA
3674,4/1/2016,1017,H0087,M,6.23,CMM,56.667,15.201,10.241,6.917,5.518,9.701,6.368,7.149,11.151,11.102,NA,NA
85,4/2/2014,25,H0088,M,0.24,TW,20.523,6.793,3.776,3.067,2.097,2.352,NA,NA,4.239,3.752,NA,NA
128,4/21/2014,37,H0088,M,0.3,TW,21.55,6.905,4.1,3.203,2.062,2.612,NA,NA,4.642,3.889,NA,NA
283,7/2/2014,83,H0088,M,0.35,TW,23.937,7.588,4.261,3.508,2.188,3.037,2.262,2.414,4.907,4.268,NA,NA
562,10/2/2014,166,H0088,M,0.7,TW,30.807,9.865,4.83,3.825,2.743,4.091,3.579,3.33,6.013,5.791,NA,NA
980,1/1/2015,291,H0088,M,0.9,TW,33.687,10.943,5.555,NA,3.001,4.994,3.777,3.817,7.535,6.651,NA,NA
86,4/2/2014,25,H0092,F,0.23,TW,20.472,6.733,3.904,3.204,2.074,2.766,NA,NA,3.907,3.518,NA,NA
125,4/21/2014,36,H0092,F,0.32,TW,22.953,7.334,4.069,3.489,2.083,2.71,NA,NA,4.468,3.921,NA,NA
281,7/2/2014,83,H0092,F,0.44,TW,25.269,8.541,4.813,3.638,2.346,3.907,2.609,2.792,5.156,4.676,NA,NA
564,10/2/2014,166,H0092,F,1.2,TW,34.398,10.378,5.203,4.842,3.012,5.432,4.588,4.081,7.553,6.754,NA,NA
981,1/1/2015,292,H0092,F,1.44,TW,35.291,10.524,5.775,5.33,3.662,5.953,3.918,4.05,7.962,7.167,NA,NA
1589,4/8/2015,450,H0092,F,1.37,CMM,36.984,10.95,5.922,5.04,3.459,6.38,4.243,4.718,8.148,7.894,NA,NA
3672,4/1/2016,1016,H0092,F,2,CMM,42.041,12.396,5.705,5.992,4.438,6.305,5.134,5.417,9.078,8.771,NA,NA
87,4/2/2014,25,H0093,M,0.25,TW,21.085,6.97,4.264,3.134,2.077,2.929,NA,NA,4.191,3.619,NA,NA
129,4/21/2014,37,H0093,M,0.29,TW,22.475,7.124,4.252,NA,2.154,2.548,NA,NA,4.749,3.973,NA,NA
282,7/2/2014,83,H0093,M,0.35,TW,25.866,8.45,4.793,3.523,2.295,3.339,2.49,2.601,5.352,4.796,NA,NA
559,10/2/2014,165,H0093,M,1.36,TW,35.2,10.756,5.567,4.948,3.212,5.161,4.052,4.104,7.78,6.93,NA,NA
982,1/1/2015,292,H0093,M,1.73,TW,41.177,12.466,6.395,NA,3.354,6.748,4.964,4.988,9.112,7.943,NA,NA
1591,4/8/2015,450,H0093,M,1.66,CMM,41.134,11.979,6.725,NA,3.692,6.94,5.067,5.382,10.161,8.932,NA,NA
3675,4/1/2016,1017,H0093,M,6.01,CMM,56.773,14.72,9.732,8.236,5.677,8.511,6.266,7.492,12.593,11.2,NA,NA
99,4/7/2014,29,H0097,F,0.2,TW,19.504,6.284,3.747,NA,1.962,2.383,NA,NA,3.8,3.299,NA,NA
144,4/29/2014,42,H0097,F,0.37,TW,22.411,7.104,4.182,3.28,2.157,2.488,NA,NA,4.276,3.802,NA,NA
297,7/9/2014,87,H0097,F,0.38,TW,24.526,8.337,4.788,3.412,2.455,3.436,2.556,2.454,5.138,4.407,NA,NA
621,10/8/2014,182,H0097,F,1.01,TW,32.521,9.879,5.291,4.586,3.183,4.424,3.43,3.503,6.791,6.119,NA,NA
1059,1/8/2015,310,H0097,F,1.15,TW,33.258,10.334,5.471,4.609,3.223,4.249,3.694,3.568,7.2,6.458,NA,NA
1584,4/8/2015,448,H0097,F,1.24,CMM,35.524,10.71,5.461,4.693,3.577,5.142,3.559,4.226,7.347,7.111,NA,NA
3682,4/8/2016,1021,H0097,F,2.26,CMM,40.429,11.437,5.802,5.557,4.481,5.71,3.618,4.295,7.946,7.622,NA,NA
117,4/15/2014,34,H0102,F,0.32,TW,20.821,6.65,4.136,NA,1.971,3.028,NA,NA,4.25,3.705,NA,NA
151,5/5/2014,44,H0102,F,0.4,TW,23.59,7.237,4.364,3.201,2.295,3.009,NA,NA,4.881,4.083,NA,NA
293,7/9/2014,86,H0102,F,0.37,TW,25.346,8.312,4.764,3.341,2.197,3.23,2.498,2.774,5.179,4.598,NA,NA
623,10/8/2014,183,H0102,F,0.93,TW,30.763,9.143,5.391,4.79,3.087,4.324,2.972,3.207,6.834,6.068,NA,NA
1058,1/8/2015,309,H0102,F,1.15,TW,34.109,9.725,5.374,4.67,3.079,4.441,3.296,3.591,7.746,6.905,NA,NA
1583,4/8/2015,448,H0102,F,1.19,CMM,35.699,10.814,5.652,4.857,3.256,5.813,3.331,3.684,7.063,7.229,NA,NA
3680,4/8/2016,1020,H0102,F,1.97,CMM,38.558,11.459,5.957,5.537,4,6.113,3.424,4.294,8.303,7.475,NA,NA
3670,4/1/2016,1015,H0103,F,2.2,CMM,41.667,11.983,6.488,5.898,4.219,6.05,4.753,4.996,8.029,7.87,AS - Remeasured Pectoral,RM Set 1
101,4/7/2014,30,H0103,F,0.18,TW,19.772,6.497,3.806,NA,1.887,2.834,NA,NA,3.866,3.461,NA,NA
141,4/29/2014,41,H0103,F,0.32,TW,22.76,7.431,4.36,3.386,2.217,3.034,NA,NA,4.549,3.791,NA,NA
279,7/2/2014,82,H0103,F,0.34,TW,24.672,7.697,4.662,3.537,2.38,3.373,2.449,2.427,4.78,4.274,NA,NA
560,10/2/2014,165,H0103,F,1.12,TW,31.348,9.683,5.395,4.581,2.833,4.304,3.297,3.432,6.778,5.901,NA,NA
985,1/1/2015,293,H0103,F,1.3,TW,34.725,10.844,5.623,5.126,3.208,5.226,3.801,3.608,7.229,6.247,NA,NA
1586,4/8/2015,449,H0103,F,1.5,CMM,36.992,11.417,6.132,5.28,3.709,6.115,3.782,4.499,7.961,7.566,NA,NA
102,4/7/2014,30,H0105,F,0.22,TW,20.435,6.597,3.939,NA,1.851,NA,NA,NA,4.122,3.721,NA,NA
145,4/29/2014,42,H0105,F,0.35,TW,23.441,7.436,4.579,3.494,2.336,3.031,NA,NA,4.552,4.111,NA,NA
295,7/9/2014,87,H0105,F,0.46,TW,26.957,8.716,4.68,3.428,2.453,3.91,2.766,3.055,5.253,4.759,NA,NA
620,10/8/2014,182,H0105,F,1.05,TW,31.945,9.652,5.365,4.93,3.219,4.816,3.367,3.561,6.897,6.194,NA,NA
1057,1/8/2015,309,H0105,F,1.36,TW,36.539,10.897,5.724,5.139,3.142,5.269,3.698,3.76,8.049,7.142,NA,NA
1582,4/8/2015,447,H0105,F,1.34,CMM,36.846,11.41,5.525,4.93,3.584,5.707,4.57,4.824,7.827,7.449,NA,NA
3683,4/8/2016,1022,H0105,F,2.09,CMM,41.052,12.012,5.678,5.685,4.13,6.482,4.676,5.133,8.766,8.097,NA,NA
1585,4/8/2015,448,H0106,M,1.34,CMM,43.062,12.142,6.672,NA,3.782,7.367,4.871,5.694,10.504,9.157,JG remeasured SVL,Mass/SVL check
100,4/7/2014,29,H0106,M,0.21,TW,20.328,6.437,3.937,NA,1.957,NA,NA,NA,4.24,3.517,NA,NA
146,4/29/2014,42,H0106,M,0.35,TW,23.904,7.748,4.389,NA,2.139,2.95,NA,NA,4.875,4.25,NA,NA
296,7/9/2014,87,H0106,M,0.45,TW,26.681,8.757,4.716,3.638,2.456,3.755,2.828,2.81,5.428,4.697,NA,NA
624,10/8/2014,183,H0106,M,1.25,TW,35.831,11.028,6.071,5.272,3.408,5.266,4.164,4.099,7.94,6.77,NA,NA
1060,1/8/2015,310,H0106,M,1.74,TW,40.489,11.919,6.122,5.609,3.515,6.665,4.524,4.525,9.415,8.482,NA,NA
3681,4/8/2016,1021,H0106,M,4.31,CMM,52.877,14.631,6.938,7.392,5.079,9.004,6.045,7.138,12.133,10.968,NA,NA
130,4/21/2014,38,H0113,M,0.27,TW,22.133,7.335,4.182,NA,1.96,2.447,NA,NA,4.203,3.721,NA,NA
171,5/14/2014,50,H0113,M,0.36,TW,23.51,8.093,4.665,3.302,2.114,3.117,NA,NA,4.942,4.114,NA,NA
306,7/18/2014,90,H0113,M,0.53,TW,26.111,8.482,5.278,3.937,2.629,3.604,2.646,2.303,5.727,5.019,NA,NA
646,10/16/2014,190,H0113,M,1.26,TW,NA,NA,6.06,5.163,3.587,5.54,4.078,4.324,7.82,7.193,NA,NA
1094,1/19/2015,320,H0113,M,1.84,TW,42.327,13.105,6.176,6.146,3.676,6.327,4.88,5.189,9.945,8.632,NA,NA
1643,4/15/2015,463,H0113,M,2.08,CMM,41.016,11.714,7.513,6.474,3.931,6.298,4.815,5.173,9.558,8.731,NA,NA
3718,4/17/2016,1032,H0113,M,5.99,CMM,55.946,15.334,7.77,7.881,5.601,8.713,6.746,7.131,11.618,10.988,NA,NA
118,4/15/2014,34,H0114,M,0.27,TW,21.358,7.07,3.948,NA,2.077,NA,NA,NA,4.396,3.842,NA,NA
152,5/5/2014,44,H0114,M,0.31,TW,22.256,7.434,4.493,NA,2.344,3.226,NA,NA,4.484,4.123,NA,NA
292,7/9/2014,86,H0114,M,0.39,TW,23.913,8.306,4.999,3.708,2.565,3.197,2.343,2.375,5.028,4.352,NA,NA
622,10/8/2014,182,H0114,M,0.95,TW,30.951,9.914,5.641,4.822,3.512,4.681,3.576,3.53,6.789,6.479,NA,NA
1056,1/8/2015,309,H0114,M,1.45,TW,34.871,10.605,6.248,5.437,3.528,5.987,3.825,3.971,8.128,7.417,NA,NA
1581,4/8/2015,447,H0114,M,1.29,CMM,35.634,11.317,6.174,5.295,3.887,6.146,4.443,4.7,8.833,7.838,NA,NA
3679,4/8/2016,1020,H0114,M,4.72,CMM,49.241,14.307,7.896,7.421,5.349,6.966,5.231,5.569,11.188,10.264,NA,NA
120,4/15/2014,35,H0115,M,0.28,TW,20.333,6.602,4.008,NA,1.892,2.246,NA,NA,4.098,3.524,NA,NA
147,5/5/2014,43,H0115,M,0.32,TW,22.744,7.355,4.119,NA,2.3,2.829,NA,NA,4.569,3.956,NA,NA
311,7/18/2014,91,H0115,M,0.51,TW,26.616,8.855,4.918,3.957,2.766,3.624,2.678,2.626,5.575,4.854,NA,NA
652,10/16/2014,192,H0115,M,1.25,TW,35.814,10.724,5.874,5.248,3.385,4.628,4.256,4.388,7.936,6.849,NA,NA
1100,1/19/2015,322,H0115,M,1.73,TW,40.347,12.271,5.986,5.676,3.951,6.125,4.644,4.944,8.756,8.134,NA,NA
1646,4/15/2015,464,H0115,M,1.97,CMM,40.718,12.254,6.471,5.683,4.034,6.222,4.991,5.234,9.275,8.459,NA,NA
3719,4/17/2016,1033,H0115,M,7.62,CMM,56.827,15.922,8.049,8.338,6.362,9.744,6.592,6.795,12.994,11.513,NA,NA
131,4/21/2014,38,H0116,M,0.28,TW,20.448,6.444,3.822,NA,1.88,2.654,NA,NA,4.177,3.661,NA,NA
172,5/14/2014,50,H0116,M,0.26,TW,24.103,7.904,4.043,3.424,2.215,2.957,2.29,2.245,4.791,4.461,NA,NA
309,7/18/2014,91,H0116,M,0.47,TW,26.693,9,4.738,3.504,2.478,3.799,2.565,2.675,5.417,4.885,NA,NA
650,10/16/2014,191,H0116,M,1.08,TW,35.168,10.286,5.05,4.511,3.116,5.394,4.069,4.511,7.902,7.202,NA,NA
1098,1/19/2015,322,H0116,M,1.88,TW,40.695,11.995,6.159,6.505,4.27,6.96,4.683,4.809,9.486,8.367,NA,NA
1645,4/15/2015,464,H0116,M,2.42,CMM,42.793,12.576,6.092,5.745,3.791,7.362,4.99,5.613,10.212,9.846,NA,NA
3717,4/17/2016,1032,H0116,M,4.68,CMM,52.157,14.545,7.4,7.485,5.624,8.758,6.347,6.685,11.472,10.992,NA,NA
3938,5/26/2016,1095,H0116,M,8.52,CMM,55.128,16.526,8.833,8.299,6.029,10.045,7.314,8.439,12.509,11.842,NA,NA
119,4/15/2014,34,H0117,F,0.22,TW,20.121,6.593,3.82,NA,1.738,NA,NA,NA,3.953,3.335,NA,NA
153,5/5/2014,44,H0117,F,0.31,TW,22.375,7.07,3.938,3.03,2.051,2.967,NA,NA,4.339,4.002,NA,NA
313,7/18/2014,92,H0117,F,0.46,TW,25.662,8.489,4.987,3.702,2.433,3.414,2.458,2.617,5.437,4.789,NA,NA
651,10/16/2014,191,H0117,F,0.95,TW,32.195,9.633,5.263,4.364,2.843,4.988,3.504,3.576,6.569,6.3,NA,NA
1101,1/19/2015,322,H0117,F,1.32,TW,35.005,11.048,5.523,4.98,3.424,4.685,4.059,3.988,7.608,6.532,NA,NA
1647,4/15/2015,465,H0117,F,1.45,CMM,36.514,11.199,5.557,4.544,3.481,4.879,3.438,4.091,7.638,7.283,NA,NA
3720,4/17/2016,1033,H0117,F,1.83,CMM,37.716,10.736,5.713,5.183,4.132,5.691,4.395,4.841,8.03,6.637,NA,NA
121,4/15/2014,35,H0119,F,0.22,TW,19.976,6.662,3.923,NA,1.955,NA,NA,NA,3.868,3.593,NA,NA
148,5/5/2014,43,H0119,F,0.31,TW,23.051,7.376,4.208,3.256,2.442,2.767,NA,NA,4.554,4.03,NA,NA
307,7/18/2014,90,H0119,F,0.56,TW,27.381,9.063,4.738,3.99,2.767,3.85,2.614,2.823,5.629,5.199,NA,NA
648,10/16/2014,190,H0119,F,1.01,TW,34.004,10.171,5.336,NA,2.777,6.135,4.267,3.922,6.93,6.37,NA,NA
1099,1/19/2015,322,H0119,F,1.29,TW,36.516,11.182,5.612,5.204,3.221,5.774,4.527,4.447,8.047,7.395,NA,NA
1648,4/15/2015,465,H0119,F,1.38,CMM,36.405,11.211,5.706,4.886,3.623,5.657,3.571,4.336,8.156,7.791,NA,NA
3721,4/17/2016,1034,H0119,F,1.95,CMM,40.061,11.499,5.905,5.485,4.07,6.119,4.068,4.824,8.256,8.483,NA,NA
649,10/16/2014,191,H0120,F,0.95,TW,31.766,9.205,4.693,4.493,2.858,4.698,3.323,3.523,6.84,6.521,AS - Remeasured Head Width,RM Set 1
132,4/21/2014,38,H0120,F,0.25,TW,20.005,6.471,4.299,2.828,1.899,2.456,NA,NA,4.115,3.635,NA,NA
173,5/14/2014,50,H0120,F,0.33,TW,22.805,7.249,4.278,3.548,2.366,3.149,NA,NA,4.747,4.157,NA,NA
308,7/18/2014,90,H0120,F,0.34,TW,24.813,8.696,4.585,3.301,2.291,3.593,2.61,2.557,5.241,4.648,NA,NA
1095,1/19/2015,321,H0120,F,1.26,TW,34.781,10.731,5.678,5.318,3.2,5.595,3.463,3.757,7.751,6.564,NA,NA
1644,4/15/2015,464,H0120,F,1.42,CMM,37.105,11.152,5.979,4.99,3.425,5.437,3.11,3.685,7.367,7.207,NA,NA
3763,4/21/2016,1047,H0120,F,2.21,CMM,41.571,11.937,5.596,5.608,4.119,5.81,4.738,5.04,8.733,8.199,NA,NA
134,4/29/2014,39,H0122,M,0.32,TW,21.736,6.788,NA,NA,2.084,2.669,NA,NA,4.519,3.797,NA,NA
183,5/22/2014,53,H0122,M,0.3,TW,23.979,7.482,4.261,3.481,2.299,3.378,NA,NA,4.793,4.317,NA,NA
338,7/25/2014,99,H0122,M,0.56,TW,26.133,8.409,4.768,4.094,2.644,3.977,2.442,2.653,5.536,4.847,NA,NA
693,10/21/2014,205,H0122,M,1.34,TW,36.781,10.885,5.787,5.321,3.539,5.377,4.183,4.338,8.262,7.098,NA,NA
1090,1/19/2015,319,H0122,M,2.01,TW,43.749,12.787,6.189,5.727,4.326,6.881,5.889,5.369,9.697,8.899,NA,NA
1708,4/22/2015,481,H0122,M,2.54,CMM,43.6,12.162,6.725,6.263,4.256,6.583,5.011,5.565,9.802,9.261,NA,NA
3759,4/21/2016,1045,H0122,M,7.12,CMM,57.378,14.309,10.675,8.024,6.139,8.925,5.111,6.297,13.068,11.373,NA,NA
135,4/29/2014,39,H0126,F,0.31,TW,22.161,7.059,4.625,3.296,2.031,2.229,NA,NA,4.144,3.998,NA,NA
184,5/22/2014,53,H0126,F,0.33,TW,24.235,7.746,4.251,3.246,2.06,3.258,NA,NA,4.828,4.336,NA,NA
339,7/25/2014,99,H0126,F,0.53,TW,26.627,8.331,4.726,4.272,2.577,3.096,2.332,2.203,5.33,4.853,NA,NA
694,10/21/2014,205,H0126,F,1.03,TW,31.737,9.619,5.607,4.662,3.03,3.864,2.815,2.994,6.922,6.401,NA,NA
1091,1/19/2015,319,H0126,F,1.23,TW,34.963,10.869,5.686,5.435,3.6,5.745,3.517,3.727,7.461,6.716,NA,NA
1709,4/22/2015,481,H0126,F,1.4,CMM,36.809,11.06,5.524,4.88,3.561,5.559,3.917,4.343,7.78,7.835,NA,NA
3760,4/21/2016,1045,H0126,F,2.06,CMM,39.096,11.047,6.063,5.535,4.28,6.45,4.259,4.982,7.944,7.795,NA,NA
136,4/29/2014,39,H0128,F,0.19,TW,20.146,6.538,3.819,NA,1.811,2.509,NA,NA,3.973,3.426,NA,NA
185,5/22/2014,53,H0128,F,0.28,TW,22.437,6.906,4.183,NA,1.961,3.061,NA,NA,4.196,3.69,NA,NA
341,7/25/2014,99,H0128,F,0.53,TW,24.57,7.629,4.473,4.278,2.694,3.204,2.377,2.505,5.04,4.246,NA,NA
695,10/21/2014,205,H0128,F,1.16,TW,34.518,10.493,5.341,4.896,3.038,5.227,3.879,3.898,7.113,6.46,NA,NA
1093,1/19/2015,320,H0128,F,1.56,TW,35.807,10.585,5.873,5.378,3.578,5.381,3.472,3.6,7.796,7.135,NA,NA
1710,4/22/2015,482,H0128,F,1.55,CMM,37.069,11.002,5.468,4.81,3.526,5.724,3.81,4.56,7.977,7.602,NA,NA
3758,4/21/2016,1044,H0128,F,2.1,CMM,39.961,12.062,5.903,5.753,4.424,5.452,3.749,4.57,8.499,7.499,NA,NA
133,4/21/2014,38,H0130,F,0.27,TW,20.686,6.878,4.313,2.661,1.88,NA,NA,NA,4.112,3.651,NA,NA
174,5/14/2014,50,H0130,F,0.32,TW,23.701,7.359,4.18,3.132,2.149,3.234,NA,NA,4.909,4.275,NA,NA
310,7/18/2014,91,H0130,F,0.39,TW,25.056,8.01,4.949,3.549,2.483,3.566,NA,NA,5.421,4.724,NA,NA
647,10/16/2014,190,H0130,F,0.94,TW,32.211,9.671,5.197,NA,2.44,5.752,3.685,4.284,7.275,6.394,NA,NA
1097,1/19/2015,321,H0130,F,1.3,TW,34.88,10.378,5.827,5.011,3.292,4.928,3.424,3.465,7.636,6.908,NA,NA
1642,4/15/2015,463,H0130,F,1.21,CMM,36.428,10.78,6.152,4.736,3.147,5.575,3.481,3.912,8.166,7.278,NA,NA
3762,4/21/2016,1046,H0130,F,2.2,CMM,41.595,11.619,5.873,5.304,4.192,6.262,4.419,4.864,8.232,7.837,NA,NA
137,4/29/2014,39,H0131,F,0.3,TW,21.315,6.793,4.001,3.068,1.938,2.222,NA,NA,4.123,3.704,NA,NA
186,5/22/2014,53,H0131,F,0.3,TW,23.555,7.588,4.239,NA,2.221,2.986,NA,NA,4.659,4.249,NA,NA
340,7/25/2014,99,H0131,F,0.45,TW,24.997,8.198,4.809,3.937,2.562,3.59,2.547,2.597,5.491,4.798,NA,NA
696,10/21/2014,206,H0131,F,0.9,TW,31.188,9.55,5.22,4.185,2.924,4.359,3.68,3.677,6.574,6.623,NA,NA
1096,1/19/2015,321,H0131,F,1.07,TW,33.541,10.065,5.696,4.559,3.375,5.448,4.178,4.066,7.447,6.747,NA,NA
1707,4/22/2015,481,H0131,F,1.23,CMM,34.178,10.614,5.611,4.588,3.26,5.642,4.053,4.272,7.974,7.536,NA,NA
3761,4/21/2016,1046,H0131,F,2.13,CMM,40.47,11.728,5.631,5.393,4.165,6.324,4.828,5.645,8.53,7.828,NA,NA
138,4/29/2014,40,H0132,F,0.26,TW,20.644,6.578,4.09,NA,1.832,2.246,NA,NA,3.942,3.626,NA,NA
195,5/29/2014,56,H0132,F,0.32,TW,22.605,7.526,4.375,NA,2.24,2.698,NA,NA,4.347,3.939,NA,NA
344,7/25/2014,100,H0132,F,0.47,TW,25.663,8.541,4.342,4.099,2.394,2.728,2.059,2.306,5.171,5.045,NA,NA
139,4/29/2014,40,H0133,F,0.27,TW,21.606,6.712,4.076,3.166,2.119,2.732,NA,NA,4.209,3.771,NA,NA
187,5/22/2014,54,H0133,F,0.3,TW,23.18,7.309,4.256,NA,2.234,3.305,NA,NA,4.908,4.214,NA,NA
342,7/25/2014,100,H0133,F,0.54,TW,27.547,9.282,4.726,3.991,2.244,3.656,2.873,2.686,5.648,4.87,NA,NA
697,10/21/2014,206,H0133,F,1.17,TW,34.06,10.074,5.631,5.047,3.214,5.395,4.102,3.861,7.8,6.537,NA,NA
1092,1/19/2015,320,H0133,F,1.39,TW,36.592,10.888,5.833,5.71,3.765,6.37,4.264,4.121,8.072,7.425,NA,NA
1711,4/22/2015,482,H0133,F,1.49,CMM,37.731,11.235,5.738,4.873,3.63,5.408,3.239,3.988,8.427,7.532,NA,NA
3757,4/21/2016,1044,H0133,F,2.34,CMM,41.077,11.693,6.665,5.955,4.428,7.268,4.855,4.907,8.798,8.132,NA,NA
149,5/5/2014,43,H0134,M,0.25,TW,21.014,7.022,4.286,NA,1.872,2.466,NA,NA,4.056,3.61,NA,NA
196,5/29/2014,56,H0134,M,0.3,TW,22.099,7.152,4.579,3.792,2.331,3.075,NA,NA,4.387,3.68,NA,NA
357,8/1/2014,104,H0134,M,0.52,TW,26.194,8.7,4.776,3.989,2.621,3.519,NA,2.563,5.227,4.533,NA,NA
735,10/29/2014,216,H0134,M,1.14,TW,34.643,10.58,5.454,4.657,3.176,5.113,3.939,4.112,7.162,6.49,NA,NA
1089,1/19/2015,319,H0134,M,1.9,TW,39.35,12.237,6.499,5.875,3.686,6.496,5.118,5.238,9.587,8.171,NA,NA
1197,2/9/2015,343,H0134,M,1.72,TW,40.447,12.846,6.218,6.115,4.296,6.677,5.017,5.016,8.541,8.155,NA,NA
1712,4/22/2015,482,H0134,M,2.12,CMM,42.292,12.48,6.842,5.993,4.175,6.542,5.182,5.318,9.467,9.019,NA,NA
1715,4/29/2015,483,H0134,M,2.11,AN,45.1,12.335,5.85,5.736,3.939,6.672,4.87,5.288,8.56,8.288,NA,NA
3800,4/29/2016,1058,H0134,M,4.9,CMM,50.379,14.309,7.942,7.747,5.016,8.362,6.267,7.145,11.265,10.92,NA,NA
3801,4/29/2016,1058,H0137,M,5.77,CMM,52.832,13.627,7.9,7.479,5.737,8.045,5.05,5.245,10.967,10.169,AS - Remeasured Radius,RM Set 1
140,4/29/2014,40,H0137,M,0.26,TW,20.101,6.68,4.114,NA,2.117,2.852,NA,NA,4.253,3.692,NA,NA
188,5/22/2014,54,H0137,M,0.28,TW,22.725,7.326,4.067,3.207,2.092,3.04,NA,NA,4.795,4.096,NA,NA
343,7/25/2014,100,H0137,M,0.44,TW,24.999,8.489,4.402,3.546,2.317,3.429,2.716,2.748,5.181,4.628,NA,NA
698,10/21/2014,206,H0137,M,1.35,TW,36.486,10.904,5.662,5.431,3.288,5.05,3.974,4.228,8.089,7.025,NA,NA
175,5/14/2014,51,H0142,F,0.23,TW,20.612,6.547,4.172,3.216,2.192,2.692,NA,NA,4.316,3.731,NA,NA
211,6/5/2014,61,H0142,F,0.34,TW,23.205,7.363,4.468,3.446,2.145,3.538,NA,NA,4.619,4.151,NA,NA
372,8/5/2014,109,H0142,F,0.41,TW,26.532,8.573,4.571,NA,2.539,3.106,2.46,2.48,5.365,4.727,NA,NA
771,11/5/2014,228,H0142,F,1.12,TW,32.68,9.951,5.726,4.813,3.225,4.277,3.066,3.029,6.993,6.206,NA,NA
1224,2/10/2015,350,H0142,F,1.29,TW,35.762,10.914,5.708,5.719,3.629,5.581,3.948,3.97,8.178,7.109,NA,NA
1778,5/7/2015,501,H0142,F,1.6,CMM,38.105,10.859,5.489,4.914,3.375,5.593,4.596,4.963,8.638,7.831,NA,NA
176,5/14/2014,51,H0144,F,0.18,TW,19.596,6.261,3.709,NA,1.949,2.634,NA,NA,3.853,3.541,NA,NA
212,6/5/2014,61,H0144,F,0.31,TW,22.727,7.486,4.059,3.593,2.018,3.183,NA,NA,4.56,4.004,NA,NA
370,8/5/2014,108,H0144,F,0.34,TW,24.004,7.655,3.641,3.506,2.469,3.387,NA,NA,4.782,4.384,NA,NA
768,11/5/2014,227,H0144,F,0.85,TW,29.096,8.676,4.862,4.599,2.931,3.358,2.977,2.824,6.218,5.963,NA,NA
1226,2/10/2015,350,H0144,F,0.91,TW,31.893,9.698,5.15,5.15,2.908,5.145,3.368,3.56,6.857,6.416,NA,NA
1780,5/7/2015,501,H0144,F,1.25,CMM,33.848,10.353,4.818,5.16,3.409,6.143,3.835,4.497,7.525,7.073,NA,NA
3841,5/12/2016,1069,H0144,F,1.69,RH,39.324,11.644,5.886,5.327,4.052,4.95,3.997,4.594,8.55,8.288,NA,NA
3842,5/12/2016,1070,H0145,F,2,RH,41.871,11.912,5.147,4.4,4.2,6.015,3.973,4.745,9.599,8.448,"AS - Remeasured Pelvic, Humerus, Radius, Ulna, Femur, and Tibia",RM Set 1
177,5/14/2014,51,H0145,F,0.28,TW,20.196,6.773,4.4,2.902,1.984,3.036,NA,NA,4,3.616,NA,NA
213,6/5/2014,61,H0145,F,0.34,TW,23.104,7.937,4.421,3.735,2.23,3.304,NA,NA,4.793,4.136,NA,NA
371,8/5/2014,109,H0145,F,0.36,TW,24.509,7.821,4.726,3.733,2.572,3.436,2.428,2.526,5.156,4.564,NA,NA
770,11/5/2014,228,H0145,F,0.98,TW,32.241,9.689,5.052,4.519,3.025,4.204,3.363,3.235,6.423,6.05,NA,NA
1227,2/10/2015,350,H0145,F,1.31,TW,37.279,10.764,5.676,5.104,3.331,5.64,4.182,4.218,7.608,7.137,NA,NA
1779,5/7/2015,501,H0145,F,1.44,CMM,38.325,11.257,5.579,4.642,3.335,5.522,4.265,4.506,7.929,7.689,NA,NA
150,5/5/2014,43,H0148,F,0.22,TW,19.818,6.389,3.741,NA,2.226,2.316,NA,NA,3.873,NA,NA,NA
179,5/14/2014,52,H0153,F,0.21,TW,19.825,6.977,3.979,NA,1.974,2.803,NA,NA,3.986,3.766,NA,NA
222,6/12/2014,64,H0153,F,0.37,TW,24.743,7.971,4.305,NA,2.358,3.299,NA,NA,4.887,4.271,NA,NA
389,8/13/2014,114,H0153,F,0.5,TW,27.107,8.92,4.653,3.976,2.374,3.682,2.756,2.793,5.511,4.925,NA,NA
803,11/12/2014,238,H0153,F,1.01,TW,32.264,10.26,5.09,4.262,3.003,3.993,3.382,3.586,6.936,6.405,NA,NA
1812,5/13/2015,510,H0153,F,1.52,CMM,37.475,11.207,5.347,5.003,3.485,5.559,4.238,4.276,8.455,8.041,NA,NA
3837,5/12/2016,1068,H0153,F,1.92,RH,40.971,13.04,5.887,5.516,4.224,5.547,4.125,4.698,8.291,7.589,NA,NA
180,5/14/2014,52,H0154,F,0.21,TW,20.156,6.66,4.115,NA,2.015,2.535,NA,NA,4.139,3.564,NA,NA
223,6/12/2014,65,H0154,F,0.32,TW,24.713,7.85,4.286,3.422,2.208,3.407,NA,NA,4.87,4.301,NA,NA
390,8/13/2014,114,H0154,F,0.49,TW,27.303,8.611,4.054,3.476,2.322,3.887,2.988,3.283,5.532,4.982,NA,NA
805,11/12/2014,238,H0154,F,0.88,TW,32.343,9.922,5.127,4.049,3.004,4.328,3.773,3.947,6.454,5.959,NA,NA
1267,2/11/2015,361,H0154,F,1.18,TW,36.665,11.054,5.259,4.635,3.487,5.181,4.115,4.382,7.526,7.405,NA,NA
1813,5/13/2015,510,H0154,F,1.22,CMM,36.559,10.515,5.609,4.896,3.112,5.558,3.576,3.712,7.876,7.403,NA,NA
3839,5/12/2016,1068,H0155,F,2.4,RH,41.435,11.101,7.707,6.075,4.39,7.97,5.9,6.431,8.948,10.37,"AS - Remeasured Pectoral, Pelvic, and Femur",RM Set 1
181,5/14/2014,52,H0155,F,0.24,TW,20.59,6.666,3.963,3.373,2.209,2.519,NA,NA,3.989,3.661,NA,NA
225,6/12/2014,65,H0155,F,0.34,TW,24.518,7.636,4.365,3.331,2.329,3.152,2.258,NA,4.949,4.392,NA,NA
368,8/5/2014,108,H0155,F,0.44,TW,26.98,8.48,4.009,3.676,2.435,3.958,NA,3.021,5.529,NA,NA,NA
767,11/5/2014,227,H0155,F,1.04,TW,32.407,9.816,4.685,4.314,2.858,3.891,3.055,3.124,7.277,6.435,NA,NA
1266,2/11/2015,361,H0155,F,1.17,TW,33.836,9.981,5.484,4.884,3.633,5.094,3.378,3.39,7.871,7.195,NA,NA
1782,5/7/2015,502,H0155,F,1.12,CMM,35.573,10.062,5.271,4.459,3.15,5.358,3.778,4.112,7.505,7.361,NA,NA
3840,5/12/2016,1069,H0158,M,5.95,RH,54.476,14.884,7.727,7.631,5.461,8.488,5.662,6.571,12.3,10.183,"AS - Remeasured SVL, Head Width, Pectoral, Pelvic, Humerus, Radius, Ulna, Femur, and Tibia",RM Set 1
178,5/14/2014,51,H0158,M,0.28,TW,21.109,6.826,4.08,NA,2.012,2.567,NA,NA,4.167,3.615,NA,NA
214,6/5/2014,62,H0158,M,0.4,TW,22.741,7.612,4.265,3.924,2.285,3.226,NA,NA,4.633,4.011,NA,NA
369,8/5/2014,108,H0158,M,0.36,TW,24.233,8.023,4.807,3.495,2.659,3.593,NA,NA,5.002,4.527,NA,NA
769,11/5/2014,227,H0158,M,1.1,TW,33.209,10.842,5.569,4.487,2.996,3.993,3.253,3.393,6.538,6.178,NA,NA
1225,2/10/2015,350,H0158,M,1.86,TW,40.985,12.589,6.381,6.014,4.369,5.926,4.639,4.515,8.765,8.203,NA,NA
1781,5/7/2015,502,H0158,M,2.24,CMM,45.352,13.513,6.982,6.063,4.205,7.435,4.967,5.257,9.579,8.717,NA,NA
182,5/14/2014,52,H0159,F,0.2,TW,20.516,6.609,3.88,NA,2.101,2.671,NA,NA,3.942,3.361,NA,NA
224,6/12/2014,65,H0159,F,0.29,TW,22.594,7.74,4.146,3.794,2.15,3.204,NA,NA,4.383,3.88,NA,NA
391,8/13/2014,114,H0159,F,0.57,TW,26.419,8.297,4.174,4.084,2.624,3.794,NA,NA,4.955,4.842,NA,NA
804,11/12/2014,238,H0159,F,1.06,TW,33.34,10.347,5.152,4.722,3.089,3.892,3.513,3.301,6.744,6.304,NA,NA
1265,2/11/2015,361,H0159,F,1.2,TW,34.041,10.723,5.584,4.842,3.447,4.798,3.683,3.695,6.339,6.724,NA,NA
1814,5/13/2015,510,H0159,F,1.3,CMM,36.148,11.276,5.494,4.682,3.32,5.246,4.307,4.839,7.255,7.001,NA,NA
3838,5/12/2016,1068,H0159,F,1.73,RH,39.833,11.904,6.177,5.784,3.997,6.181,4.471,4.711,8.532,7.69,NA,NA
3939,5/26/2016,1095,H0164,M,5.51,CMM,62.581,15.172,7.787,7.745,5.555,9.695,6.987,7.721,12.672,11.749,AS - Remeasured Femur,RM Set 1
402,8/22/2014,119,H0164,M,0.53,TW,26.476,9.12,4.64,3.666,2.244,3.532,3.114,3.272,5.437,4.639,"AS - Remeasured Head Length, Radius, and Ulna",RM Set 1
197,5/29/2014,56,H0164,M,0.23,TW,20.697,7.202,NA,NA,2.039,2.808,NA,NA,4.058,3.573,NA,NA
228,6/18/2014,67,H0164,M,0.28,TW,22,7.691,4.333,3.239,2.201,2.959,NA,NA,4.512,3.967,NA,NA
814,11/18/2014,241,H0164,M,1.11,TW,34.325,11.14,5.37,5.018,3.655,4.318,3.696,3.823,7.346,6.294,NA,NA
1308,2/18/2015,372,H0164,M,1.2,TW,36.014,10.849,6.068,4.634,3.458,4.87,3.852,4.398,8.16,7.805,NA,NA
1848,5/27/2015,520,H0164,M,1.49,CMM,37.576,11.747,5.846,5.379,3.461,6.298,4.722,5.313,8.628,7.916,NA,NA
1346,2/25/2015,382,H0166,M,1.73,TW,41.518,12.494,4.781,3.696,3.454,6.83,5.153,5.125,10.323,10.273,JG - reameasured head width & pectoral,RM Set 1
198,5/29/2014,56,H0166,M,0.26,TW,21.046,7.095,4.243,NA,2.126,2.626,NA,NA,4.15,3.588,NA,NA
258,6/25/2014,75,H0166,M,0.34,TW,24.622,7.936,4.473,3.414,2.166,3.003,2.368,2.55,4.726,4.273,NA,NA
403,8/22/2014,119,H0166,M,0.58,TW,28.235,8.779,6.83,4.315,2.801,4.084,3.389,3.486,5.84,5.385,NA,NA
833,12/1/2014,246,H0166,M,1.43,TW,36.012,11.544,5.987,4.808,3.675,4.216,3.137,3.767,7.388,6.559,NA,NA
1849,5/27/2015,520,H0166,M,1.8,CMM,42.156,13.406,6.019,5.876,3.644,6.4,4.24,5.094,9.239,8.326,NA,NA
215,6/5/2014,62,H0167,F,0.24,TW,19.981,6.534,4.052,NA,1.882,NA,NA,NA,3.982,3.633,NA,NA
256,6/25/2014,75,H0167,F,0.3,TW,22.579,7.604,4.859,3.382,2.289,2.895,NA,NA,4.551,4.295,NA,NA
422,8/27/2014,125,H0167,F,0.45,TW,26.325,8.557,5.056,3.523,2.68,4.149,2.442,3.005,5.495,5.017,NA,NA
1310,2/18/2015,372,H0169,M,1.4,TW,38.272,11.476,5.449,5.104,3.426,4.619,NA,NA,8.42,8.141,AS - Can't Find X-Ray,RM Set 1
1347,2/25/2015,382,H0169,M,1.36,TW,39.349,12.321,4.843,5.095,3.403,6.27,5.033,5.689,9.792,9.615,JG - reameasured head width & pectoral,RM Set 1
3998,6/12/2016,1110,H0169,M,7.92,CMM,57.862,15.777,10.753,8.497,5.866,8.623,5.79,6.646,13.035,11.887,JG remeasured SVL,Mass/SVL check
216,6/5/2014,62,H0169,M,0.26,TW,21.09,6.938,4.079,NA,1.918,2.999,NA,NA,4.293,3.673,NA,NA
257,6/25/2014,75,H0169,M,0.27,TW,22.916,7.735,4.562,2.99,2.325,3.295,NA,NA,4.812,4.327,NA,NA
423,8/27/2014,125,H0169,M,0.45,TW,27.117,8.867,4.404,3.644,2.632,3.483,2.888,3.042,5.273,4.7,NA,NA
815,11/18/2014,241,H0169,M,1.24,TW,35.041,10.632,5.027,4.723,3.9,4.259,3.657,3.695,7.075,6.528,NA,NA
1850,5/27/2015,520,H0169,M,2.07,CMM,42.55,12.391,6.277,NA,3.963,7.467,5.138,5.558,9.794,9.546,NA,NA
227,6/12/2014,66,H0175,M,0.25,TW,20.995,7.575,4.502,3.388,2.111,2.666,NA,NA,4.164,3.566,NA,NA
275,7/2/2014,81,H0175,M,0.31,TW,22.612,7.584,4.474,3.309,2.27,3.005,2.223,NA,4.822,4.193,NA,NA
439,9/3/2014,130,H0175,M,0.39,TW,25.117,8.983,4.498,3.655,2.602,3.257,3.045,3.135,5.737,4.678,NA,NA
849,12/2/2014,253,H0175,M,1.29,TW,35.4,11.574,5.672,5.243,3.544,5.733,4.086,4.205,7.97,7.101,NA,NA
1902,6/5/2015,534,H0175,M,2.1,CMM,41.195,12.944,5.904,5.785,3.932,7.201,4.764,5.231,9.064,9.047,NA,NA
3997,6/12/2016,1109,H0175,M,6.3,CMM,56.033,16.076,8.131,7.906,5.567,9.529,7.45,8.231,13.088,10.898,NA,NA
226,6/12/2014,66,H0183,M,0.28,TW,20.548,7.222,4.153,3.269,2.248,2.608,NA,NA,4.109,3.652,NA,NA
277,7/2/2014,81,H0183,M,0.29,TW,22.536,7.515,4.252,3.185,2.203,3.062,2.035,NA,4.439,4.104,NA,NA
438,9/3/2014,130,H0183,M,0.36,TW,24.306,8.433,4.312,3.583,2.634,2.979,NA,NA,5.414,4.473,NA,NA
850,12/2/2014,253,H0183,M,1.28,TW,33.465,10.424,5.718,5.143,3.571,5.098,NA,3.02,7.203,6.504,NA,NA
1903,6/5/2015,534,H0183,M,1.91,CMM,41.092,13.124,5.803,5.757,4.027,6.45,4.104,4.604,8.685,8.181,NA,NA
3996,6/12/2016,1109,H0183,M,7.53,CMM,56.876,15.88,10.72,8.404,6.519,8.608,6.843,7.779,12.661,11.738,NA,NA
234,6/18/2014,68,H0185,F,0.27,TW,21.634,6.921,4.43,3.374,2.13,2.908,NA,NA,4.19,3.646,NA,NA
294,7/9/2014,86,H0185,F,0.3,TW,23.178,7.946,4.234,3.257,2.147,3.021,2.459,NA,4.743,4.117,NA,NA
457,9/9/2014,135,H0185,F,0.33,TW,23.343,7.384,4.159,3.128,1.889,3.165,2.464,2.825,5.137,4.318,NA,NA
906,12/10/2014,270,H0185,F,1,TW,32.658,9.883,5.046,4.606,3.123,5.017,3.619,3.743,6.507,6.118,NA,NA
1915,6/12/2015,539,H0185,F,1.56,CMM,37.571,10.926,5.355,4.79,3.743,6.111,4.176,4.534,7.792,6.963,NA,NA
3994,6/12/2016,1108,H0185,F,2.05,CMM,40.992,11.489,5.91,6.015,4.073,6.654,3.965,4.647,8.204,7.854,NA,NA
235,6/18/2014,68,H0186,M,0.3,TW,21.458,7.19,4.668,3.601,2.203,3.013,NA,NA,3.996,3.537,NA,NA
287,7/9/2014,84,H0186,M,0.3,TW,22.658,7.581,4.719,3.326,2.211,3.523,2.3,2.407,4.891,4.188,NA,NA
456,9/9/2014,135,H0186,M,0.36,TW,25.587,8.604,3.913,3.244,2.283,3.573,2.942,3.115,5.12,4.764,NA,NA
907,12/10/2014,270,H0186,M,1.33,TW,36.618,11.576,5.707,5.148,3.215,5.5,4.273,4.202,8.074,7.07,NA,NA
1916,6/12/2015,539,H0186,M,2.22,CMM,41.352,12.489,6.395,6.063,4.19,7.5,5.208,4.84,9.671,9.097,NA,NA
3995,6/12/2016,1108,H0186,M,7.56,CMM,59.199,15.586,10.584,8.52,6.004,10.386,7.395,7.687,12.826,12.516,NA,NA
232,6/18/2014,68,H0187,M,0.29,TW,22.408,7.148,4.457,NA,2.112,2.986,NA,NA,4.252,3.739,NA,NA
304,7/18/2014,89,H0187,M,0.31,TW,23.082,7.826,4.756,3.633,2.232,3.186,2.172,2.215,4.785,4.173,NA,NA
458,9/9/2014,135,H0187,M,0.37,TW,25.331,7.916,3.982,3.273,2.202,3.504,2.391,NA,5.169,4.858,NA,NA
910,12/10/2014,271,H0187,M,1.35,TW,33.851,10.303,5.573,5.173,3.255,5.184,3.677,3.597,7.102,6.756,NA,NA
1914,6/12/2015,538,H0187,M,2.66,CMM,44.947,12.939,6.95,6.961,4.485,8.263,5.408,6.276,10.043,9.323,NA,NA
4106,6/23/2016,1138,H0187,M,6.12,CMM,53.438,14.794,7.99,7.836,5.448,9.113,7.007,8.048,11.913,10.591,NA,NA
252,6/25/2014,74,H0189,F,0.28,TW,21.109,7.096,4.488,3.449,2.207,3.025,NA,NA,4.259,3.944,NA,NA
301,7/18/2014,88,H0189,F,0.3,TW,22.659,7.717,4.582,3.506,2.262,3.367,NA,NA,4.951,4.257,NA,NA
924,12/17/2014,276,H0189,F,0.98,TW,32.312,9.874,5.174,4.436,3.014,5.065,3.492,3.75,7.374,6.539,NA,NA
1931,6/22/2015,544,H0189,F,1.55,CMM,38.007,11.375,5.262,5.31,3.705,6.118,4.594,4.851,8.324,7.548,NA,NA
4104,6/23/2016,1137,H0189,F,2.11,CMM,40.079,11.543,6.029,5.567,3.964,6.15,4.523,5.405,9.055,8.635,NA,NA
473,9/18/2014,141,H0189,F,0.48,TW,26.07543,8.20289,4.47906,3.8004,2.36129,3.3953,2.60485,2.69911,5.4508,4.81742,Remeasure - too many decimal places,NA
233,6/18/2014,68,H0193,M,0.29,TW,20.994,7.029,4.176,NA,2.002,NA,NA,NA,4.29,NA,NA,NA
305,7/18/2014,89,H0193,M,0.28,TW,22.198,7.568,4.612,3.346,2.254,3.323,2.249,2.341,4.492,4.088,NA,NA
462,9/9/2014,137,H0193,M,0.39,TW,26.272,8.787,4.338,3.527,2.451,3.471,NA,NA,4.992,4.785,NA,NA
909,12/10/2014,271,H0193,M,1.49,TW,34.711,11.071,5.735,5.087,3.527,6.053,3.56,3.646,7.729,6.895,NA,NA
1912,6/12/2015,537,H0193,M,2.25,CMM,42.349,13.06,6.745,6.194,4.121,7.494,5.085,5.473,9.849,8.986,NA,NA
4105,6/23/2016,1138,H0193,M,6.35,CMM,55.582,16.278,7.957,7.369,5.782,7.509,6.71,7.512,12.124,11.674,NA,NA
477,9/18/2014,142,H0194,F,0.39,TW,24.717,8.461,2.6,3.589,2.503,4.304,2.708,3.222,5.731,4.879,AS - Remeasured Everything,RM Set 1
253,6/25/2014,74,H0194,F,0.19,TW,20.89,7.123,4.066,NA,2.016,NA,NA,NA,3.783,3.403,NA,NA
300,7/18/2014,88,H0194,F,0.26,TW,22.465,7.48,3.988,3.069,2.102,3.1,NA,NA,4.294,3.922,NA,NA
921,12/17/2014,275,H0194,F,0.89,TW,30.825,9.555,5.137,4.303,2.948,5.157,3.159,3.328,6.618,5.846,NA,NA
1930,6/22/2015,543,H0194,F,1.44,CMM,36.411,10.803,5.369,4.791,3.686,6.243,3.949,4.193,8.078,7.41,NA,NA
4103,6/23/2016,1137,H0194,F,1.97,CMM,39.137,10.947,5.628,5.073,3.732,5.676,4.62,4.713,8.493,7.403,NA,NA
231,6/18/2014,67,H0195,F,0.17,TW,20.053,6.467,3.015,3.459,2.096,2.531,NA,NA,3.874,3.544,NA,NA
302,7/18/2014,89,H0195,F,0.21,TW,22.16,7.465,3.985,NA,2.006,2.654,1.685,NA,4.173,3.972,NA,NA
464,9/9/2014,137,H0195,F,0.31,TW,23.615,7.529,4.016,3.693,2.42,3.723,2.422,2.632,5.071,4.426,NA,NA
908,12/10/2014,270,H0195,F,0.82,TW,31.951,9.875,5.186,4.93,3.02,4.832,3.455,3.691,6.772,5.969,NA,NA
927,12/17/2014,277,H0195,F,0.81,TW,31.766,9.641,4.96,4.03,2.889,3.961,3.133,NA,7.025,6.262,NA,NA
1913,6/12/2015,538,H0195,F,1.08,CMM,34.597,10.581,5.497,5.001,3.749,5.684,3.765,3.868,7.836,7.333,NA,NA
254,6/25/2014,74,H0196,F,0.23,TW,20.09,6.709,4.426,NA,2.207,2.697,NA,NA,4.02,3.445,NA,NA
312,7/18/2014,92,H0196,F,0.23,TW,21.035,6.96,4.458,NA,2.27,2.949,NA,NA,4.172,3.735,NA,NA
920,12/17/2014,275,H0196,F,0.68,TW,28.572,9.002,4.615,3.777,2.603,4.365,3.397,3.147,6.274,5.784,NA,NA
1929,6/22/2015,543,H0196,F,1.09,CMM,33.383,10.463,5.007,4.746,3.689,5.573,3.65,4.304,7.483,6.924,NA,NA
480,9/18/2014,143,H0196,F,0.33,TW,24.87507,8.33981,4.12936,3.52561,2.23516,3.15756,2.4321,2.35877,4.89229,4.45958,Remeasure - too many decimal places,NA
230,6/18/2014,67,H0197,M,0.23,TW,21.146,6.979,4.063,3.096,2.087,2.473,NA,NA,3.9,3.577,NA,NA
303,7/18/2014,89,H0197,M,0.23,TW,22.23,7.673,4.41,3.097,2.109,3.01,2.162,2.305,4.368,3.939,NA,NA
463,9/9/2014,137,H0197,M,0.32,TW,24.402,8.047,4.233,2.916,2.311,3.43,2.503,2.732,4.749,4.293,NA,NA
255,6/25/2014,74,H0198,F,0.15,TW,20.129,6.479,3.817,NA,1.992,2.456,NA,NA,3.896,3.417,NA,NA
299,7/18/2014,88,H0198,F,0.19,TW,20.779,7.116,4.133,NA,1.872,2.527,NA,NA,3.918,3.479,NA,NA
923,12/17/2014,276,H0198,F,0.78,TW,30.671,9.321,4.923,4.073,2.731,4.902,3.022,3.04,6.478,5.767,NA,NA
1932,6/22/2015,544,H0198,F,1.17,CMM,35.659,10.802,5.077,4.474,3.419,5.269,3.945,4.628,7.387,6.897,NA,NA
476,9/18/2014,142,H0198,F,0.36,TW,24.91762,8.36154,4.18111,3.22265,2.28729,3.06335,1.9259,2.24469,4.62018,4.16981,Remeasure - too many decimal places,NA
229,6/18/2014,67,H0199,F,0.19,TW,20.626,6.741,3.897,NA,1.828,2.486,NA,NA,3.917,3.496,NA,NA
298,7/18/2014,88,H0199,F,0.25,TW,21.953,7.618,4.028,3.053,1.987,2.721,2.127,NA,4.202,3.696,NA,NA
925,12/17/2014,276,H0199,F,0.73,TW,28.99,8.895,4.882,4.062,2.66,3.682,2.577,2.769,6.539,5.785,NA,NA
1933,6/22/2015,544,H0199,F,1.09,CMM,32.837,9.873,5.123,4.535,3.408,5.201,3.433,3.884,7.474,7.503,NA,NA
479,9/18/2014,143,H0199,F,0.39,TW,25.12474,8.19699,4.5371,3.86804,2.19471,3.20415,2.17306,2.50586,5.12401,4.42785,Remeasure - too many decimal places,NA
248,6/25/2014,73,H0200,F,0.18,TW,19.898,6.408,3.997,NA,1.892,2.348,NA,NA,3.883,3.495,NA,NA
332,7/25/2014,97,H0200,F,0.26,TW,22.136,7.043,4.305,3.152,2.035,2.85,NA,NA,4.214,3.842,NA,NA
541,9/24/2014,158,H0200,F,0.43,TW,25.71,7.983,4.051,3.163,2.125,NA,NA,NA,5.226,4.85,NA,NA
954,1/1/2015,285,H0200,F,1.1,TW,33.62,9.991,5.237,4.69,3.057,5.187,3.28,3.082,7.094,6.748,NA,NA
1947,6/26/2015,549,H0200,F,1.8,CMM,37.874,10.928,5.785,5.488,3.622,5.372,3.925,4.029,8.142,7.54,NA,NA
4102,6/23/2016,1136,H0200,F,2.43,CMM,43.04,11.658,5.7,5.708,3.92,5.522,4.467,4.067,9.266,7.941,NA,NA
4101,6/23/2016,1136,H0201,F,2.16,CMM,39.773,11.931,4.68,7.061,4.196,5.791,3.369,3.637,9.285,7.748,"AS - Remeasured Head Length, Head Width, Pectoral, Pelvic, Humerus, Radius, Ulna, Femur, and Tibia",RM Set 1
245,6/25/2014,72,H0201,F,0.25,TW,20.598,6.716,4.102,NA,2.028,2.546,NA,NA,4.057,3.632,NA,NA
331,7/25/2014,97,H0201,F,0.28,TW,23.048,7.507,4.431,3.215,1.935,3.06,2.405,2.721,4.562,4.16,NA,NA
542,9/24/2014,158,H0201,F,0.42,TW,25.551,8.225,3.944,3.583,2.392,3.196,2.382,NA,4.925,4.596,NA,NA
959,1/1/2015,286,H0201,F,0.95,TW,31.728,9.951,5.115,4.843,2.801,4.764,3.591,3.621,6.987,6.182,NA,NA
1948,6/26/2015,549,H0201,F,1.3,CMM,36.891,11.415,4.774,5.101,3.793,5.773,4.109,3.832,7.969,7.335,NA,NA
273,7/2/2014,80,H0202,F,0.24,TW,20.755,6.84,4.281,3.25,2.025,2.682,NA,NA,3.88,3.523,NA,NA
325,7/25/2014,95,H0202,F,0.28,TW,22.209,7.122,4.012,NA,2.195,3.133,NA,NA,4.496,3.98,NA,NA
534,9/24/2014,156,H0202,F,0.38,TW,23.316,7.659,4.122,3.489,2.098,3.251,2.472,2.664,5.441,4.592,NA,NA
963,1/1/2015,287,H0202,F,0.93,TW,31.923,10.26,5.221,4.704,2.94,4.767,3.565,3.724,6.676,6.08,NA,NA
1938,6/26/2015,546,H0202,F,1.68,CMM,38.403,11.662,5.09,5.314,3.842,5.941,4.538,4.601,8.006,7.962,NA,NA
4100,6/23/2016,1136,H0202,F,2.19,CMM,40.972,11.551,5.748,5.399,3.703,6.135,4.039,4.594,8.468,8.289,NA,NA
290,7/9/2014,85,H0206,M,0.25,TW,20.328,6.656,4.394,3.308,2.138,2.862,NA,NA,4.228,3.632,NA,NA
355,8/1/2014,103,H0206,M,0.31,TW,23.578,7.69,4.358,3.374,2.288,2.822,2.209,2.252,4.777,4.261,NA,NA
572,10/2/2014,169,H0206,M,0.52,TW,26.147,8.149,4.435,3.461,2.558,3.544,2.752,2.645,5.422,4.82,NA,NA
974,1/1/2015,289,H0206,M,1.4,TW,38.434,11.952,5.833,5.249,3.479,6.093,4.477,4.531,8.271,7.611,NA,NA
1360,3/5/2015,386,H0206,M,1.37,TW,39.566,12.442,4.534,4.986,3.893,5.31,4.314,3.951,9.189,8.597,NA,NA
1995,7/2/2015,562,H0206,M,3.21,CMM,49.69,14.681,6.857,6.47,4.312,7.241,5.412,5.139,10.495,10.202,NA,NA
244,6/25/2014,72,H0211,M,0.18,TW,19.568,6.775,4.027,NA,2.183,2.537,NA,NA,3.678,3.356,NA,NA
247,6/25/2014,72,H0212,M,0.22,TW,21.424,7.304,3.902,3.408,2.072,2.505,NA,NA,4.18,3.669,NA,NA
330,7/25/2014,97,H0212,M,0.27,TW,22.605,7.496,4.358,3.716,2.413,2.932,2.116,2.27,4.623,4.064,NA,NA
535,9/24/2014,157,H0212,M,0.37,TW,24.442,7.737,4.431,3.406,2.348,3.526,2.488,2.945,5.278,4.73,NA,NA
957,1/1/2015,285,H0212,M,0.89,TW,32.538,10.431,5.618,4.863,2.982,4.672,3.221,3.554,7.502,6.782,NA,NA
1945,6/26/2015,548,H0212,M,1.43,CMM,36.492,11.737,5.378,5.094,3.277,5.528,4.009,4.376,8.347,7.509,NA,NA
266,7/2/2014,78,H0213,M,0.2,TW,20.113,6.677,3.878,NA,2.053,2.586,NA,NA,3.817,3.255,NA,NA
333,7/25/2014,97,H0213,M,0.24,TW,21.514,7.044,4.073,NA,2.033,2.662,1.689,1.856,4.051,3.463,NA,NA
536,9/24/2014,157,H0213,M,0.37,TW,23.66,7.918,4.247,3.426,2.179,3.118,2.389,2.484,4.646,4.127,NA,NA
960,1/1/2015,286,H0213,M,0.89,TW,32.81,10.554,5.432,NA,2.833,4.888,3.504,3.568,7.022,6.152,NA,NA
1942,6/26/2015,547,H0213,M,1.75,CMM,37.754,11.769,5.662,5.28,3.669,5.55,3.629,4.435,9.003,7.559,NA,NA
249,6/25/2014,73,H0214,F,0.18,TW,19.329,6.256,4.067,3.152,2.106,2.447,NA,NA,3.904,3.504,NA,NA
335,7/25/2014,98,H0214,F,0.24,TW,21.615,7.115,4.1,3.216,2.223,2.991,2.212,2.208,4.061,3.609,NA,NA
917,12/17/2014,274,H0214,F,0.86,TW,31.598,9.954,4.78,4.196,2.842,4.999,3.377,3.032,7.014,6.037,NA,NA
1927,6/22/2015,542,H0214,F,1.28,CMM,36.455,11.306,4.945,4.533,3.877,5.89,3.471,4.166,8.118,7.182,NA,NA
481,9/18/2014,143,H0214,F,0.32,TW,24.57577,7.90657,4.50259,3.35591,2.50375,3.63509,2.2627,2.46249,5.03995,4.47032,Remeasure - too many decimal places,NA
271,7/2/2014,80,H0215,M,0.22,TW,21.438,7.272,4.184,NA,2.091,NA,NA,NA,4.204,3.681,NA,NA
321,7/25/2014,94,H0215,M,0.28,TW,23.132,7.745,4.405,3.489,2.297,3.299,2.061,NA,4.455,4.102,NA,NA
529,9/24/2014,155,H0215,M,0.4,TW,26.31,8.591,4.785,3.584,2.38,3.848,3.18,3.197,5.602,4.954,NA,NA
967,1/1/2015,288,H0215,M,0.93,TW,33.17,10.438,5.467,4.984,3.481,4.954,3.654,3.72,7.427,6.436,NA,NA
1934,6/26/2015,545,H0215,M,1.81,CMM,41.179,12.523,5.697,6.112,4.112,6.918,4.632,5.467,8.978,8.672,NA,NA
272,7/2/2014,80,H0216,M,0.2,TW,20.671,6.931,4.036,NA,1.932,2.603,NA,NA,4.025,3.417,NA,NA
356,8/1/2014,103,H0216,M,0.29,TW,22.742,7.452,4.585,3.423,2.216,3.277,NA,NA,4.529,3.66,NA,NA
571,10/2/2014,169,H0216,M,0.39,TW,26.423,8.233,4.441,3.398,2.195,3.219,2.368,2.554,5.497,4.741,NA,NA
972,1/1/2015,289,H0216,M,0.86,TW,32.446,10.165,5.389,4.901,3.225,4.581,3.239,3.29,6.9,6.461,NA,NA
1996,7/2/2015,563,H0216,M,1.88,CMM,39.767,11.784,5.785,5.668,3.577,5.982,4.723,4.742,9.193,8.381,NA,NA
268,7/2/2014,79,H0217,F,0.18,TW,19.703,6.225,3.912,2.992,1.755,2.508,NA,NA,3.691,3.04,NA,NA
324,7/25/2014,95,H0217,F,0.24,TW,22.28,7.481,4.018,NA,1.871,2.29,1.558,1.719,4.08,3.465,NA,NA
533,9/24/2014,156,H0217,F,0.36,TW,24.859,8.061,4.152,3.447,2.101,2.793,2.223,2.428,4.686,4.2,NA,NA
969,1/1/2015,288,H0217,F,0.8,TW,29.939,9.272,5.262,4.419,2.959,4.309,2.476,2.691,6.326,5.475,NA,NA
1937,6/26/2015,546,H0217,F,1.19,CMM,35.192,10.387,5.272,4.799,3.471,4.828,3.937,4.259,7.384,6.984,NA,NA
267,7/2/2014,79,H0219,F,0.21,TW,19.99,6.707,4.127,NA,1.938,NA,NA,NA,4.307,3.649,NA,NA
323,7/25/2014,95,H0219,F,0.28,TW,22.498,7.536,4.479,4.022,2.358,3.059,1.962,2.202,4.447,3.754,NA,NA
527,9/24/2014,155,H0219,F,0.43,TW,25.663,7.873,4.01,3.509,2.422,4.024,2.504,2.925,5.392,4.777,NA,NA
966,1/1/2015,288,H0219,F,0.68,TW,30.359,9.863,4.85,4.356,3.004,4.437,3.404,3.792,6.61,5.664,NA,NA
1936,6/26/2015,545,H0219,F,1.09,CMM,33.71,10.406,4.788,4.555,3.319,5.577,4.394,4.529,7.582,7.008,NA,NA
246,6/25/2014,72,H0220,M,0.21,TW,19.775,6.554,4.541,NA,2.121,2.725,NA,NA,3.934,3.221,NA,NA
336,7/25/2014,98,H0220,M,0.26,TW,21.473,7.177,4.173,3.21,2.071,2.675,2.013,2.173,4.304,3.817,NA,NA
540,9/24/2014,158,H0220,M,0.41,TW,25.177,8.147,4.194,3.423,2.48,3.183,2.303,2.52,5.132,4.481,NA,NA
955,1/1/2015,285,H0220,M,0.97,TW,32.368,10.184,5.61,4.705,3.07,5.095,NA,NA,7.497,6.548,NA,NA
1949,6/26/2015,550,H0220,M,1.59,CMM,38.705,12.166,5.409,5.549,3.689,6.079,4.876,4.972,8.719,7.76,NA,NA
270,7/2/2014,79,H0221,F,0.22,TW,21.248,7.066,3.954,3.161,2.13,2.555,NA,NA,3.803,3.504,NA,NA
328,7/25/2014,96,H0221,F,0.26,TW,21.926,7.155,4.266,3.186,2.054,2.747,NA,NA,4.284,3.72,NA,NA
537,9/24/2014,157,H0221,F,0.26,TW,23.148,7.615,4.022,3.278,2.166,3.293,2.518,2.64,4.645,4.132,NA,NA
965,1/1/2015,287,H0221,F,0.53,TW,27.811,8.746,4.554,3.916,2.577,4.244,3.105,3.196,5.999,5.394,NA,NA
1941,6/26/2015,547,H0221,F,0.98,CMM,32.859,9.985,5.015,4.667,3.244,4.862,3.821,4.236,7.567,6.879,NA,NA
250,6/25/2014,73,H0222,F,0.2,TW,20.619,6.774,3.886,NA,1.903,2.32,NA,NA,4.134,3.518,NA,NA
337,7/25/2014,98,H0222,F,0.22,TW,21.159,7.219,4.281,NA,2.294,2.815,2.062,NA,4.189,3.656,NA,NA
539,9/24/2014,158,H0222,F,0.27,TW,21.969,7.409,3.814,3.317,2.281,3.065,2.418,2.457,4.832,4.133,NA,NA
956,1/1/2015,285,H0222,F,0.78,TW,31.833,9.875,5.006,4.387,2.901,4.576,3.443,3.471,7.136,6.268,NA,NA
1946,6/26/2015,549,H0222,F,1.17,CMM,34.286,10.345,5.35,4.75,3.547,4.854,3.244,3.501,7.97,7.356,NA,NA
269,7/2/2014,79,H0224,M,0.2,TW,19.49,6.556,4.253,NA,1.915,2.574,NA,NA,4.018,NA,NA,NA
326,7/25/2014,96,H0224,M,0.26,TW,21.277,7.286,4.216,3.009,2.079,2.921,2.162,2.254,4.635,3.746,NA,NA
532,9/24/2014,156,H0224,M,0.34,TW,24.358,7.868,3.863,3.153,2.032,3.407,2.404,2.743,4.935,4.083,NA,NA
961,1/1/2015,286,H0224,M,0.73,TW,30.681,9.751,5.157,4.432,2.998,4.596,3.518,3.56,7.205,5.902,NA,NA
1943,6/26/2015,548,H0224,M,1.67,CMM,37.171,11.637,5.674,5.157,3.543,5.983,4.542,5.12,8.973,8.469,NA,NA
265,7/2/2014,78,H0225,F,0.22,TW,19.614,6.834,4.068,2.992,1.94,2.725,NA,NA,3.646,3.245,NA,NA
327,7/25/2014,96,H0225,F,0.29,TW,21.704,7.365,4.265,3.651,2.443,3.176,2.145,1.856,4.317,3.82,NA,NA
531,9/24/2014,156,H0225,F,0.42,TW,24.441,7.861,4.132,3.573,2.458,3.262,2.623,2.851,4.874,4.658,NA,NA
958,1/1/2015,286,H0225,F,0.92,TW,32.394,10.387,5.015,4.78,2.959,4.694,NA,NA,6.737,6.765,NA,NA
1944,6/26/2015,548,H0225,F,1.61,CMM,35.44,10.83,5.352,5.364,3.984,6.429,4.33,4.095,7.559,7.079,NA,NA
263,7/2/2014,78,H0226,F,0.2,TW,20.291,7.016,4.156,NA,1.939,2.788,NA,NA,4.022,3.487,NA,NA
322,7/25/2014,95,H0226,F,0.27,TW,22.032,7.173,4.131,3.317,2.05,3.041,2.214,1.988,4.382,3.834,NA,NA
528,9/24/2014,155,H0226,F,0.43,TW,25.045,8.054,4.212,3.787,2.501,3.914,2.785,2.96,5.492,4.7,NA,NA
964,1/1/2015,287,H0226,F,0.74,TW,29.964,9.976,5.14,4.81,2.869,4.288,3.578,3.046,6.773,5.937,NA,NA
1939,6/26/2015,546,H0226,F,1.34,CMM,35.4,10.955,5.569,4.885,3.483,5.291,3.843,4.374,8.386,7.353,NA,NA
478,9/18/2014,142,H0227,F,0.26,TW,23.547,8.456,2.272,3.43,2.383,3.883,2.316,2.883,5.461,4.654,AS - Remeasured Everything,RM Set 1
251,6/25/2014,73,H0227,F,0.2,TW,19.906,6.455,3.93,NA,2.166,NA,NA,NA,3.911,3.303,NA,NA
334,7/25/2014,98,H0227,F,0.24,TW,22.096,7.09,4.212,3.59,2.261,2.743,1.943,1.856,4.15,3.599,NA,NA
922,12/17/2014,275,H0227,F,0.52,TW,27.365,8.618,4.651,NA,2.56,3.313,NA,NA,6.343,5.33,NA,NA
1928,6/22/2015,543,H0227,F,0.79,CMM,32.995,10.018,5.191,4.832,3.148,5.78,4.011,4.222,6.939,6.967,NA,NA
968,1/1/2015,288,H0228,M,1.25,TW,35.634,11.159,5.918,3.998,3.317,5.651,4.256,4.132,7.724,6.988,AS - Remeasured Pectoral,RM Set 1
274,7/2/2014,80,H0228,M,0.2,TW,20.597,6.653,4.275,2.608,1.836,2.674,NA,NA,3.725,3.335,NA,NA
320,7/25/2014,94,H0228,M,0.26,TW,22.32,7.325,3.941,NA,2.062,2.925,2.115,2.286,4.088,3.737,NA,NA
530,9/24/2014,155,H0228,M,0.44,TW,25.179,7.932,4.338,NA,2.571,3.906,2.892,2.969,4.965,4.39,NA,NA
1935,6/26/2015,545,H0228,M,2.42,CMM,42.86,12.901,6.389,4.919,4.413,6.307,5.251,5.61,9.58,8.646,NA,NA
264,7/2/2014,78,H0229,M,0.31,TW,20.357,6.702,4.39,NA,2.142,2.576,NA,NA,4.004,3.335,NA,NA
329,7/25/2014,96,H0229,M,0.3,TW,22.324,7.659,4.29,3.116,2.022,2.787,2.096,NA,4.319,3.826,NA,NA
538,9/24/2014,157,H0229,M,0.42,TW,25.015,8.065,4.266,3.562,2.365,3.523,2.743,2.963,5.256,4.771,NA,NA
962,1/1/2015,287,H0229,M,1.01,TW,31.513,10.468,5.383,4.664,2.976,4.878,3.311,3.211,7.444,6.333,NA,NA
1940,6/26/2015,547,H0229,M,1.8,CMM,38.49,12.091,5.956,5.751,3.772,5.838,4.406,4.5,9.055,8.21,NA,NA
1992,7/2/2015,561,H0230,M,NA,CMM,NA,NA,NA,NA,NA,NA,NA,NA,NA,NA,escaped,NA
289,7/9/2014,85,H0230,M,0.24,TW,20.39,6.504,4.156,3.089,1.985,2.807,NA,NA,3.827,3.453,NA,NA
374,8/5/2014,109,H0230,M,0.3,TW,22.182,7.677,4.585,3.376,2.242,2.953,1.929,2.249,4.495,4.109,NA,NA
570,10/2/2014,168,H0230,M,0.49,TW,26.527,8.759,4.594,3.823,2.521,3.211,2.483,2.803,5.534,4.914,NA,NA
971,1/1/2015,289,H0230,M,1.21,TW,36.142,11.338,5.744,4.945,3.427,5.475,3.985,4.04,7.677,7.251,NA,NA
1356,3/5/2015,385,H0230,M,1.2,TW,36.235,11.477,4.99,4.948,3.445,5.451,4.139,4.52,8.882,8.396,NA,NA
4181,7/14/2016,1157,H0230,M,6.64,CMM,55.488,15.758,7.093,8.202,6.112,7.523,7.052,7.109,11.953,10.852,NA,NA
1993,7/2/2015,562,H0235,F,1.33,CMM,35.564,10.493,5.639,4.755,3.466,4.786,2.803,2.965,7.87,7.321,AS - Remeasured Radius,RM Set 1
1354,3/5/2015,385,H0235,F,0.89,TW,34.351,10.298,4.422,4.506,3.244,4.671,3.895,4.136,7.588,7.126,JG - remeasured head width,RM Set 1
284,7/9/2014,84,H0235,F,0.19,TW,20.498,6.461,3.799,NA,1.815,2.609,NA,NA,3.982,3.539,NA,NA
373,8/5/2014,109,H0235,F,0.28,TW,22.477,7.007,4.19,3.03,2.534,2.981,2.258,NA,4.665,4.171,NA,NA
573,10/2/2014,169,H0235,F,0.38,TW,25.43,8.383,4.503,3.407,2.304,3.174,2.69,3.007,5.174,4.636,NA,NA
973,1/1/2015,289,H0235,F,0.98,TW,33.342,10.498,5.394,NA,2.638,4.638,3.299,3.212,7.105,6.406,NA,NA
4180,7/14/2016,1157,H0235,F,1.74,CMM,41.107,12.082,5.06,5.346,3.728,6.053,5.049,5.082,8.58,8.35,NA,NA
285,7/9/2014,84,H0241,F,0.16,TW,20.46,7.023,3.798,NA,2.076,2.669,NA,NA,3.694,3.446,NA,NA
377,8/5/2014,110,H0241,F,0.24,TW,21.962,7.476,4.222,3.257,1.945,3.036,2.221,NA,4.255,3.83,NA,NA
568,10/2/2014,168,H0241,F,0.32,TW,24.844,7.962,4.214,NA,2.069,3.531,2.54,2.561,5.079,4.535,NA,NA
1061,1/8/2015,311,H0241,F,0.74,TW,30.066,9.581,4.767,3.974,2.7,4.469,3.257,3.424,6.578,5.694,NA,NA
1359,3/5/2015,386,H0241,F,0.66,TW,30.483,9.273,3.938,3.949,2.558,4.063,2.648,2.763,6.842,6.644,NA,NA
1991,7/2/2015,561,H0241,F,0.95,CMM,33.999,10.583,5.039,4.438,3.108,5.279,4.268,4.464,7.184,6.781,NA,NA
291,7/9/2014,85,H0242,F,0.2,TW,19.79,6.572,4.225,NA,2.081,2.838,NA,NA,3.735,3.155,NA,NA
354,8/1/2014,103,H0242,F,0.25,TW,21.596,7.326,4.123,2.959,2.233,3.161,NA,NA,4.328,3.801,NA,NA
567,10/2/2014,167,H0242,F,0.39,TW,25.547,8.04,4.446,3.472,2.531,3.506,2.463,NA,5.336,4.826,NA,NA
970,1/1/2015,289,H0242,F,0.65,TW,28.869,8.667,4.875,4.058,2.896,4.692,2.689,3.034,6.35,5.608,NA,NA
1357,3/5/2015,386,H0242,F,0.68,TW,30.174,9.224,4.003,3.879,3.119,5.143,3.502,3.473,6.917,6.448,NA,NA
1994,7/2/2015,562,H0242,F,1.05,CMM,32.498,10.197,5.073,4.611,2.906,5.834,3.433,3.306,7.238,6.997,NA,NA
288,7/9/2014,85,H0244,F,0.22,TW,21.106,7.049,4.034,2.963,1.901,2.428,NA,NA,3.82,3.347,NA,NA
375,8/5/2014,110,H0244,F,0.27,TW,22.432,7.281,4.108,3.12,2.198,3.044,2.162,NA,4.462,3.834,NA,NA
595,10/7/2014,175,H0244,F,0.42,TW,25.869,8.319,4.6,3.489,2.507,3.51,2.581,2.618,5.208,4.581,NA,NA
1062,1/8/2015,311,H0244,F,0.65,TW,30.981,9.235,4.838,3.984,2.948,4.228,3.626,3.573,6.63,5.801,NA,NA
1358,3/5/2015,386,H0244,F,0.57,TW,30.253,9.149,4.36,4.36,2.803,4.852,3.85,3.716,6.474,5.901,NA,NA
2020,7/9/2015,570,H0244,F,1.26,CMM,36.114,10.695,4.692,4.831,3.641,5.313,3.945,4.042,7.303,6.568,NA,NA
286,7/9/2014,84,H0245,F,0.18,TW,19.77,6.347,NA,NA,2.007,2.562,NA,NA,3.831,3.307,NA,NA
376,8/5/2014,110,H0245,F,0.29,TW,21.28,7.107,4.39,3.683,2.192,2.744,2.382,2.328,4.369,3.938,NA,NA
569,10/2/2014,168,H0245,F,0.37,TW,23.411,7.796,4.22,3.793,2.408,3.185,2.323,2.564,4.916,4.3,NA,NA
1063,1/8/2015,311,H0245,F,0.57,TW,26.201,8.242,4.593,4.396,2.674,4.269,3.11,3.239,6.22,5.186,NA,NA
1355,3/5/2015,385,H0245,F,0.62,TW,26.667,8.2,4.106,3.758,2.684,3.614,2.883,3.307,6.499,5.835,NA,NA
1990,7/2/2015,561,H0245,F,0.84,CMM,30.151,9.339,4.86,4.746,2.802,4.785,3.042,3.362,6.645,6.481,NA,NA
314,7/25/2014,93,H0248,M,0.22,TW,21.537,7.254,4.264,3.587,2.299,2.889,NA,NA,4.304,3.739,NA,NA
404,8/22/2014,120,H0248,M,0.28,TW,23.487,7.99,3.809,NA,2.092,3.283,2.245,2.602,4.924,4.517,NA,NA
709,10/22/2014,209,H0248,M,0.49,TW,26.278,8.525,4.784,3.84,2.757,3.472,2.534,2.696,5.282,4.584,NA,NA
1088,1/19/2015,318,H0248,M,1,TW,32.9,10.351,5.593,5.315,3.358,5.445,3.836,3.573,7.917,6.75,NA,NA
1415,3/18/2015,402,H0248,M,1.18,TW,34.486,10.549,5.983,4.572,2.926,6.035,4.718,5.227,8.239,8.188,NA,NA
2094,7/23/2015,592,H0248,M,2.02,CMM,39.942,11.4,5.832,5.633,3.853,6.739,3.848,4.145,10.221,8.813,NA,NA
708,10/22/2014,209,H0249,F,0.59,TW,26.763,8.424,4.806,3.94,2.526,3.748,1.921,2.379,5.34,4.725,AS - Remeasured Humerus,RM Set 1
408,8/22/2014,121,H0249,F,0.26,TW,22.396,7.449,4.495,3.358,2.147,2.888,2.199,2.684,4.525,4.39,AS - Remeasured Pelvic,RM Set 1
315,7/25/2014,93,H0249,F,0.24,TW,19.812,6.582,4.182,NA,2.003,2.729,NA,NA,3.964,3.436,NA,NA
1087,1/19/2015,318,H0249,F,0.97,TW,33.12,10.496,5.184,4.546,3.164,5.176,3.583,3.828,7.33,6.429,NA,NA
1409,3/18/2015,400,H0249,F,1.16,TW,33.568,10.316,5.62,4.131,2.693,5.424,4.276,4.518,7.464,7.689,NA,NA
2095,7/23/2015,592,H0249,F,1.58,CMM,35.933,10.325,5.414,4.76,3.502,5.168,3.816,3.996,7.858,7.177,NA,NA
4289,8/3/2016,1185,H0249,F,1.94,CMM,39.613,11.436,6.013,5.317,4.376,6.503,4.124,4.903,8.474,7.499,NA,NA
407,8/22/2014,120,H0250,F,0.34,TW,23.445,7.654,4.591,3.27,2.569,3.071,2.05,2.678,4.599,4.16,AS - Remeasured Pelvic and Ulna,RM Set 1
318,7/25/2014,94,H0250,F,0.25,TW,21.548,7.194,3.936,NA,2.035,2.725,NA,NA,3.852,3.439,NA,NA
645,10/15/2014,189,H0250,F,0.44,TW,26.204,8.704,4.524,3.854,2.581,3.595,2.528,2.477,5.352,4.476,NA,NA
1079,1/19/2015,316,H0250,F,0.74,TW,31.265,9.999,4.76,4.511,2.731,4.842,3.596,3.705,6.08,5.994,NA,NA
1412,3/18/2015,401,H0250,F,0.77,TW,31.897,10.04,4.956,3.524,3.134,5.059,4.363,4.62,7.227,6.975,NA,NA
2060,7/16/2015,582,H0250,F,1.01,CMM,34.762,10.52,5.032,4.379,3.039,5.843,3.771,3.925,7.464,7.121,NA,NA
405,8/22/2014,120,H0251,F,0.24,TW,22.141,7.13,4.005,3.315,2.471,3.142,2.314,2.453,4.128,3.905,AS - Remeasured Pectoral and Humerus,RM Set 1
1414,3/18/2015,402,H0251,F,1.71,TW,29.414,9.211,5.018,3.609,2.426,NA,NA,NA,6.51,7.059,JG remeasured SVL,Mass/SVL check
316,7/25/2014,93,H0251,F,0.22,TW,19.421,6.611,4.041,NA,1.857,2.62,NA,NA,3.503,3.137,NA,NA
644,10/15/2014,189,H0251,F,0.35,TW,24.001,8.027,4.438,3.589,2.35,3.357,2.251,2.349,4.85,4.471,NA,NA
1083,1/19/2015,317,H0251,F,0.75,TW,28.683,9.213,4.998,4.646,2.911,4.386,2.678,2.973,6.266,5.531,NA,NA
2059,7/16/2015,581,H0251,F,1.06,CMM,34.421,10.318,5.155,4.913,3.223,5.301,3.167,3.799,7.426,6.458,NA,NA
1408,3/18/2015,400,H0252,F,0.8,TW,31.495,9.301,5.152,4.523,2.709,4.818,4.059,4.431,7.561,6.515,JG - remeasured pectoral,RM Set 1
350,8/1/2014,102,H0252,F,0.24,TW,21.767,7.219,3.951,NA,2.031,2.82,NA,NA,4.015,3.814,NA,NA
411,8/22/2014,121,H0252,F,0.25,TW,22.362,7.256,3.84,NA,1.882,3.297,NA,NA,4.527,4.116,NA,NA
710,10/22/2014,209,H0252,F,0.47,TW,25.253,8.376,4.389,2.928,2.486,3.089,2.13,2.083,4.942,4.583,NA,NA
1080,1/19/2015,316,H0252,F,0.78,TW,30.584,9.23,5.083,4.713,3.259,4.779,3.419,3.483,6.684,5.907,NA,NA
2093,7/23/2015,592,H0252,F,1.28,CMM,35.79,10.669,5.255,4.949,3.255,5.657,4.225,4.769,8.339,7.761,NA,NA
317,7/25/2014,93,H0253,M,0.19,TW,19.606,6.451,4.029,NA,2.203,2.551,NA,NA,3.746,3.366,NA,NA
393,8/13/2014,115,H0253,M,0.26,TW,22.037,7.075,4.9,2.991,2.098,3.444,2.331,2.135,4.53,3.958,NA,NA
642,10/15/2014,188,H0253,M,0.31,TW,25.45,7.858,4.392,3.217,2.42,3.648,2.428,2.62,5.375,4.632,NA,NA
1082,1/19/2015,316,H0253,M,0.58,TW,30.614,9.592,4.666,4.41,2.957,4.558,3.378,3.475,6.766,5.874,NA,NA
1410,3/18/2015,401,H0253,M,0.69,TW,31.116,9.42,5.447,3.532,2.612,5.319,4.031,4.057,7.887,7.024,NA,NA
2061,7/16/2015,582,H0253,M,0.97,CMM,35.369,10.701,5.503,4.715,3.105,5.562,4.185,4.518,8.565,7.47,NA,NA
711,10/22/2014,209,H0254,M,0.44,TW,27.236,9.156,4.497,3.48,2.914,3.668,2.309,2.418,5.081,4.413,AS - Remeasured Pectoral,RM Set 1
1407,3/18/2015,400,H0254,M,1.04,TW,34.707,11.452,5.407,3.981,3.219,5.88,4.625,4.953,8.821,8.375,JG - remeasured head length,RM Set 1
352,8/1/2014,102,H0254,M,0.28,TW,22.513,7.534,4.116,3.128,2.254,2.674,2.085,2.123,4.053,3.77,NA,NA
410,8/22/2014,121,H0254,M,0.34,TW,23.187,7.635,4.012,NA,2.488,3.117,2.505,2.637,4.715,4.26,NA,NA
1086,1/19/2015,318,H0254,M,0.9,TW,32.841,10.652,5.498,5.117,3.306,5.201,3.542,3.717,7.466,6.323,NA,NA
2092,7/23/2015,591,H0254,M,2,CMM,40.336,12.213,5.744,5.312,3.881,7.426,4.723,5.514,9.707,8.613,NA,NA
1411,3/18/2015,401,H0256,M,1.1,TW,34.461,11.083,5.853,4.324,2.977,6.139,4.638,4.859,8.642,7.651,JG - remeasured tibia,RM Set 1
351,8/1/2014,102,H0256,M,0.27,TW,21.231,7.467,4.202,3.613,2.459,2.713,2.069,2.098,4.252,3.639,NA,NA
409,8/22/2014,121,H0256,M,0.33,TW,23.686,7.789,3.935,3.129,2.271,3.312,2.262,2.18,4.58,4.254,NA,NA
712,10/22/2014,210,H0256,M,0.47,TW,25.44,8.296,4.786,3.678,2.357,2.762,1.993,2.346,5.77,4.862,NA,NA
1081,1/19/2015,316,H0256,M,1.06,TW,33.722,11.074,5.197,NA,3.176,5.163,3.874,4.044,7.931,6.849,NA,NA
2091,7/23/2015,591,H0256,M,1.77,CMM,38.699,12.14,5.598,5.452,3.647,5.672,3.85,4.668,9.313,8.324,NA,NA
319,7/25/2014,94,H0257,M,0.24,TW,19.715,6.665,4.329,3.514,2.226,2.748,NA,NA,3.854,3.373,NA,NA
406,8/22/2014,120,H0257,M,0.26,TW,22.56,7.467,4.008,3.109,2.045,NA,2.134,2.203,5.369,3.988,NA,NA
643,10/15/2014,188,H0257,M,0.22,TW,23.099,7.627,4,NA,2.078,3.408,2.302,2.392,4.878,4.14,NA,NA
353,8/1/2014,103,H0258,F,0.26,TW,22.021,7.258,4.254,3.433,2.111,2.898,NA,NA,3.986,3.738,NA,NA
412,8/22/2014,122,H0258,F,0.31,TW,23.335,7.413,3.955,3.066,2.154,2.771,NA,NA,4.464,4.234,NA,NA
713,10/22/2014,210,H0258,F,0.42,TW,25.358,8.271,4.401,3.185,2.617,3.229,2.294,2.433,4.855,4.455,NA,NA
1085,1/19/2015,317,H0258,F,0.78,TW,30.739,9.383,4.939,4.191,2.791,4.604,3.306,3.342,6.503,5.962,NA,NA
1503,3/25/2015,425,H0258,F,0.85,CMM,31.915,10.136,5.453,4.481,2.964,5.124,3.108,3.631,6.564,6.175,NA,NA
2088,7/23/2015,590,H0258,F,0.94,RH,32.41,10.091,4.838,4.431,2.966,4.804,3.646,3.741,6.585,6.303,NA,NA
1501,3/25/2015,424,H0260,F,0.82,AN,31.914,9.901,4.839,5.056,3.598,5.411,3.746,4.02,7.227,6.758,JG remeasured SVL,Mass/SVL check
346,8/1/2014,101,H0260,F,0.21,TW,20.425,7.012,4.07,NA,2.035,2.605,1.914,1.977,4.017,3.501,NA,NA
418,8/27/2014,124,H0260,F,0.27,TW,22.37,7.464,3.549,NA,2.311,2.783,2.179,NA,4.283,4.075,NA,NA
743,10/30/2014,219,H0260,F,0.47,TW,25.673,8.54,4.516,3.8,2.476,3.46,2.609,2.662,5.697,4.938,NA,NA
1196,2/9/2015,343,H0260,F,0.83,TW,31.448,9.927,5.225,5.124,3.113,5.186,3.453,3.681,6.896,6.1,NA,NA
2108,7/30/2015,597,H0260,F,1.4,CMM,38.109,11.574,5.354,4.931,3.848,5.673,4.024,4.317,8.492,7.821,NA,NA
382,8/5/2014,111,H0261,F,0.26,TW,21.502,6.805,3.953,3.23,2.191,2.37,NA,NA,3.931,3.549,NA,NA
419,8/27/2014,124,H0261,F,0.31,TW,23.342,7.569,4.216,3.609,2.275,3.129,NA,NA,4.474,4.159,NA,NA
738,10/30/2014,217,H0261,F,0.47,TW,26.307,8.74,4.395,NA,2.234,3.471,2.594,2.792,5.279,4.81,NA,NA
1192,2/9/2015,342,H0261,F,0.75,TW,30.983,10.014,5.254,4.823,2.96,4.765,3.357,3.604,6.631,6.049,NA,NA
1500,3/25/2015,424,H0261,F,0.87,AN,32.252,10.02,4.794,4.78,2.967,5.462,3.515,3.794,7.302,6.505,NA,NA
2105,7/30/2015,596,H0261,F,1.33,CMM,36.558,11.352,5.229,4.619,3.036,5.478,4.167,4.512,7.819,7.445,NA,NA
381,8/5/2014,111,H0262,F,0.24,TW,21.481,6.983,3.947,NA,1.978,2.847,NA,NA,3.959,3.616,NA,NA
420,8/27/2014,124,H0262,F,0.27,TW,22.229,7.554,4.132,3.071,2.18,3.134,1.894,1.988,4.296,4.013,NA,NA
1499,3/25/2015,424,H0266,F,1.09,AN,34.577,10.589,4.629,4.498,3.081,5.09,3.653,4.458,7.411,6.983,JG remeasured SVL,Mass/SVL check
345,8/1/2014,101,H0266,F,0.26,TW,20.557,6.42,3.989,NA,2.104,2.554,2.162,2.409,3.899,3.588,NA,NA
417,8/27/2014,123,H0266,F,0.3,TW,22.174,7.449,4.2,3.003,2.353,2.824,2.418,NA,4.259,4.025,NA,NA
736,10/30/2014,217,H0266,F,0.56,TW,25.949,8.245,4.511,NA,2.346,3.528,2.683,2.773,5.71,4.622,NA,NA
1200,2/9/2015,344,H0266,F,1.06,TW,33.954,10.666,5.175,4.537,3.057,5.363,3.915,3.985,7.035,6.522,NA,NA
2106,7/30/2015,596,H0266,F,1.48,CMM,36.092,10.82,5.747,4.974,3.857,5.973,4.013,4.361,8.34,7.902,NA,NA
4288,8/3/2016,1185,H0266,F,2.01,CMM,39.738,11.49,6.149,5.466,4.594,6.854,4.459,4.913,8.763,7.951,NA,NA
347,8/1/2014,101,H0268,F,0.26,TW,21.941,7.647,4.043,3.268,1.914,2.619,2.086,2.296,4.184,3.65,NA,NA
414,8/27/2014,123,H0268,F,0.31,TW,22.504,7.206,4.189,3.405,2.101,3.164,2.662,2.728,4.548,4.298,NA,NA
714,10/22/2014,210,H0268,F,0.42,TW,25.38,8.436,4.523,3.631,2.583,3.241,2.276,2.573,5.177,4.361,NA,NA
1084,1/19/2015,317,H0268,F,0.79,TW,31.333,10.219,4.898,4.501,2.851,4.39,3.531,3.389,6.653,6,NA,NA
1504,3/25/2015,425,H0268,F,0.83,CMM,30.611,9.683,4.784,4.328,3.062,4.057,3.4,3.809,7.031,6.459,NA,NA
2090,7/23/2015,590,H0268,F,1.13,RH,33.637,10.653,5.225,4.905,3.188,5.76,4.02,4.069,7.834,7.547,NA,NA
1507,3/25/2015,426,H0271,M,0.9,AN,32.199,10.303,4.886,4.604,3.21,4.754,3.834,4.077,7.238,6.567,JG remeasured SVL,Mass/SVL check
348,8/1/2014,101,H0271,M,0.24,TW,19.926,6.739,4.164,3.094,2.163,2.746,1.727,1.894,3.978,3.538,NA,NA
415,8/27/2014,123,H0271,M,0.25,TW,21.148,7.344,4.014,2.876,2.158,2.967,2.032,2.22,4.393,3.833,NA,NA
715,10/22/2014,210,H0271,M,0.37,TW,24.301,7.976,4.361,3.358,2.607,2.783,1.889,2.058,4.571,4.379,NA,NA
1198,2/9/2015,343,H0271,M,0.86,TW,32.684,10.496,5.185,4.338,3.566,4.836,3.858,3.945,7.325,6.569,NA,NA
2089,7/23/2015,590,H0271,M,1.89,RH,38.957,11.968,5.91,5.461,3.91,6.468,4.697,5.045,8.892,8.319,NA,NA
380,8/5/2014,111,H0272,M,0.26,TW,20.922,6.874,4.236,3.382,2.077,2.836,NA,NA,3.922,3.717,NA,NA
424,8/27/2014,125,H0272,M,0.28,TW,22.532,7.349,3.988,2.961,2.152,2.746,2.102,2.246,4.483,4.177,NA,NA
741,10/30/2014,218,H0272,M,0.44,TW,25.969,8.425,4.307,NA,2.036,3.611,2.443,2.591,5.528,4.777,NA,NA
1194,2/9/2015,342,H0272,M,0.71,TW,31.095,10.079,4.794,3.982,2.905,4.729,3.604,3.541,6.534,6.219,NA,NA
1575,4/1/2015,446,H0272,M,0.81,CMM,31.821,10.006,5.223,4.048,2.778,4.074,3.428,3.938,6.932,6.604,NA,NA
2103,7/30/2015,595,H0272,M,1.44,CMM,35.934,10.989,5.371,4.966,3.613,5.528,4.213,4.277,8.353,7.817,NA,NA
378,8/5/2014,110,H0273,F,0.24,TW,20.717,6.609,3.827,NA,1.989,2.637,NA,NA,3.804,3.492,NA,NA
421,8/27/2014,124,H0273,F,0.25,TW,21.715,7.381,3.638,NA,1.982,2.929,2.291,2.437,4.048,3.646,NA,NA
744,10/30/2014,219,H0273,F,0.54,TW,26.241,7.904,4.207,3.481,2.355,3.638,2.135,2.297,5.222,4.594,NA,NA
1195,2/9/2015,342,H0273,F,0.72,TW,31.288,9.609,4.826,4.059,2.871,4.254,3.667,3.629,6.501,5.772,NA,NA
1502,3/25/2015,425,H0273,F,0.72,CMM,30.794,9.498,5.002,3.774,2.667,3.624,3.378,3.738,6.535,6.089,NA,NA
2104,7/30/2015,595,H0273,F,1.31,CMM,34.764,10.717,5.287,5.006,3.169,5.365,3.735,4.324,7.314,6.858,NA,NA
1506,3/25/2015,426,H0274,F,0.71,AN,31.067,9.906,4.422,4.132,3.066,5.122,2.998,3.322,6.482,6.017,JG remeasured SVL,Mass/SVL check
349,8/1/2014,102,H0274,F,0.23,TW,20.324,6.657,3.895,NA,1.973,2.645,NA,NA,3.997,3.513,NA,NA
416,8/27/2014,123,H0274,F,0.25,TW,21.67,7.085,3.911,3.14,2.491,3.226,NA,NA,4.453,3.978,NA,NA
740,10/30/2014,218,H0274,F,0.4,TW,25.104,7.71,4.382,3.379,2.326,3.598,2.399,2.69,5.252,4.668,NA,NA
1193,2/9/2015,342,H0274,F,0.75,TW,32.018,10.277,4.998,5.179,2.766,4.75,3.843,4.038,6.905,6.259,NA,NA
2107,7/30/2015,596,H0274,F,1.09,CMM,33.881,10.28,4.8,4.228,3.118,5.605,2.979,3.497,7.287,7.221,NA,NA
392,8/13/2014,115,H0275,F,0.23,TW,19.383,6.334,3.779,2.991,2.098,NA,NA,NA,4.084,3.7,NA,NA
440,9/3/2014,130,H0275,F,0.26,TW,22.788,7.421,3.928,3.132,2.145,2.886,2.017,2.187,4.578,4.15,NA,NA
455,9/9/2014,134,H0275,F,0.31,TW,22.509,7.375,4.022,2.895,1.976,2.86,NA,NA,4.517,4.415,NA,NA
751,11/4/2014,221,H0275,F,0.63,TW,27.291,8.79,4.931,4.151,2.553,4.458,2.572,2.732,5.829,5.367,NA,NA
1220,2/10/2015,349,H0275,F,0.98,TW,32.866,10.004,5.523,4.761,2.869,5.047,4.106,3.982,7.167,6.494,NA,NA
1576,4/1/2015,446,H0275,F,0.99,CMM,33.888,10.138,5.839,4.661,3.159,4.785,3.804,4.077,6.686,6.599,NA,NA
2122,8/6/2015,601,H0275,F,1.55,CMM,37.477,11.586,5.661,5.376,4.102,5.727,4.276,4.549,8.453,8.158,NA,NA
4286,8/3/2016,1184,H0275,F,2.03,CMM,41.002,12.191,6.256,5.734,4.436,5.837,3.88,4.574,9.221,8.097,NA,NA
4287,8/3/2016,1184,H0276,M,6.24,CMM,41.937,15.117,8.25,8.473,5.832,9.359,6.601,7.427,12.25,10.662,JG remeasured SVL; Corrected mass from data sheet,Mass/SVL check
379,8/5/2014,111,H0276,M,0.23,TW,20.323,6.744,4.34,NA,2.155,2.782,NA,NA,4.055,3.459,NA,NA
437,9/3/2014,130,H0276,M,0.28,TW,23.065,7.988,3.735,3.169,2.163,2.852,NA,NA,4.436,4.135,NA,NA
737,10/30/2014,217,H0276,M,0.56,TW,27.88,8.833,4.869,3.766,2.628,3.433,2.085,2.308,6.042,5.449,NA,NA
1199,2/9/2015,344,H0276,M,1.04,TW,33.487,10.48,5.45,4.68,3.386,5.255,3.989,4.024,7.69,6.923,NA,NA
1574,4/1/2015,445,H0276,M,1.14,CMM,33.489,10.751,5.368,5.2,2.906,4.673,4.049,4.227,8.134,7.263,NA,NA
2102,7/30/2015,595,H0276,M,1.74,CMM,39.618,12.368,6.246,5.609,4.097,7.415,4.961,5.235,9.444,8.791,NA,NA
413,8/22/2014,122,H0338,F,0.24,TW,21.051,7.038,4.154,NA,1.884,2.132,NA,NA,4.169,3.284,NA,NA
775,11/12/2014,229,H0338,F,0.46,TW,25.199,8.473,4.895,3.587,2.469,3.504,2.361,2.328,5.046,4.293,NA,NA
1262,2/11/2015,360,H0338,F,0.68,TW,28.61,8.748,4.607,3.704,2.631,3.562,2.539,2.338,6.084,5.467,NA,NA
1641,4/15/2015,463,H0338,F,0.76,CMM,29.296,9.153,5.658,4.016,2.594,3.871,2.403,3.093,6.133,5.468,NA,NA
2140,8/13/2015,607,H0338,F,1.03,CMM,33.129,10.566,4.844,4.334,2.981,5.06,3.502,3.884,6.791,6.666,NA,NA
4448,8/30/2016,1229,H0338,F,1.59,CMM,37.611,9.711,7.145,4.741,3.725,6.155,3.607,4.191,8.554,7.177,NA,NA
484,9/18/2014,144,H0338,F,0.32,TW,23.17086,7.18696,4.21894,3.33302,2.13798,2.78855,2.17665,2.3857,4.33224,3.83087,Remeasure - too many decimal places,NA
5824,8/24/2017,1611,H0342,M,4.59,CMM,50.404,14.96,7.559,7.224,4.976,9.099,6.738,7.679,13.023,10.957,NA,NA
446,9/9/2014,132,H0390,M,0.25,TW,20.426,6.77,4.197,2.951,1.85,2.176,1.851,1.878,3.881,3.38,NA,NA
611,10/8/2014,179,H0390,M,0.36,TW,24.452,7.751,4.502,NA,2.092,2.981,2.391,2.527,4.933,4.347,NA,NA
860,12/4/2014,256,H0390,M,0.36,TW,26.245,8.676,4.674,3.669,2.232,3.325,2.75,2.62,5.306,4.787,NA,NA
1389,3/5/2015,394,H0390,M,0.8,CMM,31.712,10.47,5.423,4.71,3.026,4.298,3.587,3.757,7.189,6.09,NA,NA
1764,5/6/2015,496,H0390,M,0.98,AN,36.974,11.044,5.006,4.727,3.425,5.243,3.969,4.216,7.453,7.171,NA,NA
2235,9/10/2015,632,H0390,M,2.02,CMM,39.318,12.011,6.226,5.384,3.667,6.569,4.783,5.405,9.119,7.689,NA,NA
4573,9/25/2016,1264,H0390,M,5.95,CMM,58.599,16.027,8.208,7.843,5.965,9.144,6.074,7.082,13.605,11.424,NA,NA
449,9/9/2014,133,H0391,M,0.21,TW,20.41,6.599,3.299,NA,1.94,2.476,NA,NA,3.89,3.333,NA,NA
558,10/1/2015,164,H0391,M,0.27,TW,23.032,7.733,4.549,3.038,2.534,2.415,1.776,2.091,4.042,3.885,NA,NA
872,12/4/2014,259,H0391,M,0.47,TW,27.189,9.063,4.8,3.849,2.598,3.846,2.562,2.726,5.556,4.861,NA,NA
1404,3/5/2015,398,H0391,M,0.68,CMM,30.232,9.664,5.361,4.048,2.764,4.204,3.129,3.157,6.155,5.828,NA,NA
1773,5/6/2015,499,H0391,M,0.88,CMM,32.68,9.698,5.344,4.497,3.017,4.678,3.325,3.847,7.412,6.552,NA,NA
2184,9/3/2015,618,H0391,M,1.76,CMM,39.647,11.943,5.523,5.535,3.663,6.013,4.391,4.978,8.895,8.001,NA,NA
4579,9/25/2016,1267,H0391,M,4.79,CMM,53.827,14.394,8.871,7.373,5.327,8.963,5.197,6.148,11.633,10.879,NA,NA
495,9/18/2014,147,H0392,M,0.35,TW,22.252,7.103,4.07,3.127,1.904,2.713,2.288,2.391,4.01,3.656,NA,NA
603,10/8/2014,177,H0392,M,0.35,TW,24.219,8.035,4.669,3.898,2.27,3.573,2.322,2.411,5.128,4.332,NA,NA
886,12/9/2014,263,H0392,M,0.42,TW,25.628,8.581,4.604,3.456,2.541,3.701,2.543,2.535,5.486,4.735,NA,NA
1440,3/18/2015,410,H0392,M,0.71,TW,29.897,9.701,5.259,4.291,2.625,5.413,4.381,3.625,7.351,6.825,NA,NA
1802,5/13/2015,507,H0392,M,1.05,CMM,35.126,11.134,5.523,4.472,3.107,5.296,4.173,4.894,7.73,7.416,NA,NA
2231,9/10/2015,631,H0392,M,1.95,CMM,40.201,12.312,6.329,5.822,3.934,7.549,5.191,5.425,10.228,8.807,NA,NA
4569,9/25/2016,1262,H0392,M,5.12,CMM,52.162,15.389,7.73,8.105,5.416,9.289,6.766,7.286,12.861,11.133,NA,NA
451,9/9/2014,133,H0394,F,0.22,TW,19.13,6.573,4.115,NA,1.813,NA,NA,NA,3.942,3.625,NA,NA
615,10/8/2014,180,H0394,F,0.36,TW,23.65,7.619,4.218,3.309,2.201,3.003,2.14,2.307,4.884,4.41,NA,NA
865,12/4/2014,257,H0394,F,0.41,TW,26.418,8.519,4.381,3.617,2.301,3.974,2.714,2.921,5.579,4.977,NA,NA
1398,3/5/2015,397,H0394,F,0.61,CMM,29.265,9.416,4.978,4.117,2.673,4.094,3.176,3.612,6.165,5.935,NA,NA
1771,5/6/2015,499,H0394,F,0.83,CMM,31.605,9.687,4.939,4.302,2.828,4.888,3.107,3.85,6.862,7.115,NA,NA
2180,9/3/2015,617,H0394,F,1.02,CMM,35.396,11.11,4.718,4.737,3.874,5.265,3.744,4.007,8.015,7.37,NA,NA
4575,9/25/2016,1265,H0394,F,1.52,CMM,39.27,11.389,5.525,4.662,4.474,6.004,3.704,4.284,8.462,7.803,NA,NA
490,9/18/2014,146,H0395,M,0.23,TW,20.502,6.947,4.019,2.809,2.032,NA,1.963,2.135,4.036,3.693,NA,NA
607,10/8/2014,178,H0395,M,0.32,TW,24.149,7.637,4.136,3.192,2.201,3.106,2.418,2.482,4.823,4.227,NA,NA
882,12/9/2014,262,H0395,M,0.43,TW,26.243,8.649,4.694,3.928,2.664,3.645,2.638,2.819,5.435,5.016,NA,NA
1443,3/18/2015,410,H0395,M,0.77,TW,29.968,9.565,5.245,NA,2.737,4.951,4.053,3.42,7.101,6.759,NA,NA
1751,5/6/2015,493,H0395,M,0.94,CMM,33.878,10.776,5.505,4.969,3.493,5.587,3.659,3.558,7.865,6.617,NA,NA
2232,9/10/2015,631,H0395,M,2.22,CMM,41.321,12.607,6.191,6.234,3.875,6.933,5.141,5.498,10.002,8.489,NA,NA
4570,9/25/2016,1262,H0395,M,5.19,CMM,57.656,16.1,8.049,7.727,6.024,10.62,7.47,8.215,13.098,11.014,NA,NA
452,9/9/2014,134,H0396,M,0.27,TW,20.102,6.653,3.864,2.868,1.841,2.722,NA,NA,4.129,3.547,NA,NA
619,10/8/2014,181,H0396,M,0.48,TW,24.72,8.743,4.696,3.922,2.601,3.478,2.491,2.532,5.082,4.444,NA,NA
869,12/4/2014,258,H0396,M,0.44,TW,27.134,8.811,4.932,4.03,2.376,3.364,2.763,2.93,6.096,5.006,NA,NA
1401,3/5/2015,397,H0396,M,0.76,CMM,31.316,10.187,5.365,4.337,2.812,3.874,3.104,3.733,7.211,6.378,NA,NA
1768,5/6/2015,498,H0396,M,1.03,CMM,35.466,11.275,5.108,4.481,3.394,4.997,3.608,4.488,7.686,7.258,NA,NA
2182,9/3/2015,617,H0396,M,1.54,CMM,39.288,12.495,5.497,5.26,3.528,6.158,4.788,5.108,9.371,8.244,NA,NA
4576,9/25/2016,1265,H0396,M,5.63,CMM,51.256,14.529,8.716,7.833,5.887,8.95,5.703,6.531,11.512,10.317,NA,NA
444,9/9/2014,131,H0397,M,0.26,TW,20.469,7.122,4.158,3.104,2.377,3.042,1.881,2.01,3.946,3.407,AS - Remeasured Humerus and Ulna,RM Set 1
614,10/8/2014,180,H0397,M,0.4,TW,24.616,8.087,4.616,3.465,2.357,2.797,2.298,2.332,4.809,4.251,NA,NA
862,12/4/2014,256,H0397,M,0.39,TW,25.715,8.648,4.779,3.935,2.659,3.978,2.156,2.28,5.642,4.801,NA,NA
1396,3/5/2015,396,H0397,M,0.5,CMM,29.069,9.866,4.575,3.643,2.803,3.653,3.216,3.489,6.162,5.503,NA,NA
1776,5/6/2015,500,H0397,M,0.75,CMM,30.734,9.887,5.104,4.597,3.059,4.731,3.244,4.001,6.635,6.091,NA,NA
2236,9/10/2015,632,H0397,M,1.74,CMM,37.742,11.688,6.134,5.5,3.386,5.725,4.434,4.832,8.965,7.837,NA,NA
4574,9/25/2016,1264,H0397,M,5.56,CMM,53.252,15.972,8.353,8.234,5.514,8.71,6.358,7.32,13.169,11.429,NA,NA
447,9/9/2014,132,H0398,F,0.22,TW,19.732,6.358,3.805,2.801,2.193,2.725,1.472,1.469,3.765,3.248,AS - Remeasured Humerus,RM Set 1
1763,5/6/2015,496,H0398,F,0.72,AN,32.883,9.505,4.451,3.869,2.709,4.104,3.703,4.314,6.655,6.01,AS - Remeasured Radius and Ulna,RM Set 1
609,10/8/2014,179,H0398,F,0.39,TW,22.044,7.691,4.239,3.513,2.267,3.245,NA,NA,4.553,3.854,NA,NA
866,12/4/2014,257,H0398,F,0.38,TW,25.027,8.064,4.463,3.703,2.5,3.357,2.715,2.572,5.361,4.528,NA,NA
1391,3/5/2015,395,H0398,F,0.55,CMM,28.644,9.177,4.797,3.688,2.516,3.927,3.216,3.478,6.083,5.973,NA,NA
2234,9/10/2015,632,H0398,F,1.43,CMM,35.016,10.412,5.099,4.556,3.056,4.927,NA,NA,7.571,6.833,NA,NA
4572,9/25/2016,1263,H0398,F,1.51,CMM,37.622,11.269,5.451,4.764,4.244,6.156,4.25,4.596,8.114,7.242,NA,NA
450,9/9/2014,133,H0399,F,0.26,TW,20.827,7.009,3.754,2.862,1.84,2.46,1.882,2.17,3.954,3.757,NA,NA
546,10/1/2015,160,H0399,F,0.31,TW,23.627,7.767,3.969,3.322,2.485,2.545,2.145,2.328,4.631,3.851,NA,NA
870,12/4/2014,259,H0399,F,0.46,TW,26.447,8.554,4.394,3.595,2.373,3.201,2.13,2.547,5.451,4.773,NA,NA
1403,3/5/2015,398,H0399,F,0.56,CMM,27.852,8.968,4.746,3.879,2.514,3.947,2.697,3.135,6.026,5.681,NA,NA
1772,5/6/2015,499,H0399,F,0.76,CMM,29.191,9.242,4.724,4.115,2.72,4.208,3.23,3.623,6.248,5.694,NA,NA
2183,9/3/2015,618,H0399,F,1.19,CMM,35.822,10.91,4.963,4.839,3.668,5.375,4.02,4.448,7.688,7.135,NA,NA
4578,9/25/2016,1266,H0399,F,1.59,CMM,38.944,11.671,5.664,5.196,4.449,6.02,4.472,5.391,8.442,7.403,NA,NA
1767,5/6/2015,497,H0400,F,0.96,CMM,34.851,10.437,4.92,4.525,3.17,5.151,4.074,4.442,7.272,7.26,JG remeasured SVL; Corrected mass from data sheet,Mass/SVL check
443,9/9/2014,131,H0400,F,0.25,TW,21.415,6.825,3.863,2.888,2.071,2.43,1.885,1.804,3.843,3.621,NA,NA
616,10/8/2014,181,H0400,F,0.33,TW,24.163,7.521,4.499,3.549,2.282,3.321,2.441,2.672,4.655,4.315,NA,NA
868,12/4/2014,258,H0400,F,0.39,TW,25.957,8.053,4.375,3.453,2.434,3.536,2.979,2.966,5.269,4.839,NA,NA
1402,3/5/2015,398,H0400,F,0.67,CMM,29.606,9.816,4.906,4.424,3.111,3.902,3.228,3.757,6.526,6.206,NA,NA
2181,9/3/2015,617,H0400,F,1.47,CMM,36.091,10.985,5.191,5.244,3.964,5.909,4.139,4.381,8.321,7.73,NA,NA
4577,9/25/2016,1266,H0400,F,1.77,CMM,40.273,11.325,6.102,5.715,4.316,6.346,4.427,4.675,8.564,7.357,NA,NA
492,9/18/2014,147,H0401,F,0.31,TW,22.695,7.114,3.993,NA,2.266,2.766,2.067,2.166,3.956,3.717,NA,NA
604,10/8/2014,178,H0401,F,0.32,TW,24.776,8.048,4.25,3.509,2.226,3.018,2.333,2.409,4.881,4.285,NA,NA
880,12/9/2014,262,H0401,F,0.37,TW,26.201,8.348,4.595,3.505,2.268,3.636,2.286,2.586,5.275,4.751,NA,NA
1393,3/5/2015,395,H0401,F,0.6,CMM,29.399,9.189,5.432,4.444,2.582,4.302,3.116,3.45,6.172,5.793,NA,NA
1765,5/6/2015,497,H0401,F,0.9,CMM,33.715,10.041,4.867,4.575,3.063,4.933,3.646,4.204,7.221,6.771,NA,NA
2233,9/10/2015,631,H0401,F,1.51,CMM,36.772,10.933,5.544,5.294,3.475,5.908,4.294,4.647,7.982,7.316,NA,NA
4571,9/25/2016,1263,H0401,F,2.48,CMM,45.016,12.667,6.144,6.213,4.412,6.597,4.913,5.453,10.073,8.55,NA,NA
1762,5/6/2015,496,H0402,M,0.89,AN,32.516,10.034,5.035,4.909,3.196,5.552,3.654,4.194,7.441,6.771,JG remeasured SVL; Corrected mass from data sheet,Mass/SVL check
496,9/18/2014,148,H0402,M,0.28,TW,21.888,7.266,3.934,3.072,1.973,2.905,NA,NA,4.122,3.68,NA,NA
605,10/8/2014,178,H0402,M,0.35,TW,24.079,7.731,4.524,3.743,2.044,3.354,NA,NA,4.776,4.363,NA,NA
879,12/9/2014,262,H0402,M,0.42,TW,27.083,8.87,4.594,3.461,2.24,3.577,2.643,2.907,5.635,5.038,NA,NA
1395,3/5/2015,396,H0402,M,0.6,CMM,30.062,9.847,5.573,3.968,3.086,3.686,3.038,3.212,7.028,6.131,NA,NA
454,9/9/2014,134,H0403,F,0.25,TW,19.915,6.737,3.407,NA,1.815,2.173,NA,NA,3.877,3.501,NA,NA
613,10/8/2014,180,H0403,F,0.32,TW,22.488,7.521,4.439,3.681,2.346,2.953,2.231,2.317,4.537,3.878,NA,NA
864,12/4/2014,257,H0403,F,0.34,TW,24.352,7.904,4.397,3.257,2.273,3.025,2.258,2.324,5.177,4.593,NA,NA
1397,3/5/2015,396,H0403,F,0.44,CMM,26.652,8.75,4.86,3.631,2.49,4.272,3.027,3.377,5.742,5.223,NA,NA
1775,5/6/2015,500,H0403,F,0.61,CMM,29.94,9.561,4.534,3.837,2.512,4.755,2.82,3.339,6.179,5.889,NA,NA
501,9/18/2014,149,H0404,M,0.26,TW,21.333,6.936,4.169,3.098,2.282,2.711,2.2,2.384,4.606,4.048,NA,NA
602,10/8/2014,177,H0404,M,0.34,TW,22.71,7.482,4.355,3.392,2.023,2.672,1.91,2.062,4.816,4.117,NA,NA
885,12/9/2014,263,H0404,M,0.38,TW,25.537,8.268,4.441,3.73,2.119,3.115,2.401,2.424,5.288,4.609,NA,NA
1442,3/18/2015,410,H0404,M,0.64,TW,30.101,9.202,5.326,3.759,2.433,4.304,4.035,3.418,7.006,6.973,NA,NA
1803,5/13/2015,507,H0404,M,0.87,CMM,32.423,9.578,5.27,4.476,2.803,4.88,3.522,4.064,6.712,6.606,NA,NA
488,9/18/2014,146,H0405,M,0.26,TW,21.616,6.876,3.935,2.936,1.805,2.359,2.032,2.13,4.006,3.922,NA,NA
606,10/8/2014,178,H0405,M,0.33,TW,23.978,7.785,4.44,3.25,2.232,3.095,2.137,2.25,4.543,4.054,NA,NA
881,12/9/2014,262,H0405,M,0.41,TW,26.519,8.725,4.771,3.501,2.456,3.377,2.53,2.624,5.239,4.877,NA,NA
1441,3/18/2015,410,H0405,M,0.72,TW,31.244,9.937,5.25,3.989,2.584,5.14,4.126,3.644,7.027,7.214,NA,NA
1752,5/6/2015,493,H0405,M,0.84,CMM,31.842,10.029,5.381,4.444,3.296,4.808,3.433,4.035,7.207,6.6,NA,NA
448,9/9/2014,132,H0406,F,0.17,TW,18.351,6.962,2.346,2.959,2.056,2.202,1.945,2.145,3.588,3.35,"AS - Remeasured Head Length, Head Witdh, Pectoral, and Pelvic",RM Set 1
610,10/8/2014,179,H0406,F,0.37,TW,25.331,8.374,4.388,3.532,2.389,3.094,2.39,2.525,4.882,4.264,NA,NA
859,12/4/2014,256,H0406,F,0.34,TW,24.345,8.177,4.254,3.438,2.227,3.088,2.034,2.163,4.966,4.374,NA,NA
1394,3/5/2015,396,H0406,F,0.57,CMM,27.961,9.489,4.775,3.858,2.761,3.819,3.095,3.14,5.94,5.608,NA,NA
1774,5/6/2015,500,H0406,F,0.82,CMM,30.614,9.793,5.142,4.251,2.923,5.151,3.154,3.641,6.795,6.473,NA,NA
442,9/9/2014,131,H0407,F,0.21,TW,20.131,6.596,4.209,2.825,1.98,NA,1.587,1.65,3.949,3.245,NA,NA
608,10/8/2014,179,H0407,F,0.35,TW,24.603,8.059,4.404,3.655,2.399,2.996,2.303,2.437,4.751,4.312,NA,NA
861,12/4/2014,256,H0407,F,0.37,TW,25.66,8.154,4.646,3.43,2.29,3.164,1.941,2.183,5.519,4.84,NA,NA
1390,3/5/2015,395,H0407,F,0.63,CMM,29.827,9.467,4.987,4.344,3.104,4.591,3.52,3.532,6.493,5.93,NA,NA
1770,5/6/2015,498,H0407,F,0.93,CMM,33.432,10.45,5.523,4.438,2.913,4.858,3.765,4.06,7.867,7.378,NA,NA
445,9/9/2014,132,H0409,M,0.24,TW,20.77,6.584,3.944,2.747,2.05,2.305,1.69,1.774,3.607,3.381,NA,NA
612,10/8/2014,180,H0409,M,0.36,TW,24.042,7.81,4.18,3.139,2.108,3.337,2.376,2.505,4.653,4.313,NA,NA
871,12/4/2014,259,H0409,M,0.38,TW,25.825,8.296,4.517,3.708,2.577,3.438,2.465,2.69,5.17,4.733,NA,NA
1400,3/5/2015,397,H0409,M,0.54,CMM,27.915,9.099,4.695,4.039,2.84,3.621,2.984,3.382,5.96,5.426,NA,NA
1766,5/6/2015,497,H0409,M,0.73,CMM,31.534,9.992,4.911,4.085,2.749,4.432,3.458,3.952,6.755,6.63,NA,NA
441,9/9/2014,131,H0410,M,0.26,TW,20.903,6.962,4.224,3.558,2.298,2.545,1.91,1.684,3.969,3.515,NA,NA
618,10/8/2014,181,H0410,M,0.34,TW,25.291,8.261,4.421,3.368,2.251,3.215,2.176,2.23,4.724,4.386,NA,NA
863,12/4/2014,257,H0410,M,0.41,TW,26.618,8.431,4.53,3.594,2.663,3.86,2.792,3.011,5.446,4.868,NA,NA
1392,3/5/2015,395,H0410,M,0.54,CMM,29.043,9.461,5.074,4.151,2.399,4.113,2.84,2.998,5.973,5.686,NA,NA
1769,5/6/2015,498,H0410,M,0.73,CMM,31.044,9.75,5.026,4.351,3.306,4.413,3.003,3.723,7.048,6.256,NA,NA
513,9/24/2014,152,H0411,M,0.31,TW,20.882,6.864,4.201,NA,2.057,2.555,NA,NA,4.265,3.687,NA,NA
667,10/16/2014,197,H0411,M,0.37,TW,24.827,7.978,4.764,3.773,2.402,3.577,2.322,2.332,5.119,4.432,NA,NA
933,12/17/2014,279,H0411,M,0.43,TW,27.528,8.845,4.803,NA,2.33,3.685,2.726,2.841,5.988,5.243,NA,NA
1478,3/23/2015,418,H0411,M,0.93,TW,33.23,9.311,6.4,4.412,3.003,5.428,3.909,4.215,7.802,7.318,NA,NA
1851,5/27/2015,521,H0411,M,1.32,CMM,37.836,11.399,5.995,5.571,3.173,5.464,4.008,4.755,8.663,7.761,NA,NA
2273,9/17/2015,641,H0411,M,1.86,CMM,41.72,12.188,6.28,6.067,3.551,7.448,4.251,4.802,10.574,8.595,NA,NA
4602,11/13/2016,1278,H0411,M,5.78,CMM,57.353,15.911,8.229,8.248,6.088,10.162,7.273,8.004,14.221,11.577,NA,NA
497,9/18/2014,148,H0412,M,0.27,TW,20.497,7.022,4.011,3.168,1.928,2.563,2.086,2.402,3.86,3.72,NA,NA
657,10/16/2014,193,H0412,M,0.34,TW,23.683,7.831,4.444,3.317,2.406,3.116,2.418,2.461,4.934,4.216,NA,NA
893,12/9/2014,265,H0412,M,0.42,TW,26.685,8.536,4.376,3.558,2.577,3.61,2.812,3.143,5.629,4.732,NA,NA
1431,3/18/2015,407,H0412,M,0.61,TW,29.441,9.343,5.12,NA,2.79,4.731,3.669,4.331,6.58,6.907,NA,NA
1794,5/13/2015,505,H0412,M,0.88,CMM,32.357,10.234,5.306,4.735,3.062,5.404,3.844,4.083,7.528,6.903,NA,NA
2223,9/10/2015,628,H0412,M,1.44,CMM,37.13,11.133,5.621,5.304,3.648,5.436,4.45,4.578,8.683,7.905,NA,NA
4607,11/13/2016,1280,H0412,M,5.34,CMM,53.703,14.997,8.314,8.422,5.651,10.106,7.081,7.263,12.634,11.224,NA,NA
512,9/24/2014,152,H0413,M,0.28,TW,20.999,7.031,4.041,3.067,1.989,2.718,2.238,2.395,4.302,3.814,NA,NA
668,10/16/2014,197,H0413,M,0.34,TW,23.519,7.569,4.361,3.206,2.23,3.016,2.518,2.488,5.222,4.588,NA,NA
931,12/17/2014,278,H0413,M,0.39,TW,26.101,8.516,4.702,3.519,2.448,4.017,2.882,2.976,5.895,5.178,NA,NA
1477,3/23/2015,418,H0413,M,0.76,TW,30.977,9.912,5.813,4.117,2.769,5.648,3.907,4.032,7.169,6.428,NA,NA
1829,5/27/2015,515,H0413,M,1.05,CMM,34.196,10.273,5.607,4.729,3.073,6.053,4.34,4.71,8.239,7.63,NA,NA
522,9/24/2014,154,H0414,M,0.32,TW,20.957,7.14,4.081,3.654,2.503,2.783,2.032,2.13,4.487,3.993,NA,NA
664,10/16/2014,196,H0414,M,0.32,TW,23.204,7.361,4.416,3.386,2.304,2.871,2.319,2.451,4.878,4.265,NA,NA
929,12/17/2014,278,H0414,M,0.4,TW,26.468,8.34,4.461,3.535,2.309,3.453,2.672,2.72,5.69,5.01,NA,NA
1481,3/23/2015,419,H0414,M,0.8,TW,30.427,9.145,6.21,4.282,2.965,4.718,3.681,3.874,7.218,6.893,NA,NA
1815,5/13/2015,511,H0414,M,0.96,CMM,33.963,10.317,5.298,4.167,3.105,5.179,4.114,4.656,7.721,6.939,NA,NA
2275,9/17/2015,641,H0414,M,1.59,CMM,37.457,11.491,6.025,5.442,3.769,6.176,4.317,4.735,8.729,7.833,NA,NA
4615,11/13/2016,1284,H0414,M,4.61,CMM,52.764,13.751,8.928,7.254,5.115,8.537,4.6,5.509,12.214,11.035,NA,NA
1797,5/13/2015,506,H0415,F,1.09,CMM,32.83,9.88,5.365,4.137,3.116,3.704,2.334,2.924,7.376,6.65,AS - Remeasured Radius,RM Set 1
499,9/18/2014,148,H0415,F,0.2,TW,20.643,6.568,3.665,2.535,1.891,NA,NA,NA,3.906,3.884,NA,NA
599,10/8/2014,176,H0415,F,0.25,TW,22.097,7.289,4.017,3.184,2.395,2.779,2.163,2.303,4.331,3.942,NA,NA
889,12/9/2014,264,H0415,F,0.43,TW,25.293,7.864,4.419,3.429,2.344,3.733,2.321,2.638,5.451,4.871,NA,NA
1436,3/18/2015,409,H0415,F,0.75,TW,30.292,9.677,5.745,4.193,3.017,4.687,3.571,4.152,6.613,6.71,NA,NA
2226,9/10/2015,629,H0415,F,1.3,CMM,35.757,10.777,5.101,5.118,3.379,5.083,3.485,4.155,7.962,7.407,NA,NA
4610,11/13/2016,1281,H0415,F,1.69,CMM,40.147,11.308,5.929,5.546,4.219,6.64,4.832,4.831,8.277,6.814,NA,NA
524,9/24/2014,154,H0417,M,0.25,TW,20.82,6.753,4.229,2.865,1.943,2.65,NA,NA,3.957,3.494,NA,NA
670,10/16/2014,198,H0417,M,0.29,TW,23.047,7.458,4.499,3.389,2.189,2.919,2.193,2.112,4.945,4.059,NA,NA
937,12/17/2014,280,H0417,M,0.35,TW,27.182,8.683,4.503,3.188,2.312,3.547,2.397,2.44,5.601,4.737,NA,NA
1488,3/23/2015,421,H0417,M,0.9,TW,33.741,9.959,6.353,4.316,2.959,5.815,3.967,4.084,7.809,7.798,NA,NA
1809,5/13/2015,509,H0417,M,1.32,CMM,37.122,11.051,6.068,4.901,3.628,5.238,3.907,4.426,8.393,7.208,NA,NA
520,9/24/2014,153,H0418,F,0.12,TW,18.425,5.992,3.732,NA,1.976,2.482,NA,NA,3.651,3.235,NA,NA
498,9/18/2014,148,H0419,M,0.24,TW,21.449,NA,NA,3.189,2.149,2.852,NA,NA,4.013,3.789,NA,NA
600,10/8/2014,177,H0419,M,0.3,TW,23.725,7.842,4.154,3.271,2.214,3.189,2.31,2.388,4.604,4.15,NA,NA
884,12/9/2014,263,H0419,M,0.41,TW,25.64,8.36,4.553,3.309,2.234,3.603,2.379,NA,5.344,4.702,NA,NA
1438,3/18/2015,409,H0419,M,0.7,TW,30.313,9.866,5.634,3.988,2.862,4.244,3.419,3.694,6.734,6.957,NA,NA
1799,5/13/2015,506,H0419,M,0.84,CMM,33.074,10.463,5.08,4.244,2.808,5.046,3.498,4.088,7.665,6.821,NA,NA
2228,9/10/2015,630,H0419,M,1.82,CMM,39.467,12.085,5.776,5.521,3.783,6.136,4.557,4.83,9.205,8.236,NA,NA
4611,11/13/2016,1282,H0419,M,5.01,CMM,55.105,16.022,8.186,7.717,5.533,9.598,6.323,7.007,12.102,11.336,NA,NA
523,9/24/2014,154,H0421,M,0.29,TW,21.529,7.345,4.148,3.573,2.001,2.554,2.032,2.227,4.03,3.922,NA,NA
653,10/16/2014,192,H0421,M,0.31,TW,23.572,7.667,4.262,3.664,2.853,2.783,2.348,2.303,4.794,4.263,NA,NA
940,12/17/2014,281,H0421,M,0.34,TW,26.006,8.546,4.749,3.542,2.4,3.51,2.685,2.819,5.667,5.068,NA,NA
1493,3/23/2015,422,H0421,M,0.77,TW,30.174,9.343,6.028,4.264,2.964,5.061,3.408,3.615,6.905,7.114,NA,NA
1807,5/13/2015,508,H0421,M,0.96,CMM,34.361,11.125,5.881,4.558,2.943,5.244,4.169,4.687,7.259,6.692,NA,NA
515,9/24/2014,152,H0423,M,0.29,TW,21.346,6.661,3.814,NA,2.153,2.781,1.733,1.883,4.07,3.489,NA,NA
671,10/16/2014,198,H0423,M,0.34,TW,24.1,7.506,4.35,3.401,2.065,2.553,1.845,1.926,4.564,4.307,NA,NA
939,12/17/2014,280,H0423,M,0.44,TW,27.447,8.935,4.466,3.379,2.219,4.125,2.654,3.096,6.107,5.125,NA,NA
1489,3/23/2015,421,H0423,M,0.73,TW,31.327,9.582,5.744,4.659,3.142,4.968,3.918,4.111,7.4,7.431,NA,NA
1806,5/13/2015,508,H0423,M,1.08,CMM,35.544,10.966,5.287,4.375,3.042,5.806,4.149,4.705,7.583,6.923,NA,NA
482,9/18/2014,144,H0424,F,0.21,TW,20.7,7.498,2.004,3.129,2.012,3.369,2.396,2.625,4.362,3.875,AS - Remeasured Everything,RM Set 1
660,10/16/2014,194,H0424,F,0.31,TW,22.901,7.13,4.245,3.42,2.358,3.156,1.977,2.277,4.82,4.179,NA,NA
891,12/9/2014,265,H0424,F,0.41,TW,26.143,8.5,4.645,3.487,2.545,3.73,2.859,2.839,5.38,4.987,NA,NA
1430,3/18/2015,407,H0424,F,0.63,TW,29.58,9.384,4.818,3.654,2.426,4.739,3.033,3.79,6.539,6.542,NA,NA
1792,5/13/2015,505,H0424,F,0.71,CMM,30.149,9.523,4.859,4.116,2.729,4.212,2.823,3.123,6.442,6.11,NA,NA
663,10/16/2014,195,H0427,M,0.31,TW,24.014,7.445,4.422,3.274,2.244,3.31,1.741,2.055,4.842,4.304,NA,NA
942,12/17/2014,281,H0427,M,0.4,TW,25.509,8.229,4.654,NA,2.434,3.615,2.657,2.69,5.327,4.687,NA,NA
1486,3/23/2015,420,H0427,M,0.88,TW,32.131,10.184,6.152,4.359,2.873,4.855,3.267,3.387,7.785,6.477,NA,NA
1805,5/13/2015,508,H0427,M,1.1,CMM,35.627,11.343,5.379,4.792,3.078,5.411,4.342,4.619,8.159,7.086,NA,NA
518,9/24/2014,153,H0428,F,0.26,TW,20.132,6.483,3.986,2.838,1.982,2.552,1.738,2.052,3.962,3.646,NA,NA
665,10/16/2014,196,H0428,F,0.28,TW,23.157,7.341,4.211,3.281,2.063,3.065,2.042,1.993,4.633,4.342,NA,NA
938,12/17/2014,280,H0428,F,0.38,TW,26.065,8.115,4.409,3.412,2.356,3.552,2.778,2.922,5.655,4.991,NA,NA
1487,3/23/2015,420,H0428,F,0.81,TW,30.508,9.236,5.8,4.383,2.959,4.648,3.722,4.038,7.171,6.995,NA,NA
1819,5/13/2015,512,H0428,F,0.84,CMM,31.54,9.663,5.282,4.04,2.907,5.149,4.099,4.428,7.08,6.8,NA,NA
493,9/18/2014,147,H0429,F,0.22,TW,19.72,6.208,3.768,NA,2.029,2.777,NA,NA,4.091,3.584,NA,NA
659,10/16/2014,194,H0429,F,0.37,TW,25.07,7.967,4.35,3.43,2.104,3.33,2.4,2.668,4.789,4.495,NA,NA
892,12/9/2014,265,H0429,F,0.49,TW,26.713,8.736,4.829,4.229,2.822,4.128,2.588,2.994,5.583,5.154,NA,NA
1435,3/18/2015,408,H0429,F,0.67,TW,29.598,9.261,5.291,4.193,2.658,5.36,3.741,4.034,6.976,6.669,NA,NA
1795,5/13/2015,505,H0429,F,0.96,CMM,33.006,10.298,5.2,4.126,2.889,4.837,3.812,3.969,7.521,6.961,NA,NA
2222,9/10/2015,628,H0429,F,1.33,CMM,35.265,10.692,5.111,4.724,3.623,5.327,3.866,4.098,7.69,6.971,NA,NA
655,10/16/2014,193,H0430,M,0.33,TW,23.86,7.907,4.39,3.415,2.252,2.83,1.852,2.124,4.805,4.364,NA,NA
896,12/9/2014,266,H0430,M,0.39,TW,25.752,8.47,4.331,3.643,2.566,3.523,2.745,2.793,5.595,4.8,NA,NA
483,9/18/2014,144,H0430,M,0.26,TW,20.89111,6.67824,4.14638,3.48249,2.34177,2.56146,1.8362,1.91191,4.04202,3.6053,Remeasure - too many decimal places,NA
486,9/18/2014,145,H0431,F,0.17,TW,19.915,7,2.212,2.674,1.949,3.153,2.123,2.541,4.053,3.514,AS - Remeasured Everything,RM Set 1
596,10/8/2014,176,H0431,F,0.24,TW,22.007,7.264,4.207,3.248,2.232,2.765,1.973,2.076,4.242,3.901,NA,NA
883,12/9/2014,263,H0431,F,0.32,TW,23.339,7.509,4.092,3.146,2.152,2.629,1.947,2.35,4.791,4.438,NA,NA
1437,3/18/2015,409,H0431,F,0.57,TW,27.104,8.39,4.739,3.86,2.283,4.298,3.132,3.103,6.419,6.27,NA,NA
1798,5/13/2015,506,H0431,F,0.68,CMM,29.326,9.301,4.858,3.965,2.761,4.544,3.231,3.751,6.852,6.329,NA,NA
2230,9/10/2015,630,H0431,F,1.14,CMM,33.568,10.562,4.9,4.737,3.26,5.488,3.901,4.293,7.619,7.094,NA,NA
4614,11/13/2016,1283,H0431,F,1.65,CMM,37.687,11.424,6.018,5.549,4.514,6.55,4.645,5.011,8.214,7.499,NA,NA
525,9/24/2014,154,H0432,M,0.22,TW,20.875,6.666,3.914,2.766,2.06,2.548,1.918,2.068,4.105,3.675,NA,NA
941,12/17/2014,281,H0432,M,0.36,TW,26.283,8.096,4.443,3.293,2.289,3.337,2.587,2.599,5.682,5.042,NA,NA
1491,3/23/2015,422,H0432,M,0.65,TW,30.63,9.343,5.774,4.295,2.758,5.304,3.355,3.013,7.273,6.126,NA,NA
1808,5/13/2015,509,H0432,M,0.9,CMM,32.985,9.692,5.475,4.266,3.024,5.266,4.207,4.675,7.606,6.95,NA,NA
485,9/18/2014,145,H0433,M,0.25,TW,21.788,7.396,2.292,3.019,2.004,2.741,1.96,2.362,4.207,3.779,AS - Remeasured Everything,RM Set 1
654,10/16/2014,192,H0433,M,0.36,TW,25.406,8.346,4.444,3.393,2.244,3.087,NA,NA,5.018,4.539,NA,NA
897,12/9/2014,266,H0433,M,0.5,TW,29.128,9.293,4.738,3.834,2.769,4.371,3.02,3.15,5.731,5.481,NA,NA
1428,3/18/2015,407,H0433,M,0.89,TW,32.718,10.444,5.141,4.411,2.781,6.2,3.775,4.533,7.009,6.505,NA,NA
1810,5/13/2015,509,H0433,M,1.22,CMM,37.138,11.644,5.582,4.835,3.181,5.381,4.683,5.507,8.322,7.935,NA,NA
2279,9/17/2015,643,H0433,M,2.33,CMM,42.264,12.894,6.482,6.434,3.945,7.699,5.52,5.885,10.173,8.833,NA,NA
4606,11/13/2016,1280,H0433,M,6.17,CMM,58.351,15.102,9.054,8.841,6.432,10.918,7.412,8.166,13.454,11.557,NA,NA
491,9/18/2014,146,H0435,M,0.23,TW,21.407,6.97,3.872,2.779,1.938,2.253,1.821,1.872,4.043,3.823,NA,NA
598,10/8/2014,176,H0435,M,0.38,TW,24.511,7.967,4.529,3.564,2.297,3.335,2.428,2.544,4.824,4.462,NA,NA
890,12/9/2014,264,H0435,M,0.37,TW,25.511,8.254,4.525,3.548,2.544,3.568,2.765,2.89,5.198,4.834,NA,NA
1439,3/18/2015,409,H0435,M,0.7,TW,30.118,9.618,5.626,3.962,2.791,4.932,3.447,3.889,7.081,6.807,NA,NA
1800,5/13/2015,507,H0435,M,0.84,CMM,31.38,9.775,5.334,4.204,2.944,4.725,3.448,4.134,7.131,6.589,NA,NA
2229,9/10/2015,630,H0435,M,1.68,CMM,39.233,12.505,5.689,5.376,3.847,6.188,4.817,5.168,9.334,8.445,NA,NA
4613,11/13/2016,1283,H0435,M,6.76,CMM,56.136,15.717,10.468,8.409,6.548,10.833,7.293,8.237,13.687,12.452,NA,NA
1482,3/23/2015,419,H0436,M,0.78,TW,30.794,9.757,5.983,4.401,2.837,5.206,3.841,4.162,7.003,6.457,AS - Remeasured Tibia,RM Set 1
511,9/24/2014,151,H0436,M,0.3,TW,20.949,7.062,3.782,3.303,2.292,2.811,2.101,2.201,4.261,3.72,NA,NA
662,10/16/2014,195,H0436,M,0.35,TW,23.172,7.351,4.527,3.4,2.299,2.981,2.176,2.319,5.102,4.515,NA,NA
932,12/17/2014,279,H0436,M,0.43,TW,26.973,8.998,4.644,NA,2.336,3.585,3.058,3.065,5.892,5.151,NA,NA
1828,5/27/2015,515,H0436,M,1.08,CMM,35.013,11.119,5.154,4.819,3.093,5.788,4.341,4.845,8.063,7.741,NA,NA
2274,9/17/2015,641,H0436,M,1.91,CMM,39.579,12.55,6.276,5.826,4.039,6.337,4.52,4.902,9.28,8.416,NA,NA
4601,11/13/2016,1277,H0436,M,5.42,CMM,51.294,14.145,9.925,7.921,5.784,9.827,6.524,6.525,12.163,10.258,NA,NA
517,9/24/2014,153,H0437,F,0.26,TW,20.219,6.866,3.742,3.219,1.996,2.325,1.769,1.751,3.827,3.525,NA,NA
666,10/16/2014,196,H0437,F,0.28,TW,22.833,7.189,4.114,3.109,2.099,3.154,2.069,2.148,4.182,3.852,NA,NA
936,12/17/2014,280,H0437,F,0.46,TW,26.461,8.575,4.33,3.45,2.325,3.535,2.482,2.687,5.467,4.743,NA,NA
1484,3/23/2015,419,H0437,F,0.8,TW,30.223,9.662,5.953,4.191,2.744,4.369,2.983,3.571,6.88,6.651,NA,NA
1816,5/13/2015,511,H0437,F,1,CMM,33.009,9.985,5.205,4.581,2.842,4.266,3.154,3.757,7.602,7.255,NA,NA
2276,9/17/2015,642,H0437,F,1.52,CMM,36.859,11.126,5.279,4.85,3.827,5.684,3.55,3.981,8.038,7.147,NA,NA
4603,11/13/2016,1279,H0437,F,1.65,CMM,39.747,11.966,5.81,4.94,4.202,6.27,4.175,4.653,8.229,7.193,NA,NA
521,9/24/2014,153,H0438,M,0.3,TW,21.631,6.817,4.23,3.375,2.231,2.721,NA,1.894,4.262,3.731,NA,NA
661,10/16/2014,195,H0438,M,0.3,TW,24.276,7.932,4.377,3.226,2.163,3.184,2.251,2.265,4.661,4.144,NA,NA
926,12/17/2014,277,H0438,M,0.44,TW,26.46,8.382,4.641,3.495,2.401,3.12,2.194,2.18,5.581,4.896,NA,NA
1485,3/23/2015,420,H0438,M,0.79,TW,31.315,9.372,6.049,4.39,3.03,5.237,3.863,3.961,7.252,6.865,NA,NA
1818,5/13/2015,512,H0438,M,1.03,CMM,33.195,10.244,5.563,4.719,2.863,5.045,3.706,4.197,7.6,7.006,NA,NA
489,9/18/2014,146,H0439,M,0.18,TW,19.205,6.409,3.62,2.392,1.772,2.204,NA,NA,3.61,3.277,NA,NA
597,10/8/2014,176,H0439,M,0.3,TW,23.061,7.399,4.306,3.385,2.119,3.23,2.2,2.325,4.578,4.033,NA,NA
888,12/9/2014,264,H0439,M,0.45,TW,25.768,8.433,4.5,4.084,2.861,3.445,2.308,2.717,5.606,4.873,NA,NA
1432,3/18/2015,408,H0439,M,0.57,TW,28.71,9.092,5.265,3.839,2.402,4.884,3.304,4.008,6.812,6.655,NA,NA
1801,5/13/2015,507,H0439,M,0.8,CMM,30.406,9.192,5.326,4.264,2.589,4.567,3.248,3.628,7.012,6.464,NA,NA
2227,9/10/2015,629,H0439,M,1.65,CMM,38.267,11.347,5.826,5.605,3.986,6.4,4.248,4.741,8.752,7.859,NA,NA
4609,11/13/2016,1281,H0439,M,5.5,CMM,55.487,14.939,8.363,7.936,6.174,9.986,6.846,7.384,13.29,11.883,NA,NA
519,9/24/2014,153,H0440,M,0.27,TW,20.271,6.49,3.982,3.134,2.017,2.285,1.742,1.795,4.006,3.646,NA,NA
669,10/16/2014,197,H0440,M,0.32,TW,22.833,7.452,4.124,3.072,2.233,2.88,2.036,2.148,4.622,4.082,NA,NA
930,12/17/2014,278,H0440,M,0.35,TW,24.965,8.121,4.567,NA,2.361,2.935,2.179,2.365,5.181,4.711,NA,NA
1490,3/23/2015,421,H0440,M,0.67,TW,30.234,9.286,5.607,4.04,2.858,4.952,3.444,3.806,6.979,6.984,NA,NA
1804,5/13/2015,508,H0440,M,0.91,CMM,32.644,10.388,5.035,4.094,3.1,4.819,3.632,4.124,7.202,6.481,NA,NA
2277,9/17/2015,642,H0440,M,1.46,CMM,36.827,11.438,5.87,NA,3.567,6.015,4.289,4.535,8.78,7.789,NA,NA
4604,11/13/2016,1279,H0440,M,4.8,CMM,53.894,15.068,7.705,7.347,5.41,9.296,6.721,7.586,12.168,11.251,NA,NA
658,10/16/2014,194,H0441,F,0.28,TW,23.425,7.489,4.245,3.208,2.284,2.963,2.304,2.535,4.619,4.248,NA,NA
895,12/9/2014,266,H0441,F,0.37,TW,23.933,7.855,4.357,3.206,2.469,3.429,2.594,2.801,5.023,4.497,NA,NA
1429,3/18/2015,407,H0441,F,0.67,TW,27.811,8.83,5.141,4.53,2.925,4.559,NA,3.615,6.64,6.343,NA,NA
1811,5/13/2015,509,H0441,F,0.75,CMM,30.583,10.008,4.823,4.149,2.713,4.477,3.584,4.066,6.626,6.206,NA,NA
2278,9/17/2015,642,H0441,F,1.42,CMM,35.438,11.138,5.169,4.89,3.916,6.195,3.846,4.098,8.006,7.85,NA,NA
4605,11/13/2016,1279,H0441,F,1.45,CMM,38.947,11.808,5.888,5.051,4.524,5.882,4.367,4.793,8.885,7.808,NA,NA
487,9/18/2014,145,H0441,F,0.2,TW,20.47962,6.8658,3.98097,2.99743,2.17212,2.50072,1.81743,1.54135,3.81939,3.48764,Remeasure - too many decimal places,NA
494,9/18/2014,147,H0443,F,0.25,TW,20.522,6.686,3.802,2.882,2.246,NA,NA,NA,4.044,3.474,NA,NA
601,10/8/2014,177,H0443,F,0.33,TW,23.498,7.495,4.55,3.54,2.243,3.172,2.325,2.406,4.884,4.127,NA,NA
887,12/9/2014,264,H0443,F,0.45,TW,27.065,8.53,4.417,3.998,2.818,3.8,2.775,2.901,5.427,4.847,NA,NA
1433,3/18/2015,408,H0443,F,0.59,TW,29.723,9.119,5.2,4.211,2.418,4.836,3.785,4.271,6.376,6.251,NA,NA
1796,5/13/2015,506,H0443,F,0.89,CMM,31.955,9.607,5.19,4.313,2.955,4.901,3.732,4.085,7.127,6.625,NA,NA
2225,9/10/2015,629,H0443,F,1.23,CMM,34.859,10.724,5.132,4.475,3.637,5.369,3.391,3.912,7.436,6.809,NA,NA
4612,11/13/2016,1282,H0443,F,2.02,CMM,40.804,11.825,6.239,5.76,4.68,6.763,3.865,4.55,8.604,7.953,NA,NA
516,9/24/2014,152,H0444,F,0.29,TW,21.24,6.816,4.004,NA,2.093,2.868,NA,NA,3.907,3.602,NA,NA
672,10/16/2014,198,H0444,F,0.26,TW,22.745,7.24,4.038,3.101,2.102,2.817,1.946,2.095,4.684,3.996,NA,NA
935,12/17/2014,279,H0444,F,0.44,TW,25.369,8.604,4.499,3.619,2.411,3.809,2.581,NA,5.504,4.755,NA,NA
1483,3/23/2015,419,H0444,F,0.63,TW,29.739,8.566,5.786,NA,2.326,4.456,3.219,3.552,6.621,6.196,NA,NA
1817,5/13/2015,511,H0444,F,0.8,CMM,29.763,9.478,4.796,4.019,2.654,4.831,2.804,3.085,6.028,5.979,NA,NA
500,9/18/2014,149,H0445,F,0.2,TW,19.646,6.337,3.814,2.854,1.721,2.705,NA,NA,3.711,3.439,NA,NA
656,10/16/2014,193,H0445,F,0.27,TW,22.712,7.264,4.08,3.208,2.286,2.768,2.355,2.401,4.527,4.011,NA,NA
894,12/9/2014,265,H0445,F,0.33,TW,24.937,8.291,4.252,NA,2.288,3.616,2.346,2.589,5.143,4.534,NA,NA
1434,3/18/2015,408,H0445,F,0.53,TW,27.121,8.666,4.98,3.97,2.439,4.678,3.083,3.392,6.521,5.924,NA,NA
1793,5/13/2015,505,H0445,F,0.69,CMM,31.132,9.745,4.858,4.265,2.787,4.811,3.597,4.435,6.988,6.285,NA,NA
2224,9/10/2015,628,H0445,F,1.14,CMM,34.335,10.371,5.147,4.893,3.721,5.454,3.434,3.695,7.903,7.111,NA,NA
4608,11/13/2016,1281,H0445,F,1.44,CMM,39.007,11.39,5.737,5.44,4.718,5.998,4.2,4.693,8.52,7.305,NA,NA
557,10/1/2015,163,H0446,M,0.25,TW,20.601,6.858,4.131,3.039,1.971,2.442,1.387,1.569,3.964,3.338,NA,NA
685,10/21/2014,203,H0446,M,0.28,TW,21.663,7.055,4.211,3.231,2.289,2.739,1.74,1.915,4.511,4.038,NA,NA
1020,1/1/2015,301,H0446,M,0.31,TW,24.463,8.062,4.368,3.33,2.418,3.436,2.623,2.689,5.432,4.62,NA,NA
1496,3/25/2015,423,H0446,M,0.73,CMM,30.583,9.933,5.375,4.099,2.899,4.008,3.58,4.033,6.522,5.896,NA,NA
1842,5/27/2015,518,H0446,M,1.05,CMM,34.453,11.127,4.855,4.649,2.86,5.027,4.025,4.599,7.722,7.398,NA,NA
2310,9/24/2015,652,H0446,M,1.51,CMM,39.12,11.966,5.93,5.32,3.782,6.224,4.186,5.055,9.727,8.54,NA,NA
509,9/24/2014,151,H0447,F,0.18,TW,19.932,6.555,3.741,3.176,2.067,2.547,NA,NA,3.879,3.487,NA,NA
681,10/21/2014,202,H0447,F,0.33,TW,22.609,7.158,4.157,3.3,2.094,2.737,1.901,1.879,4.698,3.949,NA,NA
945,12/17/2014,282,H0447,F,0.49,TW,26.738,8.299,4.835,3.804,2.525,3.833,2.395,2.582,5.782,4.933,NA,NA
1472,3/23/2015,416,H0447,F,0.92,TW,30.648,9.256,5.738,4.501,3.22,4.468,3.468,3.553,6.877,6.493,NA,NA
1826,5/27/2015,514,H0447,F,1.17,CMM,33.672,10.361,5.092,4.79,3.396,5.071,3.879,4.08,7.501,6.783,NA,NA
2347,9/24/2015,661,H0447,F,1.38,CMM,35.632,10.891,4.998,4.718,3.524,5.199,3.255,3.835,7.827,7.023,NA,NA
4660,11/17/2016,1298,H0447,F,1.74,CMM,40.595,11.54,7.396,5.346,3.574,5.89,3.885,4.085,8.51,7.345,NA,NA
550,10/1/2015,162,H0448,F,0.21,TW,20.82,7.419,3.645,2.729,1.976,2.052,1.872,1.906,3.896,3.466,NA,NA
686,10/21/2014,203,H0448,F,0.28,TW,22.393,7.308,4.256,3.248,2.139,2.741,2.132,2.148,4.571,3.974,NA,NA
1018,1/1/2015,300,H0448,F,0.4,TW,25.878,8.01,4.288,3.303,2.222,3.394,2.398,2.641,5.162,4.656,NA,NA
1498,3/25/2015,423,H0448,F,0.76,CMM,30.024,9.757,5.502,4.241,3.098,3.948,3.165,3.764,6.305,5.985,NA,NA
1843,5/27/2015,518,H0448,F,1.03,CMM,33.59,10.407,4.71,4.375,2.847,4.274,3.382,4.036,7.308,6.608,NA,NA
2308,9/24/2015,651,H0448,F,1.25,CMM,35.62,10.899,4.955,4.752,3.14,5.488,3.323,3.916,7.449,7.097,NA,NA
4653,11/17/2016,1296,H0448,F,1.52,CMM,38.329,10.975,7.03,5.465,4.159,6.197,4.144,4.306,8.696,7.275,NA,NA
555,10/1/2015,163,H0449,F,0.26,TW,20.37,6.625,4.379,3.186,2.128,2.345,1.677,1.897,4.032,3.346,NA,NA
682,10/21/2014,202,H0449,F,0.32,TW,22.758,7.261,4.397,NA,2.229,3.347,2.449,2.435,4.313,4.245,NA,NA
1021,1/1/2015,301,H0449,F,0.41,TW,26.236,8.54,4.412,3.854,2.435,3.84,2.808,3.051,5.512,4.787,NA,NA
1495,3/25/2015,423,H0449,F,0.72,CMM,29.982,9.574,4.839,4.196,2.915,4.367,3.171,3.595,6.259,5.691,NA,NA
1841,5/27/2015,518,H0449,F,0.96,CMM,31.502,9.699,5.075,4.807,3.058,4.833,3.977,4.416,7.008,6.587,NA,NA
2311,9/24/2015,652,H0449,F,1.34,CMM,35.649,11.151,5.135,5.128,3.551,5.633,4.341,4.945,8.665,7.218,NA,NA
4655,11/17/2016,1297,H0449,F,1.78,CMM,40.033,11.472,7.739,5.821,4.359,6.308,3.348,4.14,8.692,7.337,not ideal written ,NA
510,9/24/2014,151,H0450,F,0.24,TW,19.948,7.107,3.283,3.187,1.97,2.801,NA,NA,3.709,3.465,NA,NA
673,10/21/2014,200,H0450,F,0.29,TW,22.549,7.489,4.182,3.329,2.362,2.764,2.298,2.388,4.585,3.946,NA,NA
951,12/17/2014,284,H0450,F,0.36,TW,27.078,8.527,4.535,3.538,2.438,3.777,3.248,3.1,5.858,5.222,NA,NA
1479,3/23/2015,418,H0450,F,0.72,TW,29.414,8.842,5.821,NA,2.783,4.1,2.885,3.374,6.52,6.318,NA,NA
1844,5/27/2015,519,H0450,F,1.03,CMM,32.319,9.745,4.813,4.109,3.059,4.838,3.018,3.263,6.614,6.014,NA,NA
2269,9/17/2015,639,H0450,F,1.31,CMM,34.596,10.388,4.901,5.293,3.389,5.675,3.663,3.925,8.161,7.182,NA,NA
4662,11/17/2016,1299,H0450,F,1.83,CMM,40.062,10.75,7.273,5.552,3.901,5.827,3.943,4.291,8.154,7.031,NA,NA
548,10/1/2015,161,H0451,M,0.19,TW,20.012,6.676,4.181,3.133,2.313,2.397,1.75,1.859,3.69,3.406,NA,NA
689,10/21/2014,204,H0451,M,0.24,TW,22.168,7.335,4,3.046,1.962,2.857,1.77,1.993,4.419,3.973,NA,NA
1011,1/1/2015,299,H0451,M,0.34,TW,24.278,8.257,4.512,3.607,2.238,2.943,2.257,2.411,5.389,4.765,NA,NA
1511,3/25/2015,427,H0451,M,0.58,AN,30.086,9.308,4.202,3.97,2.733,4.812,3.173,3.499,6.3,5.907,NA,NA
1856,5/27/2015,522,H0451,M,1.1,CMM,34.309,10.893,5.112,4.619,3.239,5.481,4.089,4.318,7.783,7.597,NA,NA
2306,9/24/2015,651,H0451,M,1.79,CMM,39.143,12.349,5.882,5.465,3.765,6.36,4.867,4.956,9.967,9.081,NA,NA
514,9/24/2014,152,H0452,M,0.23,TW,20.16,6.618,3.702,NA,2.195,2.48,NA,NA,4.226,3.78,NA,NA
674,10/21/2014,200,H0452,M,0.31,TW,23.697,7.83,4.154,3.123,2.243,3.033,2.277,2.374,4.968,4.55,NA,NA
934,12/17/2014,279,H0452,M,0.4,TW,26.344,8.643,4.585,3.627,2.504,3.811,2.887,2.971,5.695,5.29,NA,NA
1473,3/23/2015,417,H0452,M,0.9,TW,31.152,9.615,6.382,4.575,3.166,5.644,3.703,3.673,7.467,6.538,NA,NA
1845,5/27/2015,519,H0452,M,1.2,CMM,35.876,11.617,5.426,4.717,3.071,5.961,4.575,4.993,7.991,8.175,NA,NA
2270,9/17/2015,640,H0452,M,1.92,CMM,40.159,12.547,6.247,6.035,4.181,7.473,5.3,5.655,9.684,8.782,NA,NA
4663,11/17/2016,1299,H0452,M,5.13,CMM,56.189,15.447,9.478,7.377,6.384,8.867,6.239,6.438,12.96,11.3,NA,NA
547,10/1/2015,161,H0453,M,0.28,TW,22.144,7.374,3.946,NA,2.005,2.522,1.797,1.939,4.048,3.657,NA,NA
690,10/21/2014,204,H0453,M,0.32,TW,23.34,7.682,4.423,3.272,2.292,3.19,2.071,2.239,4.824,4.089,NA,NA
1015,1/1/2015,300,H0453,M,0.41,TW,25.852,8.434,4.665,3.595,2.604,3.827,2.655,2.789,5.471,4.957,NA,NA
1505,3/25/2015,426,H0453,M,0.85,AN,34.056,10.107,4.666,4.434,2.82,4.473,3.315,3.838,6.677,6.075,NA,NA
1823,5/27/2015,513,H0453,M,1.18,CMM,34.535,11.295,5.456,5.199,3.489,5.345,3.852,4.321,7.974,6.918,NA,NA
2305,9/24/2015,650,H0453,M,2.17,CMM,42.481,13.227,6.177,6.162,4.085,6.875,4.978,5.316,9.743,8.645,NA,NA
4704,12/1/2016,1315,H0453,M,5.78,CMM,56.756,15.538,8.842,8.41,5.564,10.714,7.205,7.939,13.213,11.67,NA,NA
554,10/1/2015,163,H0454,F,0.25,TW,21.521,7.052,3.947,2.488,1.788,2.663,1.675,NA,3.756,3.558,NA,NA
687,10/21/2014,203,H0454,F,0.32,TW,23.574,7.575,4.201,3.331,2.062,3.036,2.011,2.158,4.797,4.189,NA,NA
1019,1/1/2015,300,H0454,F,0.4,TW,25.683,8.191,4.571,3.708,2.415,3.117,2.537,2.552,5.464,4.671,NA,NA
1513,3/25/2015,428,H0454,F,0.77,TW,30.704,9.378,6.107,4.414,2.974,5.028,3.842,4.353,7.605,6.956,NA,NA
1821,5/27/2015,513,H0454,F,1.1,CMM,34.507,10.915,5.372,4.715,3.175,5.276,3.759,4.028,7.054,6.53,NA,NA
2307,9/24/2015,651,H0454,F,1.58,CMM,37.048,11.256,5.857,5.462,3.848,5.829,3.941,4.421,8.104,7.617,NA,NA
4652,11/17/2016,1296,H0454,F,1.99,CMM,42.924,12.353,6.935,5.275,4.237,6.3,4.457,5.348,8.766,7.557,NA,NA
502,9/24/2014,150,H0455,F,0.23,TW,19.55,6.228,3.995,2.768,1.751,2.418,NA,NA,4.071,3.633,NA,NA
677,10/21/2014,201,H0455,F,0.33,TW,24.454,7.82,4.347,3.379,2.24,3.518,2.417,2.589,5.033,4.414,NA,NA
953,12/17/2014,284,H0455,F,0.41,TW,26.15,8.696,4.511,3.604,2.283,3.27,2.349,2.433,5.451,4.864,NA,NA
1475,3/23/2015,417,H0455,F,0.67,TW,29.631,9.43,5.649,4.562,2.773,4.863,3.69,4.144,7.077,6.878,NA,NA
1824,5/27/2015,514,H0455,F,0.92,CMM,31.906,10.438,4.769,4.577,2.974,4.691,3.586,3.816,6.786,6.756,NA,NA
2315,9/24/2015,654,H0455,F,1.2,CMM,34.636,11.141,4.81,5.092,3.394,5.503,3.874,3.736,7.532,6.933,NA,NA
4659,11/17/2016,1298,H0455,F,1.67,CMM,40.451,11.683,7.205,5.545,4.031,5.913,4.277,4.454,8.38,7.293,NA,NA
503,9/24/2014,150,H0456,F,0.23,TW,19.693,6.692,3.753,2.97,2.055,2.831,2.199,2.265,3.872,3.595,NA,NA
678,10/21/2014,201,H0456,F,0.3,TW,21.779,7.076,4.229,3.523,2.272,2.673,2.067,2.11,4.737,4.081,NA,NA
949,12/17/2014,283,H0456,F,0.37,TW,24.057,7.959,4.263,3.479,2.199,3.697,2.56,2.634,5.449,4.754,NA,NA
1474,3/23/2015,417,H0456,F,0.64,TW,27.451,8.371,5.544,4.005,2.83,4.569,3.397,3.596,6.811,6.342,NA,NA
1846,5/27/2015,519,H0456,F,0.81,CMM,30.22,9.814,4.672,4.463,2.725,5.108,3.554,4.011,7.15,6.758,NA,NA
2314,9/24/2015,653,H0456,F,1.06,CMM,31.81,9.988,5.263,4.672,3.138,4.584,3.327,3.738,7.852,6.974,NA,NA
4657,11/17/2016,1297,H0456,F,1.75,CMM,39.146,11.529,7.024,5.455,4.339,5.403,4.314,4.779,8.606,7.185,NA,NA
504,9/24/2014,150,H0457,F,0.2,TW,19.616,6.464,3.656,2.744,1.891,NA,NA,NA,4.185,3.46,NA,NA
679,10/21/2014,201,H0457,F,0.36,TW,23.943,7.712,4.512,3.719,2.241,3.454,2.349,2.469,4.964,4.454,NA,NA
952,12/17/2014,284,H0457,F,0.47,TW,24.162,7.692,4.257,3.256,2.213,3.268,2.232,2.441,4.91,4.418,NA,NA
1469,3/23/2015,416,H0457,F,0.87,TW,31.583,9.575,5.742,4.71,3.232,4.96,3.809,3.984,6.97,6.876,NA,NA
1840,5/27/2015,518,H0457,F,1.02,CMM,33.381,10.499,4.893,4.777,3.111,5.572,4.368,4.761,7.452,7.001,NA,NA
2312,9/24/2015,653,H0457,F,1.37,CMM,34.465,11.085,5.456,5.173,3.405,5.887,4.285,4.271,7.846,7.181,NA,NA
4656,11/17/2016,1297,H0457,F,1.66,CMM,37.9,11.374,7.428,5.614,4.4,5.906,3.13,3.535,8.934,7.442,NA,NA
1514,3/25/2015,428,H0458,F,0.75,TW,28.338,8.725,5.631,4.674,3.096,4.379,3.467,3.795,6.678,6.615,AS - Remeasured Radius and Ulna,RM Set 1
551,10/1/2015,162,H0458,F,0.22,TW,20.466,6.648,4.07,NA,2.086,2.394,1.636,1.844,4,3.478,NA,NA
691,10/21/2014,204,H0458,F,0.31,TW,23.265,7.255,4.296,3.496,2.096,3.473,2.476,2.604,4.806,4.143,NA,NA
1017,1/1/2015,300,H0458,F,0.43,TW,27.108,8.862,4.649,3.551,2.174,4.046,3.047,3.11,5.915,5.088,NA,NA
1857,5/27/2015,523,H0458,F,1.02,CMM,31.944,9.766,5.249,4.67,3.161,5.274,4.159,4.189,7.453,7.308,NA,NA
2304,9/24/2015,650,H0458,F,1.36,CMM,35.475,10.833,5.144,4.742,3.203,5.276,3.952,4.209,7.935,7.365,NA,NA
4705,12/1/2016,1315,H0458,F,1.84,CMM,39.092,11.257,6.212,5.447,4.099,6.803,4.486,4.868,8.186,7.959,NA,NA
508,9/24/2014,151,H0459,F,0.19,TW,19.067,6.522,3.576,2.777,1.876,NA,NA,NA,3.539,3.371,NA,NA
680,10/21/2014,201,H0459,F,0.33,TW,22.182,7.151,4.385,3.399,2.152,2.524,1.873,2.086,4.43,3.877,NA,NA
943,12/17/2014,282,H0459,F,0.42,TW,25.278,8.289,4.338,3.55,2.349,NA,NA,NA,5.386,4.669,NA,NA
1471,3/23/2015,416,H0459,F,0.77,TW,28.689,9.174,5.805,4.445,2.633,4.431,3.172,3.335,6.32,6.388,NA,NA
1847,5/27/2015,519,H0459,F,0.97,CMM,31.86,10.347,4.707,4.166,2.63,5.286,3.596,4.43,7.039,6.48,NA,NA
2313,9/24/2015,653,H0459,F,1.26,CMM,34.575,11.034,4.835,4.874,3.414,5.688,3.726,3.931,7.344,7.037,NA,NA
4658,11/17/2016,1298,H0459,F,1.84,CMM,37.904,11.422,7.574,5.488,4.006,5.87,3.338,3.807,8.438,7.17,NA,NA
552,10/1/2015,162,H0460,M,0.22,TW,20.627,6.993,3.523,3.053,2.05,2.252,1.888,1.9,3.789,3.415,NA,NA
688,10/21/2014,203,H0460,M,0.26,TW,22.754,7.438,4.143,3.092,1.93,2.774,2.05,2.172,4.469,3.854,NA,NA
1023,1/1/2015,301,H0460,M,0.33,TW,25.503,8.329,4.445,3.327,2.395,3.515,2.589,2.624,4.953,4.355,NA,NA
1497,3/25/2015,423,H0460,M,0.69,CMM,29.869,9.819,4.972,3.649,2.769,3.486,3.067,3.733,6.109,5.738,NA,NA
1820,5/27/2015,513,H0460,M,1.06,CMM,33.647,10.448,5.608,4.6,3.341,4.843,3.481,4.061,7.171,6.342,NA,NA
2309,9/24/2015,652,H0460,M,2.07,CMM,43.398,12.334,6.506,5.414,4.209,6.9,5.014,5.193,9.4,8.72,NA,NA
4654,11/17/2016,1296,H0460,M,5.58,CMM,56.649,15.918,10.137,7.452,5.728,9.728,6.331,6.893,12.27,10.729,NA,NA
507,9/24/2014,151,H0461,F,0.19,TW,19.649,7.087,3.787,3.045,1.856,2.505,NA,NA,3.766,3.249,NA,NA
675,10/21/2014,200,H0461,F,0.23,TW,21.414,7.067,4.109,2.931,2.052,2.504,1.857,1.829,4.272,3.747,NA,NA
928,12/17/2014,278,H0461,F,0.33,TW,24.632,8.127,4.109,3.446,2.272,3.025,2.373,2.517,5.025,4.334,NA,NA
1480,3/23/2015,418,H0461,F,0.66,TW,29.52,8.684,5.207,3.828,2.963,4.126,3.626,3.713,6.785,6.244,NA,NA
1831,5/27/2015,515,H0461,F,1.02,CMM,32.726,9.784,5.009,4.375,3.064,4.775,3.971,4.601,6.737,6.341,NA,NA
2272,9/17/2015,640,H0461,F,1.45,CMM,35.549,10.717,5.225,4.716,3.491,5.101,3.711,4.436,7.73,7.305,NA,NA
4661,11/17/2016,1299,H0461,F,1.9,CMM,41.356,11.998,7.365,5.587,3.934,6.141,4.05,4.258,8.238,7.427,NA,NA
506,9/24/2014,150,H0462,F,0.18,TW,18.661,6.021,3.754,NA,1.913,NA,NA,NA,3.747,3.253,NA,NA
676,10/21/2014,200,H0462,F,0.26,TW,21.616,6.811,4.005,3.085,1.974,2.782,2.063,2.152,4.335,3.709,NA,NA
950,12/17/2014,284,H0462,F,0.35,TW,24.342,7.787,4.249,3.233,2.382,3.238,2.282,2.504,5.423,4.621,NA,NA
1476,3/23/2015,417,H0462,F,0.74,TW,29.917,8.669,5.76,4.103,2.714,4.64,3.494,3.763,6.603,6.74,NA,NA
1830,5/27/2015,515,H0462,F,0.94,CMM,30.789,9.19,5.204,4.175,3.166,4.987,3.59,3.625,6.764,6.183,NA,NA
2271,9/17/2015,640,H0462,F,1.21,CMM,33.286,9.918,5.169,4.558,3.304,4.948,3.328,3.714,7.652,6.805,NA,NA
505,9/24/2014,150,H0463,M,0.25,TW,20.634,6.649,3.906,3.324,2.146,2.475,NA,NA,4.002,3.465,NA,NA
683,10/21/2014,202,H0463,M,0.32,TW,24.003,7.782,4.33,3.424,2.238,3.181,2.611,2.765,5.006,4.265,NA,NA
944,12/17/2014,282,H0463,M,0.38,TW,27.046,8.481,4.699,3.645,2.464,3.961,2.321,2.314,5.502,5.083,NA,NA
1470,3/23/2015,416,H0463,M,1.02,TW,33.985,10.126,6.028,4.64,2.906,5.145,4.119,4.297,7.207,6.788,NA,NA
1825,5/27/2015,514,H0463,M,1.36,CMM,37.099,11.697,5.681,5.372,3.618,6.236,4.436,5.145,8.309,7.369,NA,NA
1512,3/25/2015,428,H0464,F,0.53,TW,27.366,8.31,5.294,3.495,2.647,4.445,3.49,3.639,6.377,5.971,AS - Remeasured Tibia,RM Set 1
1509,3/25/2015,428,H0464,F,0.53,AN,28.27,8.915,4.466,2.829,4.072,4.1,2.758,3.525,5.909,5.434,JG remeasured SVL,Mass/SVL check
553,10/1/2015,162,H0464,F,0.2,TW,20.06,6.88,3.91,NA,2,2.57,1.94,NA,3.98,3.48,NA,NA
692,10/21/2014,204,H0464,F,0.28,TW,21.778,7.256,4.204,3.216,2.223,2.856,1.966,2.066,4.356,3.858,NA,NA
1016,1/1/2015,300,H0464,F,0.36,TW,25.619,8.467,4.264,3.509,2.238,3.759,2.477,2.648,5.34,4.687,NA,NA
1822,5/27/2015,513,H0464,F,0.84,CMM,31.347,9.489,5.178,4.777,2.845,4.736,3.228,3.555,6.697,6.523,NA,NA
556,10/1/2015,163,H0465,F,0.16,TW,20.422,6.556,3.917,NA,1.954,2.641,NA,NA,3.836,3.408,NA,NA
684,10/21/2014,202,H0465,F,0.23,TW,22.018,6.725,3.901,2.887,2.004,2.783,1.928,1.962,4.287,3.826,NA,NA
1022,1/1/2015,301,H0465,F,0.36,TW,25.208,7.638,4.378,3.502,2.708,3.371,2.301,2.491,5.396,4.563,NA,NA
1492,3/23/2015,422,H0465,F,0.55,TW,28.16,8.33,5.361,NA,2.412,4.131,NA,NA,6.282,6.078,NA,NA
1827,5/27/2015,514,H0465,F,0.64,CMM,29.773,9.038,4.534,3.981,3.096,4.824,3.075,3.4,7.049,6.356,NA,NA
593,10/7/2014,174,H0466,F,0.21,TW,19.358,6.145,3.813,NA,1.783,2.432,NA,NA,3.977,3.563,NA,NA
720,10/29/2014,212,H0466,F,0.32,TW,21.886,7.01,4.274,3.338,1.977,2.533,1.947,2.048,4.665,4.019,NA,NA
995,1/1/2015,296,H0466,F,0.38,TW,25.104,8.129,4.503,3.846,2.351,3.439,2.583,2.466,5.278,4.657,NA,NA
1573,4/1/2015,445,H0466,F,0.57,CMM,28.942,9.205,5.136,3.862,2.628,4.125,2.85,3.336,7.01,5.772,NA,NA
2002,7/2/2015,565,H0466,F,0.83,CMM,31.457,9.968,4.883,4.134,2.897,4.756,3.855,4.032,6.718,6.445,NA,NA
2366,10/1/2015,668,H0466,F,1.17,CMM,34.337,10.656,4.758,4.839,3.431,6.102,3.856,4.126,7.659,6.856,NA,NA
4689,12/1/2016,1307,H0466,F,1.58,CMM,39.82,11.448,5.86,5.197,4.092,5.891,4.159,4.436,9.113,7.602,NA,NA
577,10/7/2014,170,H0467,F,0.24,TW,20.299,6.962,2.235,2.871,1.777,2.677,1.539,2.003,4.059,3.45,AS - Remeasured Everything,RM Set 1
725,10/29/2014,213,H0467,F,0.22,TW,22.495,7.677,4.002,NA,1.914,2.946,1.999,2.256,4.097,3.736,NA,NA
1008,1/1/2015,298,H0467,F,0.37,TW,24.811,8.198,4.433,3.743,2.429,3.263,2.553,2.538,5.052,4.389,NA,NA
1527,3/25/2015,433,H0467,F,0.68,CMM,29.461,9.48,5.03,3.719,2.972,3.499,3.142,3.299,6.273,5.684,NA,NA
1838,5/27/2015,517,H0467,F,1.03,CMM,33.551,10.538,4.976,4.444,3.078,4.902,3.598,3.892,7.278,6.081,NA,NA
2378,10/1/2015,672,H0467,F,1.48,CMM,37.077,11.272,5.232,4.98,3.763,5.536,3.644,4.237,8.016,7.259,NA,NA
4701,12/1/2016,1313,H0467,F,2.16,CMM,40.948,11.482,6.204,5.317,4.464,6.479,4.473,4.778,7.854,7.532,NA,NA
549,10/1/2014,161,H0468,M,0.18,TW,19.158,6.413,4.204,2.173,1.634,2.443,1.282,1.519,3.74,3.281,"AS - Remeasured Pectoral, Humerus, Radius, and Ulna",RM Set 1
1508,3/25/2015,427,H0468,M,0.62,AN,28.749,9.121,4.597,3.897,2.844,4.217,3.067,3.422,6.132,5.611,JG remeasured SVL,Mass/SVL check
728,10/29/2014,214,H0468,M,0.28,TW,21.214,7.115,4.157,3.032,1.942,2.367,1.816,1.976,4.234,3.803,NA,NA
1010,1/1/2015,299,H0468,M,0.38,TW,24.736,8.028,4.425,3.246,2.227,3.545,2.339,2.421,5.206,4.891,NA,NA
1858,5/27/2015,523,H0468,M,0.96,CMM,31.537,10.146,5.028,4.154,2.825,4.937,3.801,4.194,7.33,6.336,NA,NA
2381,10/1/2015,673,H0468,M,1.5,CMM,36.569,11.352,5.655,5.046,3.59,6.148,4.259,4.558,8.852,8.135,NA,NA
588,10/7/2014,173,H0469,F,0.26,TW,20.189,6.484,4.159,3.017,1.93,2.697,1.902,2.015,3.784,3.516,NA,NA
724,10/29/2014,213,H0469,F,0.33,TW,23.21,7.575,4.424,3.36,2.297,3.034,2.229,2.288,4.705,4.09,NA,NA
1014,1/1/2015,299,H0469,F,0.41,TW,25.418,7.959,4.681,3.429,2.55,3.898,2.603,2.705,5.189,4.625,NA,NA
1839,5/27/2015,517,H0469,F,0.86,CMM,30.842,9.932,4.727,4.415,3.107,4.598,3.222,3.737,7.038,6.102,NA,NA
2377,10/1/2015,671,H0469,F,1.2,CMM,33.808,10.471,5.005,4.421,3.014,5.59,3.548,4.223,6.677,6.513,NA,NA
4699,12/1/2016,1312,H0469,F,1.65,CMM,38.798,11.584,5.881,5.206,4.165,6.031,4.461,4.766,8.018,7.458,NA,NA
591,10/7/2014,174,H0470,F,0.2,TW,20.407,6.556,3.924,NA,1.799,2.637,NA,NA,3.738,3.349,NA,NA
727,10/29/2014,213,H0470,F,0.24,TW,21.442,6.981,4.126,3.163,1.983,2.805,1.834,1.945,4.27,3.712,NA,NA
996,1/1/2015,296,H0470,F,0.31,TW,24.395,7.79,3.962,NA,1.952,3.405,2.528,2.671,4.723,4.077,NA,NA
1571,4/1/2015,445,H0470,F,0.74,CMM,29.803,8.953,4.695,4.124,2.654,4.479,3.046,3.815,6.439,5.66,NA,NA
2000,7/2/2015,564,H0470,F,1.1,CMM,34.761,10.078,5.287,5.178,3.457,5.98,4.005,4.416,7.492,6.76,NA,NA
2364,10/1/2015,667,H0470,F,1.45,CMM,37.099,11.008,5.245,5.143,3.506,6.713,4.568,4.908,8.243,7.187,NA,NA
4927,12/5/2016,1370,H0470,F,1.72,CMM,40.608,11.515,7.094,5.54,3.878,6.214,4.237,4.766,8.542,7.314,NA,NA
587,10/7/2014,173,H0471,F,0.26,TW,20.747,6.349,NA,3.205,1.932,NA,NA,NA,4.049,3.472,NA,NA
578,10/7/2014,171,H0472,F,0.21,TW,21.334,7.501,2.599,3.004,1.792,2.922,1.902,2.314,4.366,3.738,AS - Remeasured Everything,RM Set 1
730,10/29/2014,214,H0472,F,0.26,TW,21.704,6.892,4.275,3.22,1.996,2.932,1.881,1.943,4.277,3.733,NA,NA
1002,1/1/2015,297,H0472,F,0.37,TW,25.387,8.23,4.193,3.254,2.091,3.237,2.711,2.65,5.242,4.459,NA,NA
1555,4/1/2015,441,H0472,F,0.58,CMM,28.956,8.78,4.772,3.761,2.51,3.917,2.864,3.364,6.072,5.415,NA,NA
1834,5/27/2015,516,H0472,F,0.96,CMM,32.053,9.872,5.108,4.783,3.172,4.66,3.841,4.126,7.296,7.021,NA,NA
2370,10/1/2015,669,H0472,F,1.43,CMM,37.315,10.808,5.23,4.617,3.104,5.859,4.083,4.37,7.802,7.269,NA,NA
4693,12/1/2016,1309,H0472,F,1.7,CMM,42.239,11.876,5.54,5.174,4.115,5.944,4.489,4.998,8.162,7.764,NA,NA
731,10/29/2014,214,H0473,M,0.37,TW,24.616,8.102,4.309,3.475,2.276,3.518,2.548,2.742,5.074,4.548,NA,NA
1000,1/1/2015,297,H0473,M,0.41,TW,25.731,8.622,4.611,3.828,2.463,3.51,2.606,2.765,5.674,5.082,NA,NA
1559,4/1/2015,442,H0473,M,0.93,CMM,33.098,10.39,5.461,4.318,2.888,4.795,3.613,4.235,7.375,7.035,NA,NA
1833,5/27/2015,516,H0473,M,1.31,CMM,36.32,11.514,5.765,5.283,3.498,5.835,4.323,4.71,8.67,7.834,NA,NA
2371,10/1/2015,669,H0473,M,2.02,CMM,42.355,13.112,6.448,6.117,4.186,7.635,5.298,5.52,9.842,9.343,NA,NA
4694,12/1/2016,1310,H0473,M,6.31,CMM,54.837,16.191,8.882,8.189,5.907,10.442,7.219,8.263,13.071,10.791,NA,NA
583,10/7/2014,172,H0473,M,0.32,TW,21.1058,6.73661,4.15753,3.36411,1.91403,3.15125,2.03381,2.12974,4.40852,3.73685,Remeasure - too many decimal places,NA
589,10/7/2014,173,H0474,M,0.28,TW,20.51,6.771,4.174,3.088,2.046,2.781,2.011,NA,4.01,3.643,NA,NA
717,10/29/2014,211,H0474,M,0.28,TW,22.77,7.981,4.499,3.592,2.181,2.853,1.891,2.135,4.512,4.007,NA,NA
1007,1/1/2015,298,H0474,M,0.47,TW,26.184,8.624,4.808,3.869,2.431,3.428,2.562,2.462,5.708,5.025,NA,NA
1510,3/25/2015,427,H0474,M,0.79,AN,33.173,10.437,4.435,4.278,2.978,4.502,3.083,3.588,6.609,5.972,NA,NA
1859,5/27/2015,523,H0474,M,1.2,CMM,32.163,10.448,5.114,4.681,3.286,5.182,3.869,3.882,7.311,6.572,NA,NA
2380,10/1/2015,672,H0474,M,1.64,CMM,36.437,11.728,5.927,5.4,3.253,6.022,3.506,4.356,9.022,7.54,NA,NA
4702,12/1/2016,1314,H0474,M,6.1,CMM,55.684,15.42,8.422,7.541,5.765,8.651,6.624,7.558,12.502,11.171,NA,NA
586,10/7/2014,173,H0475,F,0.26,TW,20.175,6.367,3.72,NA,1.89,2.436,NA,NA,3.613,3.352,NA,NA
718,10/29/2014,211,H0475,F,0.26,TW,23.006,7.696,4.202,3.059,2.219,2.907,NA,NA,4.383,3.85,NA,NA
1009,1/1/2015,298,H0475,F,0.33,TW,24.267,7.971,4.369,3.168,2.139,3.268,2.432,2.743,4.962,4.284,NA,NA
1560,4/1/2015,442,H0475,F,0.52,CMM,25.531,8.209,4.527,3.381,2.619,4.006,2.406,2.859,5.684,5.464,NA,NA
1853,5/27/2015,521,H0475,F,0.69,CMM,29.309,9.112,4.45,3.864,2.599,4.471,3.071,3.606,6.138,5.731,NA,NA
2374,10/1/2015,670,H0475,F,0.88,CMM,30.467,9.473,4.707,3.901,2.849,4.55,3.16,3.394,6.88,5.978,NA,NA
4695,12/1/2016,1310,H0475,F,1.68,CMM,36.716,10.552,5.95,4.66,4.113,5.198,2.757,3.512,7.542,6.683,NA,NA
722,10/29/2014,212,H0476,F,0.28,TW,22.458,7.148,4.377,3.208,1.99,2.925,1.84,2.066,4.353,3.922,NA,NA
1001,1/1/2015,297,H0476,F,0.31,TW,23.732,7.923,4.251,3.35,2.348,2.893,1.854,NA,4.876,4.363,NA,NA
1556,4/1/2015,441,H0476,F,0.41,CMM,26.253,8.867,4.492,4.257,2.46,3.744,2.918,3.344,5.71,5.006,NA,NA
1854,5/27/2015,522,H0476,F,0.8,CMM,29.656,9.437,4.907,4.698,3.111,4.109,3.226,3.706,6.48,6.112,NA,NA
2372,10/1/2015,670,H0476,F,1.36,CMM,34.033,10.571,5.346,4.773,4.078,5.257,3.572,3.618,7.843,7.299,NA,NA
4697,12/1/2016,1311,H0476,F,1.66,CMM,38.507,11.725,5.859,5.092,4.332,5.931,4.132,4.384,8.411,7.747,NA,NA
574,10/7/2014,170,H0476,F,0.29,TW,21.61755,6.85683,3.99181,2.89656,1.69388,2.42146,1.96355,2.02897,4.03765,3.64253,Remeasure - too many decimal places,NA
592,10/7/2014,174,H0477,M,0.31,TW,21.338,6.942,4.237,3.182,1.997,2.525,2.066,1.999,4.207,3.673,NA,NA
723,10/29/2014,212,H0477,M,0.36,TW,24.571,7.816,4.462,NA,2.219,3.449,2.461,2.554,5.062,4.422,NA,NA
999,1/1/2015,296,H0477,M,0.43,TW,27.313,8.963,4.499,3.783,2.561,4.027,2.69,2.972,5.643,5.115,NA,NA
1569,4/1/2015,444,H0477,M,0.72,CMM,30.521,10.374,4.688,4.033,2.827,4.721,3.721,3.703,6.385,5.627,NA,NA
2001,7/2/2015,564,H0477,M,1.18,CMM,36.173,11.366,5.595,4.917,3.357,5.267,3.894,4.683,8.015,7.525,NA,NA
2365,10/1/2015,667,H0477,M,1.71,CMM,38.143,11.904,5.66,5.723,4.205,6.805,4.613,5.033,9.657,8.174,NA,NA
4688,12/1/2016,1307,H0477,M,6.3,CMM,54.513,15.085,9.899,8.405,5.979,10.039,6.921,7.693,12.691,11.129,NA,NA
575,10/7/2014,170,H0478,M,0.25,TW,20.918,7.16,2.05,2.762,1.774,2.929,1.471,1.954,4.61,3.845,AS - Remeasured Everything,RM Set 1
1557,4/1/2015,441,H0478,M,0.51,CMM,27.354,8.85,5.31,3.592,2.558,3.573,2.292,2.579,6.425,5.607,AS - Remeasured Ulna,RM Set 1
721,10/29/2014,212,H0478,M,0.28,TW,22.547,7.357,4.2,3.128,1.835,2.768,2.174,2.362,4.718,4.043,NA,NA
1006,1/1/2015,298,H0478,M,0.35,TW,23.856,7.89,4.607,3.421,2.337,3.381,2.146,NA,5.319,4.631,NA,NA
1852,5/27/2015,521,H0478,M,0.81,CMM,30.249,9.462,4.969,4.403,2.918,4.938,2.674,3.525,6.977,6.617,NA,NA
2373,10/1/2015,670,H0478,M,1.24,CMM,34.042,10.486,5.536,5.064,3.435,6.319,3.859,4.399,8.008,7.201,NA,NA
4696,12/1/2016,1311,H0478,M,4.7,CMM,51.354,13.93,7.673,7.613,5.281,8.042,4.96,6.048,11.781,10.089,NA,NA
584,10/7/2014,172,H0480,M,0.22,TW,19.268,7.347,2.798,3.267,1.727,2.602,1.788,2.224,4.122,3.776,AS - Remeasured Everything,RM Set 1
1013,1/1/2015,299,H0480,M,0.33,TW,25.276,7.925,4.401,3.485,2.306,3.185,2.022,2.238,5.082,4.43,AS - Remeasured Radius and Ulna,RM Set 1
729,10/29/2014,214,H0480,M,0.22,TW,22.14,7.292,3.916,NA,1.836,3.009,1.9,2.03,4.211,3.639,NA,NA
1530,3/25/2015,433,H0480,M,0.55,CMM,29.325,9.419,4.656,NA,2.958,3.987,2.598,2.868,6.394,5.585,NA,NA
1837,5/27/2015,517,H0480,M,1.13,CMM,35.507,11.299,5.187,4.838,3.094,5.783,3.925,4.354,7.496,6.695,NA,NA
2376,10/1/2015,671,H0480,M,1.84,CMM,40.676,12.095,5.652,5.165,3.494,6.233,4.521,4.793,9.552,8.176,NA,NA
4700,12/1/2016,1313,H0480,M,6.37,CMM,57.736,15.201,9.621,8.283,5.763,9.55,6.39,7.407,12.784,10.668,NA,NA
579,10/7/2014,171,H0481,F,0.21,TW,20.515,7.662,2.486,3.089,1.97,2.927,1.953,2.208,4.443,3.789,AS - Remeasured Everything,RM Set 1
719,10/29/2014,211,H0481,F,0.27,TW,22.765,7.207,4.213,3.362,2.422,2.926,2.063,1.902,4.222,3.655,NA,NA
1004,1/1/2015,297,H0481,F,0.36,TW,25.683,8.199,4.15,3.615,2.5,3.755,2.435,2.499,5.232,4.71,NA,NA
1568,4/1/2015,444,H0481,F,0.62,CMM,28.687,9.32,4.803,3.755,2.582,4.587,2.49,2.922,5.907,5.385,NA,NA
1835,5/27/2015,516,H0481,F,0.8,CMM,30.351,9.44,5.261,4.554,2.858,4.28,2.865,3.295,6.842,6.385,NA,NA
2368,10/1/2015,668,H0481,F,1.29,CMM,34.172,10.548,5.124,5.135,3.417,5.614,3.726,4.14,7.544,6.581,NA,NA
4691,12/1/2016,1308,H0481,F,1.84,CMM,39.74,11.565,6.211,5.256,4.344,5.59,3.512,4.215,8.668,7.384,NA,NA
590,10/7/2014,174,H0482,M,0.23,TW,20.483,6.821,4.074,3.185,1.796,2.845,NA,NA,4.163,3.644,NA,NA
733,10/29/2014,215,H0482,M,0.29,TW,23.558,7.935,4.171,NA,2.142,3.067,2.311,2.367,4.573,4.074,NA,NA
997,1/1/2015,296,H0482,M,0.31,TW,24.495,8.421,4.542,3.457,2.238,3.49,2.688,2.74,5.271,4.669,NA,NA
1567,4/1/2015,444,H0482,M,0.68,CMM,29.363,9.507,4.735,3.986,2.429,4.036,2.287,2.82,6.206,5.781,NA,NA
2003,7/2/2015,565,H0482,M,1.07,CMM,35.204,11.216,5.334,4.823,3.095,5.446,3.685,4.148,7.679,7.214,NA,NA
2367,10/1/2015,668,H0482,M,1.69,CMM,39.594,12.172,5.896,5.145,3.611,6.757,4.937,5.569,8.966,8.117,NA,NA
4690,12/1/2016,1308,H0482,M,4.98,CMM,53.61,15.234,8.128,8.269,5.698,9.027,6.438,7.347,12.305,10.289,NA,NA
582,10/7/2014,172,H0483,M,0.28,TW,22.108,7.484,2.695,3.001,2.102,2.625,1.978,2.323,4.501,3.888,AS - Remeasured Everything,RM Set 1
732,10/29/2014,215,H0483,M,0.29,TW,22.63,7.839,4.503,3.265,2.118,2.753,2.063,2.286,4.563,3.96,NA,NA
1012,1/1/2015,299,H0483,M,0.38,TW,26.177,8.515,4.477,NA,2.017,3.476,2.769,2.862,5.164,4.633,NA,NA
1529,3/25/2015,433,H0483,M,0.66,CMM,29.542,9.789,5.04,3.771,2.574,4.403,3.004,3.214,6.044,5.571,NA,NA
1855,5/27/2015,522,H0483,M,1.24,CMM,34.209,10.529,5.681,4.802,3.265,5.305,3.861,4.152,7.698,6.552,NA,NA
2375,10/1/2015,671,H0483,M,2.14,CMM,42.45,13.42,5.822,NA,3.818,7.172,5.027,5.112,9.21,8.361,NA,NA
4698,12/1/2016,1312,H0483,M,5.4,CMM,53.106,15.042,8.384,7.7,5.604,9.082,5.924,7.045,12.266,10.471,NA,NA
585,10/7/2014,172,H0484,M,0.23,TW,20.427,7.24,3.003,2.943,1.944,2.814,2.149,2.528,4.537,4.008,AS - Remeasured Everything,RM Set 1
734,10/29/2014,215,H0484,M,0.36,TW,23.578,7.865,4.447,3.447,2.414,3.408,2.319,2.457,4.855,4.183,NA,NA
1003,1/1/2015,297,H0484,M,0.38,TW,24.679,7.923,4.487,3.568,2.434,3.312,2.576,2.652,5.347,4.63,NA,NA
1558,4/1/2015,441,H0484,M,0.73,CMM,28.798,9.359,5.538,4.01,2.716,4.172,3.463,3.409,6.674,6.116,NA,NA
1832,5/27/2015,516,H0484,M,1.11,CMM,34.762,10.734,5.22,4.602,2.769,5.553,3.911,4.353,7.798,6.93,NA,NA
2369,10/1/2015,669,H0484,M,1.85,CMM,41.096,12.225,5.572,5.613,4.124,6.552,4.357,4.671,9.495,8.477,NA,NA
4692,12/1/2016,1309,H0484,M,4.7,CMM,50.871,13.671,8.925,7.07,5.21,9.087,6.719,7.204,10.665,10.095,NA,NA
716,10/29/2014,211,H0486,F,0.28,TW,22.919,7.913,4.311,3.485,2.237,3.105,2.338,2.346,4.619,4.111,NA,NA
1005,1/1/2015,298,H0486,F,0.39,TW,26.056,8.477,4.239,3.423,2.242,3.067,NA,NA,5.439,4.964,NA,NA
1528,3/25/2015,433,H0486,F,0.79,CMM,30.185,9.27,5.551,4.369,3.099,4.562,3.285,3.682,6.942,6.243,NA,NA
1836,5/27/2015,517,H0486,F,1.36,CMM,36.302,10.796,5.352,4.76,3.214,6.229,3.353,4.566,7.647,7.339,NA,NA
2379,10/1/2015,672,H0486,F,1.89,CMM,39.478,11.769,5.209,5.337,4.132,5.546,3.845,4.504,9.335,8.541,NA,NA
4703,12/1/2016,1314,H0486,F,2.27,CMM,42.256,11.49,6.185,5.3,4.244,6.171,3.881,4.379,9.446,8.858,NA,NA
581,10/7/2014,171,H0486,F,0.27,TW,20.23016,6.52086,4.11054,3.20164,1.92665,2.68481,1.87446,1.90098,3.98707,3.58743,Remeasure - too many decimal places,NA
637,10/15/2014,187,H0489,F,0.23,TW,20.945,7.301,4.151,3.239,2.062,2.963,1.906,1.933,4.257,3.724,NA,NA
760,11/5/2014,225,H0489,F,0.3,TW,22.634,7.607,4.303,2.979,2.191,2.412,2.099,2.185,4.443,4.132,NA,NA
1076,1/8/2015,315,H0489,F,0.35,TW,24.686,8.019,4.181,3.48,2.404,3.273,2.382,2.554,5.155,4.594,NA,NA
1603,4/8/2015,454,H0489,F,0.63,CMM,29.591,9.392,4.981,NA,2.922,4.584,3.505,3.474,6.383,6.122,NA,NA
2032,7/9/2015,574,H0489,F,0.95,CMM,33.011,10.412,5.374,4.552,2.943,5.402,3.851,4.12,7.485,7.09,NA,NA
580,10/7/2014,171,H0490,F,0.22,TW,20.534,7.538,2.486,2.824,1.961,3.217,1.796,2.651,4.166,3.818,AS - Remeasured Everything,RM Set 1
764,11/5/2014,226,H0490,F,0.31,TW,22.997,7.667,4.444,3.026,2.145,2.352,1.65,2.164,4.554,4.459,NA,NA
1075,1/8/2015,315,H0490,F,0.42,TW,24.968,8.143,4.698,3.613,2.786,4.006,2.613,2.588,5.56,4.849,NA,NA
1570,4/1/2015,444,H0490,F,0.67,CMM,28.196,9.015,4.974,3.586,2.798,3.718,2.701,3.355,6.522,6.259,NA,NA
1998,7/2/2015,563,H0490,F,0.8,CMM,30.747,9.544,5.029,3.952,2.674,4.997,3.06,3.673,6.872,6.442,NA,NA
762,11/5/2014,225,H0492,M,0.4,TW,24.231,8.383,4.175,3.516,2.479,3.687,2.009,2.173,4.4,4.021,AS- Remeasured Humerus,RM Set 1
633,10/15/2014,186,H0492,M,0.24,TW,21.311,7.244,4.082,3.026,2.016,2.857,1.732,1.828,4.097,3.68,NA,NA
1073,1/8/2015,314,H0492,M,0.56,TW,28.623,9.156,4.64,3.698,2.937,3.973,2.87,2.848,5.687,5.117,NA,NA
1606,4/8/2015,454,H0492,M,1.22,CMM,34.47,11.308,6.359,5.463,3.692,4.866,3.703,4.375,7.86,6.918,NA,NA
2034,7/9/2015,574,H0492,M,1.82,CMM,42.25,13.147,6.146,5.634,3.888,6.556,4.944,5.588,9.93,8.643,NA,NA
576,10/7/2014,170,H0503,F,0.25,TW,21.236,7.317,2.399,2.8,1.725,1.981,1.036,1.134,4.339,3.767,AS - Remeasured Everything,RM Set 1
726,10/29/2014,213,H0503,F,0.38,TW,24.701,8.21,4.134,3.677,2.179,2.867,2.366,2.462,4.753,4.251,NA,NA
998,1/1/2015,296,H0503,F,0.53,TW,27.263,8.547,4.755,NA,2.76,3.884,2.924,3.043,5.996,4.993,NA,NA
1572,4/1/2015,445,H0503,F,0.74,CMM,29.468,9.433,4.819,4.165,2.772,4.596,3.105,3.675,6.516,6.453,NA,NA
1999,7/2/2015,564,H0503,F,1.12,CMM,33.941,10.164,5.051,4.507,3.438,5.67,3.747,4.439,7.16,6.952,NA,NA
617,10/8/2014,181,H0504,M,0.27,TW,22.785,7.086,4.383,3.029,2.075,2.941,1.73,2.055,4.649,4.131,AS - Remeasured Ulna,RM Set 1
453,9/9/2014,134,H0504,M,0.22,TW,19.273,6.483,3.589,2.687,1.839,NA,NA,NA,3.862,3.553,NA,NA
867,12/4/2014,258,H0504,M,0.34,TW,26.179,8.46,4.574,3.951,2.315,3.813,2.899,2.87,5.623,5.002,NA,NA
1399,3/5/2015,397,H0504,M,0.7,CMM,31.151,9.991,5.255,4.2,2.819,4.257,3.407,3.557,6.855,6.129,NA,NA
1777,5/6/2015,500,H0504,M,0.82,CMM,32.989,10.552,4.847,4.794,2.777,4.239,3.508,4.121,7.289,6.496,NA,NA
639,10/15/2014,187,H0505,F,0.23,TW,20.44,6.75,4.265,2.98,1.899,2.832,NA,NA,4.105,3.561,NA,NA
765,11/5/2014,226,H0505,F,0.27,TW,21.695,7.542,4.089,3.062,2.093,2.191,1.878,1.975,4.137,3.635,NA,NA
1071,1/8/2015,314,H0505,F,0.36,TW,23.364,7.478,4.364,3.377,2.438,3.134,2.152,2.501,4.81,4.301,NA,NA
1580,4/8/2015,447,H0505,F,0.52,CMM,27.18,9.049,4.509,3.723,2.542,4.015,2.085,2.796,5.596,5.293,NA,NA
2036,7/9/2015,575,H0505,F,0.82,CMM,31.607,9.925,4.793,4.259,2.8,4.751,3.345,3.492,6.897,6.349,NA,NA
2452,10/8/2015,690,H0505,F,1.02,CMM,32.555,10.282,5.216,4.349,3.101,4.995,3.626,3.917,7.616,6.516,NA,NA
4925,12/5/2016,1369,H0505,F,1.54,CMM,38.617,11.464,6.855,4.717,3.63,5.826,4.041,4.346,8.169,7.209,NA,NA
761,11/5/2014,225,H0506,F,0.32,TW,23.049,7.528,4.218,3.093,2.216,2.662,1.682,2.701,4.187,3.612,AS - Remeasured Ulna,RM Set 1
638,10/15/2014,187,H0506,F,0.23,TW,21.382,7.408,4.166,3.158,2.105,2.625,1.968,2.011,3.876,3.436,NA,NA
1069,1/8/2015,313,H0506,F,0.33,TW,24.18,8.071,4.477,3.753,2.412,3.515,2.457,2.576,5.052,4.426,NA,NA
1604,4/8/2015,454,H0506,F,0.7,CMM,28.609,8.902,4.242,3.737,2.925,4.002,3.365,3.959,6.205,6.132,NA,NA
2033,7/9/2015,574,H0506,F,0.88,CMM,31.858,10.517,5.006,4.459,2.801,4.69,3.734,3.924,6.74,6.378,NA,NA
2451,10/8/2015,690,H0506,F,1.06,CMM,31.561,10.298,4.969,4.472,3.085,5.032,3.416,3.369,7.132,6.792,NA,NA
4924,12/5/2016,1369,H0506,F,1.73,CMM,38.817,11.329,7.019,5.401,4.833,5.802,3.927,4.434,7.969,7.038,NA,NA
594,10/7/2014,175,H0507,F,0.24,TW,19.897,6.529,4.28,3.117,1.855,2.45,NA,1.841,3.927,3.589,NA,NA
763,11/5/2014,225,H0507,F,0.26,TW,23.101,7.917,4.126,3.492,2.334,2.712,2.056,2.003,4.184,3.939,NA,NA
1068,1/8/2015,313,H0507,F,0.41,TW,25.754,8.375,4.464,3.905,2.506,3.829,2.911,2.862,5.301,4.755,NA,NA
1577,4/1/2015,446,H0507,F,0.73,CMM,30.094,9.418,4.671,3.848,2.739,4.343,3.083,3.723,6.229,5.939,NA,NA
1997,7/2/2015,563,H0507,F,1.11,CMM,32.917,10.117,5.086,4.434,3.653,4.491,2.59,3.21,7.623,7.047,NA,NA
2453,10/8/2015,691,H0507,F,1.34,CMM,34.074,10.336,5.12,4.581,3.643,5.711,3.54,3.903,8.013,7.168,NA,NA
4926,12/5/2016,1370,H0507,F,1.65,CMM,38.606,11.35,7.543,5.048,4.259,5.772,3.755,4.176,8.217,6.837,NA,NA
640,10/15/2014,187,H0508,M,0.3,TW,22.09,7.373,4.458,3.347,2.247,3.09,2.076,2.135,4.348,3.694,NA,NA
766,11/5/2014,226,H0508,M,0.35,TW,24.609,7.771,4.39,3.183,2.901,3.015,2.136,2.018,4.524,3.952,NA,NA
1066,1/8/2015,312,H0508,M,0.51,TW,26.574,8.384,4.858,3.959,2.698,3.828,2.714,2.88,5.609,4.828,NA,NA
1605,4/8/2015,454,H0508,M,0.98,CMM,32.299,10.436,5.678,4.315,2.822,4.862,3.609,4.171,7.006,6.851,NA,NA
2035,7/9/2015,575,H0508,M,1.48,CMM,38.128,11.689,6.075,5.126,3.349,5.943,4.44,4.511,8.615,8.116,NA,NA
2450,10/8/2015,690,H0508,M,2.23,CMM,42.29,12.821,6.655,6.382,4.295,7.846,4.824,5.191,10.411,9.024,NA,NA
4923,12/5/2016,1369,H0508,M,5.3,CMM,53.612,14.698,9.342,7.139,5.55,8.634,5.75,6.363,11.829,9.95,NA,NA
792,11/12/2014,236,H0509,M,0.37,TW,24.637,7.968,4.444,3.342,2.433,3.103,2.041,2.317,4.631,3.936,"AS - Remeasured Humerus, Radius, and Ulna",RM Set 1
634,10/15/2014,186,H0509,M,0.26,TW,21.46,7.083,4.391,3.416,2.087,2.959,1.828,2.045,4.074,3.59,NA,NA
1078,1/8/2015,315,H0509,M,0.45,TW,28.249,9.154,4.6,NA,2.611,3.909,2.781,2.789,5.731,5.122,NA,NA
1598,4/8/2015,452,H0509,M,0.72,CMM,30.672,9.932,4.862,4.08,3.037,4.711,3.447,4.024,6.246,6.01,NA,NA
2030,7/9/2015,573,H0509,M,1.17,CMM,34.889,11.192,5.675,4.574,3.329,5.3,3.558,4.29,7.865,7.158,NA,NA
2448,10/8/2015,689,H0509,M,1.7,CMM,40.709,12.554,5.912,5.312,3.609,5.803,3.596,3.988,9.495,8.294,NA,NA
4964,12/8/2016,1386,H0509,M,5.22,CMM,53.55,14.197,8.432,7.589,5.377,9.217,6.359,7.146,10.872,10.48,NA,NA
4953,12/8/2016,1381,H0511,M,7.41,CMM,56.232,15.95,9.549,8.274,6.249,10.374,6.96,7.612,13.546,11.743,AS - Remeasured Head Length,RM Set 1
699,10/22/2014,207,H0511,M,0.26,TW,22.434,7.541,4.072,2.936,2.262,2.69,2.087,2.187,3.96,3.588,NA,NA
795,11/12/2014,236,H0511,M,0.43,TW,25.165,8.578,4.577,3.423,2.453,2.649,2.029,2.513,4.619,3.927,NA,NA
1113,1/19/2015,325,H0511,M,0.41,TW,26.365,8.435,4.623,4.087,2.724,3.765,2.849,2.91,5.814,5.044,NA,NA
1638,4/15/2015,462,H0511,M,0.66,CMM,30.544,10.107,4.668,3.983,2.667,4.368,3.294,3.927,6.248,5.912,NA,NA
2058,7/16/2015,581,H0511,M,1.07,CMM,35.107,10.96,5.599,4.489,3.124,5.216,3.706,4.283,7.519,6.933,NA,NA
2532,10/20/2015,709,H0511,M,1.46,CMM,38.479,11.96,5.796,5.231,3.685,6.785,4.438,5.264,8.323,7.857,NA,NA
700,10/22/2014,207,H0512,F,0.24,TW,20.837,7.138,3.954,NA,2.1,2.594,1.954,1.913,3.714,3.295,NA,NA
801,11/12/2014,237,H0512,F,0.31,TW,23.11,7.865,4.267,3.174,2.193,2.761,1.997,2.429,4.127,4.03,NA,NA
1114,1/19/2015,325,H0512,F,0.39,TW,25.457,8.199,4.201,3.468,2.507,3.448,2.64,2.718,4.929,4.692,NA,NA
1639,4/15/2015,462,H0512,F,0.66,CMM,29.212,9.502,4.69,4.11,2.895,4.258,3.148,3.638,6.432,6.051,NA,NA
2055,7/16/2015,580,H0512,F,0.96,CMM,31.995,9.978,5.337,4.65,3.172,5.026,3.81,3.975,6.974,6.662,NA,NA
2531,10/20/2015,708,H0512,F,1.32,CMM,35.256,10.563,5.063,4.774,3.554,5.75,3.627,3.731,7.852,6.725,NA,NA
4951,12/8/2016,1380,H0512,F,1.85,CMM,39.267,11.344,6.652,5.603,4.551,6.658,4.55,4.781,8.436,7.419,NA,NA
791,11/12/2014,235,H0514,F,0.4,TW,25.457,8.145,4.262,3.71,2.569,3.66,1.973,2.72,4.648,4.214,AS - Remeasured Humerus and Ulna,RM Set 1
635,10/15/2014,186,H0514,F,0.23,TW,20.896,6.565,4.03,3.107,1.927,2.621,NA,1.596,4.018,3.592,NA,NA
1070,1/8/2015,313,H0514,F,0.52,TW,27.878,8.983,4.518,4.024,2.534,3.684,2.819,3.072,5.816,5.231,NA,NA
1601,4/8/2015,453,H0514,F,0.71,CMM,27.787,8.834,4.751,3.984,2.565,3.869,3.039,3.486,6.34,5.603,NA,NA
2027,7/9/2015,572,H0514,F,0.87,CMM,31.458,10.131,4.989,4.45,2.971,5.26,3.516,3.778,6.823,6.231,NA,NA
2446,10/8/2015,688,H0514,F,1.09,CMM,33.706,10.294,4.927,4.586,3.132,5.882,3.863,4.156,7.924,7.122,NA,NA
4960,12/8/2016,1384,H0514,F,2.07,CMM,41.664,11.914,6.27,5.523,4.325,6.604,4.893,5.336,9.018,8.002,NA,NA
636,10/15/2014,186,H0515,F,0.2,TW,20.301,6.974,3.923,3.125,1.911,2.783,NA,NA,3.834,3.653,NA,NA
788,11/12/2014,235,H0515,F,0.32,TW,23.022,7.951,4.264,3.01,2.456,2.572,2.045,1.956,4.52,4.103,NA,NA
1064,1/8/2015,312,H0515,F,0.45,TW,25.134,8.277,4.505,4.097,2.765,3.36,2.452,2.604,5.243,4.764,NA,NA
1600,4/8/2015,453,H0515,F,0.7,CMM,29.743,9.359,4.583,4.248,3.026,4.097,3.465,3.993,6.383,6.01,NA,NA
2031,7/9/2015,573,H0515,F,0.91,CMM,31.698,10.3,4.815,4.618,3.602,5.116,2.963,3.426,7.335,6.708,NA,NA
2447,10/8/2015,689,H0515,F,1.39,CMM,35.968,10.765,5.138,5.222,3.522,5.827,3.495,4.157,7.941,7.387,NA,NA
4962,12/8/2016,1385,H0515,F,1.91,CMM,40.894,11.645,6.376,5.787,4.653,6.883,4.955,5.444,9.028,8.525,NA,NA
4952,12/8/2016,1381,H0516,M,7.16,CMM,57.015,15.537,9.439,7.674,6.241,7.936,5.549,6.731,12.609,10.814,AS - Remeasured Head Length,RM Set 1
800,11/12/2014,237,H0516,M,0.39,TW,23.885,8.521,4.271,3.279,2.543,3.194,1.736,1.873,4.405,3.723,AS - Remeasured Humerus,RM Set 1
701,10/22/2014,207,H0516,M,0.25,TW,21.361,7.426,3.972,3.134,2.07,2.373,2.021,1.769,3.783,3.436,NA,NA
1116,1/19/2015,326,H0516,M,0.4,TW,26.523,8.541,4.577,3.639,2.465,3.697,2.703,2.863,5.337,4.864,NA,NA
1637,4/15/2015,462,H0516,M,0.68,CMM,30.792,9.734,5.31,4.405,2.882,4.132,2.683,3.764,6.625,5.943,NA,NA
2057,7/16/2015,581,H0516,M,1.15,CMM,35.775,10.948,5.252,4.762,3.273,5.105,3.927,4.167,7.665,6.983,NA,NA
2533,10/20/2015,709,H0516,M,1.42,CMM,39.695,12.329,5.587,5.125,3.287,5.734,4.477,4.816,8.439,7.443,NA,NA
625,10/15/2014,184,H0517,M,0.23,TW,20.952,6.883,4.086,2.789,1.843,2.58,1.645,2.069,4.121,3.658,NA,NA
799,11/12/2014,237,H0517,M,0.41,TW,24.746,8.42,4.468,3.535,2.326,2.773,2.272,2.216,4.777,4.19,NA,NA
1115,1/19/2015,326,H0517,M,0.41,TW,26.5,8.469,4.664,3.699,2.799,4.157,2.55,2.771,5.607,5.137,NA,NA
1592,4/8/2015,451,H0517,M,0.67,CMM,30.803,10.13,4.243,4.607,2.834,4.606,3.446,3.874,6.775,6.404,NA,NA
2021,7/9/2015,570,H0517,M,1.34,CMM,37.226,11.592,5.757,5.184,3.405,6.159,4.298,4.907,8.351,7.941,NA,NA
2535,10/20/2015,710,H0517,M,1.9,CMM,42.405,12.756,6.059,5.839,3.747,6.994,4.838,5.456,9.272,8.984,NA,NA
4956,12/8/2016,1383,H0517,M,5.68,CMM,57.755,15.354,8.501,7.493,5.457,9.573,6.809,7.714,12.852,11.587,NA,NA
632,10/15/2014,185,H0518,M,0.24,TW,20.162,6.483,4.181,2.818,1.888,2.632,2.099,2.145,4.018,3.639,NA,NA
789,11/12/2014,235,H0518,M,0.29,TW,23.052,7.715,4.124,3.015,2.212,2.821,2.116,2.27,4.33,4.084,NA,NA
1074,1/8/2015,314,H0518,M,0.43,TW,25.24,8.119,4.779,4.185,2.788,3.831,2.777,2.88,5.398,4.962,NA,NA
1599,4/8/2015,453,H0518,M,0.8,CMM,29.269,9.446,4.864,4.664,2.986,4.831,3.156,3.696,6.511,6.153,NA,NA
2028,7/9/2015,572,H0518,M,1.08,CMM,33.258,10.78,5.374,5.151,3.547,5.63,4.058,4.695,7.417,6.949,NA,NA
2445,10/8/2015,688,H0518,M,1.53,CMM,36.205,11.678,5.658,5.84,3.76,6.215,4.177,4.824,8.85,7.793,NA,NA
4961,12/8/2016,1385,H0518,M,5.51,CMM,54.804,15.338,8.888,7.999,5.84,9.483,6.177,6.584,12.43,11.721,NA,NA
641,10/15/2014,188,H0519,M,0.23,TW,21.275,7.364,4.012,NA,2.153,2.654,2.044,2.185,3.857,3.568,NA,NA
798,11/12/2014,237,H0519,M,0.48,TW,25.678,8.672,4.991,3.494,2.569,3.09,2.122,2.377,5.037,4.44,NA,NA
1117,1/19/2015,326,H0519,M,0.52,TW,28.777,9.466,4.777,4.367,2.661,4.519,3.124,3.24,6.274,5.619,NA,NA
1594,4/8/2015,451,H0519,M,0.92,CMM,32.836,10.348,5.425,4.468,3.367,4.916,2.913,3.612,7.152,6.834,NA,NA
2023,7/9/2015,571,H0519,M,1.31,CMM,37.202,11.589,5.72,5.178,3.394,5.739,4.117,4.742,8.531,8.167,NA,NA
2536,10/20/2015,710,H0519,M,2.01,CMM,41.64,12.945,6.086,5.94,3.785,6.924,5.089,5.413,9.412,8.741,NA,NA
4954,12/8/2016,1382,H0519,M,6.93,CMM,57.725,15.371,9.027,7.737,5.961,9.63,6.944,8.006,12.783,11.622,NA,NA
629,10/15/2014,185,H0520,M,0.21,TW,19.665,6.632,3.978,NA,1.909,2.332,1.682,1.872,3.801,3.411,NA,NA
790,11/12/2014,235,H0520,M,0.25,TW,22.357,7.554,3.816,2.651,2.25,2.278,2.155,2.323,3.772,3.59,NA,NA
1065,1/8/2015,312,H0520,M,0.31,TW,24.372,7.984,4.052,NA,2.07,3.218,1.88,2.159,5.109,4.487,NA,NA
1602,4/8/2015,453,H0520,M,0.62,CMM,30.081,9.281,4.829,4.041,3.003,4.244,2.993,3.913,6.794,6.801,NA,NA
2029,7/9/2015,573,H0520,M,0.94,CMM,32.095,10.641,4.89,4.434,2.85,4.543,3.657,4.209,7.125,6.62,NA,NA
2449,10/8/2015,689,H0520,M,1.21,CMM,33.705,10.562,5.721,5.502,3.339,5.869,3.723,4.215,8.286,7.235,NA,NA
4963,12/8/2016,1386,H0520,M,3.94,CMM,50.023,13.667,7.703,7.229,5.002,8.984,6.213,6.723,11.442,9.978,NA,NA
628,10/15/2014,184,H0521,F,0.24,TW,20.376,6.303,4.048,2.82,1.888,2.459,2.056,2.053,4.056,3.674,NA,NA
794,11/12/2014,236,H0521,F,0.45,TW,25.558,8.251,4.392,3.675,2.583,2.866,3.019,3.023,4.952,4.279,NA,NA
1067,1/8/2015,313,H0521,F,0.48,TW,27.602,8.835,4.464,4.32,2.578,4.159,3.056,3.131,5.502,5.07,NA,NA
1596,4/8/2015,452,H0521,F,0.9,CMM,31.757,9.754,5.527,4.452,3.116,4.882,3.607,3.999,7.026,6.186,NA,NA
2026,7/9/2015,572,H0521,F,1.22,CMM,35.059,10.741,5.247,4.657,3.127,5.242,3.451,3.915,8.068,7.389,NA,NA
2444,10/8/2015,688,H0521,F,1.46,CMM,37.676,11.559,5.252,5.017,3.435,6.106,3.804,4.562,8.234,7.645,NA,NA
4957,12/8/2016,1383,H0521,F,1.95,CMM,41.196,11.697,6.198,5.175,4.123,5.425,4.622,5.095,8.949,8.174,NA,NA
797,11/12/2014,237,H0522,F,0.33,TW,22.969,7.685,4.41,3.309,2.389,3.716,1.727,1.749,4.242,3.723,AS - Remeasured Humerus,RM Set 1
626,10/15/2014,184,H0522,F,0.2,TW,20.265,6.537,4.122,2.769,1.797,2.216,NA,1.937,3.724,3.36,NA,NA
1118,1/19/2015,326,H0522,F,0.45,TW,27.021,8.904,4.286,3.785,2.502,3.986,2.815,2.959,5.616,4.945,NA,NA
1593,4/8/2015,451,H0522,F,0.63,CMM,28.943,9.385,4.607,4.122,3.111,3.534,3.075,3.585,6.398,6.159,NA,NA
2022,7/9/2015,570,H0522,F,0.86,CMM,31.7,9.993,5.128,4.203,2.897,5.356,3.578,3.914,7.451,6.819,NA,NA
2534,10/20/2015,709,H0522,F,1.16,CMM,34.694,10.56,5.115,4.492,3.275,5.059,3.692,3.924,7.814,7.258,NA,NA
4955,12/8/2016,1382,H0522,F,1.77,CMM,40.164,11.709,6.042,4.929,4.207,6.386,4.452,5.129,8.782,7.775,NA,NA
802,11/12/2014,238,H0523,M,0.4,TW,24.25,8.346,4.39,3.468,2.503,3.648,1.88,1.95,4.534,3.998,AS - Remeasured Humerus,RM Set 1
702,10/22/2014,207,H0523,M,0.25,TW,20.842,6.79,4.119,2.772,2.079,2.243,1.621,1.769,3.978,3.535,NA,NA
1112,1/19/2015,325,H0523,M,0.5,TW,28.275,8.943,4.559,3.806,2.644,4.32,2.791,2.981,5.872,5.294,NA,NA
1640,4/15/2015,462,H0523,M,0.82,CMM,31.413,9.828,5.496,4.405,3.066,4.414,2.504,3.214,6.853,6.164,NA,NA
2056,7/16/2015,580,H0523,M,1.09,CMM,35.539,10.895,5.424,4.831,3.327,5.723,3.69,4.324,8.065,7.497,NA,NA
2530,10/20/2015,708,H0523,M,1.63,CMM,39.23,11.857,5.712,5.265,3.224,6.417,4.755,5.528,8.984,8.158,NA,NA
4950,12/8/2016,1380,H0523,M,6.26,CMM,55.363,14.231,8.366,6.682,5.495,8.878,6.599,7.828,12.582,11.193,NA,NA
627,10/15/2014,184,H0524,M,0.23,TW,20.676,6.741,4.002,2.516,1.983,2.123,1.599,1.861,3.928,3.585,"AS - Pectoral, Radius, and Ulna",RM Set 1
4959,12/8/2016,1384,H0524,M,3.32,CMM,51.017,14.338,7.817,7.287,5.147,8.588,4.911,5.145,11.441,10.23,AS - Remeasured Radius,RM Set 1
796,11/12/2014,236,H0524,M,0.38,TW,23.879,8.423,4.428,3.351,2.637,2.606,1.816,2.305,4.439,3.958,NA,NA
1072,1/8/2015,314,H0524,M,0.51,TW,28.211,9.099,4.796,4.141,2.786,3.863,2.993,3.083,5.941,5.287,NA,NA
1597,4/8/2015,452,H0524,M,0.63,CMM,30.14,9.706,4.927,4.451,2.844,4.314,2.677,3.37,6.744,5.845,NA,NA
2025,7/9/2015,571,H0524,M,0.96,CMM,33.989,10.695,5.566,4.746,3.047,5.113,3.604,3.93,7.489,6.712,NA,NA
2443,10/8/2015,687,H0524,M,1.4,CMM,37.842,11.471,5.473,4.644,3.218,5.658,3.426,3.726,8.416,7.86,NA,NA
631,10/15/2014,185,H0525,F,0.23,TW,20.45,6.551,3.906,2.883,1.899,2.708,1.933,2.032,4.126,3.73,NA,NA
793,11/12/2014,236,H0525,F,0.35,TW,22.649,7.495,4.32,3.318,2.19,2.562,2.157,2.257,4.506,3.861,NA,NA
1077,1/8/2015,315,H0525,F,0.4,TW,25.374,7.879,4.3,3.398,2.426,3.535,2.514,2.55,5.323,4.555,NA,NA
1595,4/8/2015,452,H0525,F,0.55,CMM,26.602,8.903,4.356,3.753,2.567,3.974,2.765,3.474,5.766,5.263,NA,NA
2024,7/9/2015,571,H0525,F,0.78,CMM,29.989,9.336,4.588,4.115,2.607,4.735,3.273,3.52,6.638,6.341,NA,NA
2442,10/8/2015,687,H0525,F,0.94,CMM,31.355,9.41,4.812,4.287,2.837,4.782,3.641,3.939,7.216,6.783,NA,NA
4958,12/8/2016,1383,H0525,F,1.7,CMM,39.074,10.796,5.754,5.076,4.539,6.414,4.634,4.846,8.729,7.551,NA,NA
630,10/15/2014,185,H0526,M,0.19,TW,19.361,6.408,4.066,2.778,1.713,2.668,NA,NA,4.294,3.531,NA,NA
787,11/12/2014,235,H0526,M,0.22,TW,20.806,7.368,4.164,2.717,2.476,2.616,1.988,1.989,4.147,3.475,NA,NA
526,9/24/2014,154,H0527,M,0.33,TW,21.187,7.813,4.261,3.251,2.101,2.746,2.242,2.329,4.051,3.558,NA,NA
704,10/22/2014,208,H0529,M,0.27,TW,20.944,7.094,4.312,2.976,2.199,2.142,1.583,2.226,3.916,3.314,AS - Remeasured Radius and Ulna,RM Set 1
810,11/18/2014,240,H0529,M,0.38,TW,24.781,8.26,4.549,3.826,2.841,3.035,2.188,2.358,4.77,4.143,NA,NA
1107,1/19/2015,324,H0529,M,0.47,TW,27.878,9.102,4.599,3.778,2.554,4.216,2.791,2.963,5.963,5.249,NA,NA
1634,4/15/2015,461,H0529,M,0.85,CMM,32.061,10.325,5.926,4.991,3.212,4.495,3.679,3.898,7.283,6.536,NA,NA
2052,7/16/2015,579,H0529,M,1.34,CMM,38.437,11.782,6.013,5.448,3.51,6.526,4.719,4.909,8.465,7.994,NA,NA
2527,10/20/2015,707,H0529,M,2.03,CMM,44.529,13.771,6.051,5.795,4.295,6.78,5.265,5.772,10.326,9.316,NA,NA
706,10/22/2014,208,H0530,M,0.25,TW,20.223,6.84,3.968,2.602,2.266,2.653,1.738,1.662,3.51,3.239,NA,NA
813,11/18/2014,240,H0530,M,0.39,TW,23.995,8.245,4.479,3.54,2.465,2.725,2.13,2.429,4.581,4.102,NA,NA
1108,1/19/2015,324,H0530,M,0.39,TW,26.043,8.769,4.614,3.44,2.492,3.817,2.745,2.798,5.227,4.737,NA,NA
1633,4/15/2015,461,H0530,M,0.58,CMM,28.549,9.362,4.641,3.931,2.447,4.821,3.012,3.465,6.091,5.696,NA,NA
2051,7/16/2015,579,H0530,M,0.94,CMM,30.805,9.75,5.133,4.325,2.861,4.761,3.329,4.007,7.116,6.507,NA,NA
2526,10/20/2015,707,H0530,M,1.45,CMM,34.201,10.84,5.07,5.006,3.182,5.367,3.871,4.182,7.701,7.271,NA,NA
747,10/30/2014,220,H0531,M,0.29,TW,21.379,6.873,4.178,3.25,2.042,2.465,1.407,1.853,4.239,3.793,AS - Remeasured Radius and Ulna,RM Set 1
808,11/18/2014,239,H0531,M,0.36,TW,23.873,8.353,4.422,3.567,2.239,2.814,2.129,2.237,4.616,3.916,NA,NA
1102,1/19/2015,323,H0531,M,0.47,TW,25.983,8.455,4.621,3.968,2.421,3.683,2.652,2.789,5.4,4.704,NA,NA
1703,4/22/2015,479,H0531,M,0.61,CMM,29.208,9.771,4.974,3.983,2.762,4.72,3.108,3.726,6.716,6.012,NA,NA
2099,7/23/2015,594,H0531,M,1.16,CMM,33.518,11.403,5.347,4.352,3.153,5.714,3.896,4.324,8.249,7.574,NA,NA
2617,10/21/2015,730,H0531,M,1.6,CMM,38.143,12.058,5.755,5.157,3.349,6.298,4.627,4.947,8.59,7.795,NA,NA
707,10/22/2014,208,H0532,F,0.23,TW,18.829,5.943,3.14,2.728,2.258,2.521,1.617,1.766,3.556,3.233,AS - Remeasured Pectoral and Pelvic,RM Set 1
806,11/18/2014,239,H0532,F,0.35,TW,23.254,7.887,3.949,3.459,2.584,2.76,2.272,2.412,4.656,4.074,NA,NA
1109,1/19/2015,324,H0532,F,0.41,TW,25.692,7.995,4.318,4.239,2.905,3.937,2.438,2.711,5.72,4.896,NA,NA
1632,4/15/2015,461,H0532,F,0.66,CMM,27.616,8.561,5.058,3.8,2.782,4.328,3.353,3.696,6.708,6.154,NA,NA
2050,7/16/2015,579,H0532,F,0.88,CMM,31.952,9.954,4.87,4.233,2.88,5.047,3.792,4.104,7.311,6.995,NA,NA
2619,10/21/2015,731,H0532,F,1.22,CMM,33.152,9.752,5.402,4.619,3.436,6.404,3.686,4.362,8.582,8.021,NA,NA
705,10/22/2014,208,H0533,F,0.24,TW,20.036,6.36,3.834,2.587,1.89,2.199,1.522,1.718,4.049,3.561,NA,NA
812,11/18/2014,240,H0533,F,0.35,TW,23.536,7.826,4.282,3.561,2.439,2.747,2.012,2.196,4.747,3.981,NA,NA
1110,1/19/2015,324,H0533,F,0.53,TW,28.124,8.808,4.661,4.569,2.688,3.942,2.988,3.064,5.891,5.309,NA,NA
1636,4/15/2015,462,H0533,F,0.95,CMM,32.329,9.549,5.527,4.952,3.38,4.771,3.772,4.128,7.433,7.174,NA,NA
2053,7/16/2015,580,H0533,F,1.13,CMM,35.553,11.19,5.39,4.907,3.65,5.393,4.096,4.485,7.886,7.161,NA,NA
2529,10/20/2015,708,H0533,F,1.7,CMM,37.616,11.139,5.385,5.832,3.747,6.162,4.446,4.505,8.592,7.468,NA,NA
745,10/30/2014,220,H0534,F,0.19,TW,19.673,6.532,4.063,3.046,1.832,2.423,NA,NA,4.032,3.453,NA,NA
809,11/18/2014,239,H0534,F,0.33,TW,22.607,7.482,4.292,3.414,2.443,2.407,1.793,2.069,4.154,3.738,NA,NA
1105,1/19/2015,323,H0534,F,0.45,TW,25.51,8.322,4.703,3.904,2.45,3.583,2.644,2.69,5.247,4.689,NA,NA
1702,4/22/2015,479,H0534,F,0.69,CMM,29.759,9.596,4.907,4.051,2.598,4.343,2.845,3.368,6.308,6.005,NA,NA
2100,7/23/2015,594,H0534,F,0.99,CMM,32.483,10.331,5.185,4.489,2.996,5.111,3.659,4.067,6.756,6.227,NA,NA
2616,10/21/2015,730,H0534,F,1.36,CMM,35.518,11.344,5.5,5.326,3.211,5.327,3.954,4.214,7.777,7.148,NA,NA
703,10/22/2014,207,H0535,M,0.21,TW,20.331,6.872,3.825,2.683,1.914,2.225,1.458,2.399,3.898,3.376,AS - Remeasured Ulna,RM Set 1
811,11/18/2014,240,H0535,M,0.32,TW,23.411,7.868,4.346,3.574,2.607,2.763,1.727,2.062,4.556,3.696,NA,NA
1111,1/19/2015,325,H0535,M,0.46,TW,27.226,8.559,4.76,NA,2.736,4.202,2.735,2.886,5.562,4.998,NA,NA
1635,4/15/2015,461,H0535,M,0.83,CMM,31.008,9.894,5.665,4.315,2.808,4.561,3.412,3.591,6.463,6.037,NA,NA
2054,7/16/2015,580,H0535,M,1.12,CMM,35.967,10.604,5.698,4.74,3.283,6.009,4.042,4.322,8.643,7.694,NA,NA
2528,10/20/2015,707,H0535,M,1.69,CMM,40.521,11.962,5.87,5.876,3.753,6.752,4.608,4.892,8.978,8.132,NA,NA
739,10/30/2014,218,H0536,M,0.27,TW,21.653,7.053,4.001,NA,1.705,2.722,NA,NA,4.035,3.617,NA,NA
807,11/18/2014,239,H0536,M,0.4,TW,23.977,7.648,4.204,3.675,2.717,2.819,2.253,2.283,4.542,3.97,NA,NA
1104,1/19/2015,323,H0536,M,0.52,TW,27.483,8.794,4.989,4.413,2.773,4.219,3.065,3.075,5.533,5.166,NA,NA
1701,4/22/2015,479,H0536,M,0.92,CMM,33.536,10.609,5.054,4.249,3.076,5.045,3.942,4.298,7.309,6.675,NA,NA
2101,7/23/2015,594,H0536,M,1.18,CMM,35.193,11.056,5.525,4.837,3.194,5.662,3.845,4.581,8.396,7.649,NA,NA
2618,10/21/2015,731,H0536,M,1.66,CMM,40.066,11.937,6.232,5.47,4.093,7.102,4.735,5.223,9.542,8.879,NA,NA
748,10/30/2014,220,H0540,F,0.2,TW,20.641,6.503,3.972,2.894,1.969,NA,NA,NA,4.153,3.744,NA,NA
829,12/1/2014,245,H0540,F,0.35,TW,25.731,8.496,4.199,3.516,2.753,2.862,2.337,2.716,4.616,4.263,NA,NA
1106,1/19/2015,323,H0540,F,0.42,TW,26.592,8.512,4.734,NA,2.462,4.266,3.114,3.116,5.576,5.222,NA,NA
1705,4/22/2015,480,H0540,F,0.88,CMM,32.598,9.883,4.941,3.945,2.859,4.909,3.305,4.011,7.6,6.94,NA,NA
2097,7/23/2015,593,H0540,F,1.07,CMM,35.376,10.677,4.998,4.374,3.122,5.03,3.737,4.223,7.774,7.062,NA,NA
2614,10/21/2015,729,H0540,F,1.33,CMM,37.457,11.145,5.388,5.142,3.414,5.634,4.11,4.424,7.876,7.805,NA,NA
746,10/30/2014,220,H0541,M,0.19,TW,20.541,6.749,3.81,2.542,1.678,2.344,NA,NA,3.974,3.453,NA,NA
827,12/1/2014,245,H0541,M,0.37,TW,24.946,8.482,4.664,3.287,2.754,3.118,2.34,2.499,5.009,4.094,NA,NA
1103,1/19/2015,323,H0541,M,0.49,TW,26.628,8.558,4.845,4.009,2.807,3.849,2.833,2.804,5.742,5.02,NA,NA
1704,4/22/2015,480,H0541,M,0.89,CMM,31.472,9.955,5.111,4.089,2.853,5.029,3.802,4.243,7.251,6.624,NA,NA
2098,7/23/2015,593,H0541,M,1.24,CMM,36.407,11.195,5.311,4.605,3.307,5.832,4.255,4.767,9.038,8.082,NA,NA
2615,10/21/2015,730,H0541,M,1.65,CMM,41.245,12.523,5.693,5.638,3.564,6.813,5.186,5.77,9.563,8.537,NA,NA
5087,2/13/2017,1418,H0541,M,5.56,CMM,55.936,15.246,9.793,7.705,5.678,9.108,6.324,7.495,12.866,10.914,NA,NA
2711,10/28/2015,750,H0542,M,1.62,RH,39.015,12.257,6.188,5.646,3.844,6.767,4.166,4.924,9.525,8.604,Moving during image,NA
750,11/4/2014,221,H0542,M,0.29,TW,22.153,7.204,4.277,3.093,2.015,2.607,1.897,2.055,4.362,3.58,NA,NA
830,12/1/2014,245,H0542,M,0.38,TW,25.716,8.708,4.717,3.498,2.52,3.056,2.407,2.695,5.116,4.376,NA,NA
1171,2/9/2015,337,H0542,M,0.56,TW,28.793,9.346,5.165,4.207,2.886,4.469,3.076,3.151,6.006,5.436,NA,NA
1713,4/29/2015,483,H0542,M,0.86,AN,34.987,10.369,4.913,4.367,3.102,5.125,3.823,4.466,7.01,6.459,NA,NA
2109,7/30/2015,597,H0542,M,1.34,CMM,38.159,11.816,5.302,5.039,3.519,6.308,4.42,4.966,8.958,8.114,NA,NA
5085,2/13/2017,1417,H0542,M,6.62,CMM,59.077,14.936,9.585,7.789,6.124,9.86,6.863,7.282,12.823,11.527,NA,NA
742,10/30/2014,219,H0543,M,0.19,TW,20.915,6.653,3.876,NA,1.661,2.758,NA,NA,4.094,3.562,NA,NA
831,12/1/2014,246,H0543,M,0.32,TW,24.125,7.846,4.236,3.198,2.463,2.857,2.058,2.041,4.704,4.048,NA,NA
1167,2/9/2015,337,H0543,M,0.55,TW,27.645,9.139,5.273,4.366,2.916,4.043,3.128,3.131,5.974,5.201,NA,NA
1706,4/22/2015,480,H0543,M,0.88,CMM,32.762,10.629,5.483,4.433,3.076,5.112,3.997,4.168,7.508,6.597,NA,NA
2096,7/23/2015,593,H0543,M,1.36,CMM,36.68,11.044,5.611,5.507,3.348,5.593,4.085,4.802,8.814,7.707,NA,NA
2710,10/28/2015,750,H0543,M,1.62,RH,39.122,12.113,6.183,5.608,3.745,6.449,5.066,5.182,9.027,7.841,NA,NA
5086,2/13/2017,1417,H0543,M,5.91,CMM,56.172,15.202,9.714,7.711,5.492,8.934,6.828,7.059,12.752,10.621,NA,NA
778,11/12/2014,230,H0544,M,0.26,TW,21.456,7.338,4.309,2.552,2.245,2.459,1.762,1.85,4.127,3.607,AS - Remeasured Pectoral,RM Set 1
852,12/2/2014,254,H0544,M,0.42,TW,26.049,8.416,4.695,3.843,2.506,3.704,2.733,2.891,5.24,4.757,NA,NA
1217,2/10/2015,348,H0544,M,0.62,TW,27.787,9.067,4.951,4.687,3.073,4.172,3.038,3.052,6.011,5.115,NA,NA
1716,4/29/2015,484,H0544,M,1.11,CMM,34.848,11.04,5.22,4.415,3.255,4.926,4.079,4.251,7.971,7.054,NA,NA
2126,8/6/2015,602,H0544,M,1.68,CMM,39.958,12.563,5.682,5.492,3.732,6.027,4.298,4.505,9.367,8.64,NA,NA
2759,11/4/2015,763,H0544,M,1.99,CMM,43.586,13.603,5.786,6.506,4.111,7.365,5.411,5.734,9.594,8.709,NA,NA
5081,2/13/2017,1415,H0544,M,4.5,CMM,57.298,16.527,10.209,8.084,5.611,9.049,6.074,7.073,13.351,11.257,NA,NA
772,11/12/2014,229,H0545,F,0.24,TW,20.183,6.592,4.36,2.744,1.885,2.003,1.378,2.313,3.797,3.297,AS - Remeasured Ulna,RM Set 1
858,12/2/2014,255,H0545,F,0.27,TW,22.205,7.276,4.042,3.384,2.277,2.621,2.013,2.117,4.378,3.847,NA,NA
1218,2/10/2015,348,H0545,F,0.48,TW,26.889,8.574,4.382,4.035,2.591,3.85,2.516,2.793,5.195,4.885,NA,NA
1755,5/6/2015,494,H0545,F,0.71,AN,31.621,9.179,4.245,3.986,2.616,4.873,3.27,3.747,5.921,5.629,NA,NA
2125,8/6/2015,602,H0545,F,0.93,CMM,32.419,9.981,4.678,4.423,2.812,4.887,3.619,3.793,6.885,6.202,NA,NA
2757,11/4/2015,762,H0545,F,1.03,CMM,32.769,10.07,5.765,4.693,3.124,5.266,3.71,3.629,7.183,6.166,NA,NA
5080,2/13/2017,1414,H0545,F,1.83,CMM,40.153,11.31,7.133,5.31,3.579,5.879,3.72,4.1,8.834,7.526,NA,NA
777,11/12/2014,230,H0546,M,0.24,TW,21.368,7.044,4.214,2.777,1.873,2.75,1.485,1.707,4.089,3.346,AS - Remeasured Humerus,RM Set 1
857,12/2/2014,255,H0546,M,0.28,TW,23.025,7.775,4.148,3.44,2.257,2.918,2.203,2.078,4.422,3.996,NA,NA
1216,2/10/2015,348,H0546,M,0.42,TW,25.738,8.275,4.526,3.639,2.304,3.591,2.445,2.507,5.456,4.755,NA,NA
1714,4/29/2015,483,H0546,M,0.83,AN,33.62,10.216,4.618,3.97,2.757,4.985,3.747,4.499,6.881,5.978,NA,NA
2128,8/6/2015,603,H0546,M,1.14,CMM,33.598,10.5,5.252,4.832,3.163,5.24,3.724,3.941,7.518,6.96,NA,NA
2761,11/4/2015,764,H0546,M,1.49,CMM,39.977,11.96,5.792,5.369,3.55,6.432,4.671,5.097,8.632,8.761,NA,NA
5084,2/13/2017,1416,H0546,M,5.07,CMM,57.047,15.107,10.34,8.051,4.979,8.561,5.539,6.757,12.271,10.99,NA,NA
776,11/12/2014,230,H0547,M,0.27,TW,22.535,7.35,4.2,2.627,1.942,2.376,1.622,1.83,4.413,3.785,"AS - Remeasured Pectoral, Humerus, and Radius",RM Set 1
5082,2/13/2017,1415,H0547,M,4.05,CMM,49.299,13.715,9.856,7.302,4.929,7.598,4.251,4.79,11.116,10.022,AS - Remeasured Radius,RM Set 1
853,12/2/2014,254,H0547,M,0.38,TW,23.434,7.662,4.543,3.845,2.593,3.245,2.106,2.183,4.694,4.142,NA,NA
1219,2/10/2015,348,H0547,M,0.42,TW,26.581,8.405,4.831,3.662,2.277,3.575,2.638,2.785,5.219,5.05,NA,NA
1718,4/29/2015,484,H0547,M,0.7,CMM,29.553,9.109,4.957,4.169,2.524,4.478,3.185,3.644,6.316,6.074,NA,NA
2127,8/6/2015,602,H0547,M,1,CMM,33.005,10.736,4.963,4.313,2.854,4.794,3.433,3.975,6.962,6.876,NA,NA
2758,11/4/2015,763,H0547,M,1.15,CMM,36.031,11.472,5.347,4.562,3.124,5.344,4.06,4.48,7.76,7.756,NA,NA
779,11/12/2014,230,H0548,M,0.25,TW,20.79,7.141,4.388,2.955,2.311,2.238,1.758,1.999,4.139,3.57,NA,NA
854,12/2/2014,254,H0548,M,0.36,TW,23.594,8.093,4.389,4.111,2.851,3.44,2.408,2.578,4.789,4.359,NA,NA
1221,2/10/2015,349,H0548,M,0.44,TW,26.387,8.613,4.448,3.852,2.7,3.438,2.864,2.972,5.439,4.864,NA,NA
1717,4/29/2015,484,H0548,M,0.73,CMM,31.792,10.179,4.87,4.081,2.714,4.586,3.641,3.973,6.931,6.482,NA,NA
2129,8/6/2015,603,H0548,M,1.38,CMM,35.091,11.326,5.36,4.773,3.553,5.191,3.852,4.433,8.515,7.447,NA,NA
2760,11/4/2015,763,H0548,M,1.61,CMM,38.722,12.429,5.864,5.759,3.731,6.25,4.421,4.724,8.67,7.847,NA,NA
5083,2/13/2017,1416,H0548,M,4.97,CMM,56.223,15.638,10.105,7.622,6.328,8.58,6.078,6.939,13.005,11.374,NA,NA
832,12/1/2014,246,H0549,M,0.33,TW,22.602,7.594,4.168,3.214,2.358,2.53,1.539,1.877,4.318,3.539,AS - Remeasured Ulna,RM Set 1
749,11/4/2014,221,H0549,M,0.26,TW,20.012,6.514,3.753,2.613,1.842,NA,1.599,1.679,3.761,3.042,NA,NA
774,11/12/2014,229,H0552,F,0.22,TW,20.817,6.74,4.381,2.845,1.974,2.952,1.539,1.907,3.816,3.37,AS - Remeasured Humerus,RM Set 1
904,12/10/2014,269,H0552,F,0.29,TW,23.947,7.83,4.127,NA,2.339,3.113,2.337,2.364,4.882,4.251,NA,NA
1223,2/10/2015,349,H0552,F,0.51,TW,28.279,8.874,4.76,3.955,2.825,4.018,2.918,3.092,5.651,5.03,NA,NA
1753,5/6/2015,493,H0552,F,0.95,CMM,33.133,10.477,5.109,4.534,3.039,4.568,3.764,4.463,7.522,6.858,NA,NA
2123,8/6/2015,601,H0552,F,1.31,CMM,36.072,10.64,5.494,4.692,3.129,5.632,3.789,4.119,8.03,7.282,NA,NA
2755,11/4/2015,762,H0552,F,1.43,CMM,36.886,11.077,5.551,5.163,3.478,5.45,3.624,4.011,7.931,7.101,NA,NA
5078,2/13/2017,1414,H0552,F,2.14,CMM,44.154,12.25,7.69,6.128,3.961,7.222,4.985,5.25,9.777,8.184,NA,NA
773,11/12/2014,229,H0553,M,0.25,TW,21.266,7.195,4.265,3.086,2.325,2.511,1.756,2.007,3.981,3.521,AS - Remeasured Radius,RM Set 1
851,12/2/2014,254,H0553,M,0.39,TW,23.784,8.171,4.624,3.561,2.483,3.425,2.443,2.529,4.761,4.446,NA,NA
1222,2/10/2015,349,H0553,M,0.53,TW,28.601,9.253,4.852,3.931,2.802,4.086,3.087,3.23,5.974,5.592,NA,NA
1756,5/6/2015,494,H0553,M,0.98,AN,37.251,11.356,4.808,4.518,3.278,5.52,3.8,4.299,7.577,6.941,NA,NA
2124,8/6/2015,601,H0553,M,1.41,CMM,38.506,12.142,5.249,4.979,3.775,5.892,4.394,5.146,8.594,8.11,NA,NA
2756,11/4/2015,762,H0553,M,1.8,CMM,40.038,12.492,6.261,5.47,4.042,7.095,4.761,5.187,9.697,9.055,NA,NA
5079,2/13/2017,1414,H0553,M,5.89,CMM,55.951,14.898,9.77,7.911,5.823,9.049,5.77,6.902,12.871,10.794,NA,NA
820,11/19/2014,243,H0554,M,0.25,TW,21.177,6.881,3.907,2.414,1.95,2.406,1.776,1.937,3.977,3.22,NA,NA
905,12/10/2014,269,H0554,M,0.29,TW,23.251,7.689,4.295,2.917,2.096,2.761,2.238,2.324,4.656,4.11,NA,NA
1263,2/11/2015,360,H0554,M,0.44,TW,26.17,8.507,5.06,3.131,2.365,3.058,2.366,2.337,5.413,5.029,NA,NA
1784,5/13/2015,503,H0554,M,0.83,CMM,31.739,10.242,5.25,NA,2.801,4.589,3.345,3.834,7.207,6.529,NA,NA
2141,8/13/2015,607,H0554,M,1.16,CMM,35.468,11.693,5.209,4.436,3.425,5.707,4.024,4.185,8.333,7.088,NA,NA
2819,11/10/2015,778,H0554,M,1.58,CMM,36.835,11.837,5.54,4.881,3.883,6.188,4.148,4.169,8.53,7.928,NA,NA
5077,2/13/2017,1413,H0554,M,5.55,CMM,53.956,15.095,10.745,7.049,5.478,9.312,6.669,7.272,12.182,10.551,NA,NA
822,11/19/2014,243,H0558,M,0.24,TW,20.409,6.87,3.869,2.638,2.045,2.928,1.854,1.88,3.944,3.543,AS - Remeasured Humerus and Radius,RM Set 1
947,12/17/2014,283,H0558,M,0.29,TW,22.718,7.43,4.154,NA,1.804,2.669,2.023,2.168,4.689,4.023,NA,NA
1264,2/11/2015,360,H0558,M,0.42,TW,25.593,8.485,4.627,3.424,2.408,3.222,2.73,3.012,5.13,4.735,NA,NA
1783,5/13/2015,503,H0558,M,0.82,CMM,31.43,9.676,5.26,4.37,2.935,4.476,3.23,3.611,6.715,6.097,NA,NA
2142,8/13/2015,607,H0558,M,1.25,CMM,36.178,11.078,5.181,5.029,3.469,5.571,3.859,4.639,8.401,7.15,NA,NA
2820,11/10/2015,778,H0558,M,1.84,CMM,38.437,11.667,5.993,5.762,4.004,5.947,3.574,4.109,8.552,8.013,NA,NA
5076,2/13/2017,1413,H0558,M,5.52,CMM,58.548,15.887,10.837,8.745,5.453,9.006,5.775,7.107,12.498,11.038,NA,NA
824,12/1/2014,244,H0559,F,0.23,TW,20.812,6.768,3.821,2.887,2.094,2.1,1.832,1.949,3.95,3.471,NA,NA
988,1/1/2015,294,H0559,F,0.24,TW,23.279,7.332,4.123,NA,2.227,3.045,2.351,NA,4.571,4.098,NA,NA
1888,5/27/2015,530,H0559,F,0.91,CMM,33.636,10.469,5.016,4.912,3.083,5.173,3.813,4.232,7.04,6.502,NA,NA
2144,8/20/2015,608,H0559,F,1.07,CMM,34.387,10.849,5.068,4.532,3.094,5.255,3.599,4.079,7.243,6.828,NA,NA
2860,11/18/2015,787,H0559,F,1.38,CMM,36.675,10.824,5.477,4.814,3.518,5.443,3.894,4.169,8.207,7.242,NA,NA
5074,2/13/2017,1412,H0559,F,1.73,CMM,40.571,11.426,6.938,5.263,4.025,5.925,3.789,4.184,8.521,7.337,NA,NA
1306,2/18/2015,371,H0559,F,0.24,TW,26.623,8.637,4.504,3.528,2.532,3.63,3.154,3.177,5.612,4.753,,Mass/SVL check
825,12/1/2014,244,H0560,M,0.26,TW,21.806,6.816,3.966,2.863,2.108,2.275,1.879,2.133,4.115,3.725,AS - Remeasured Humerus,RM Set 1
5073,2/13/2017,1412,H0560,M,7.1,CMM,59.679,15.288,10.198,8.1,5.811,9.47,3.471,5.247,12.683,12.256,AS - Remeasured Radius and Ulna,RM Set 1
990,1/1/2015,294,H0560,M,0.28,TW,23.656,7.91,NA,NA,2.149,3.335,2.424,NA,4.678,4.143,NA,NA
1305,2/18/2015,371,H0560,M,0.52,TW,26.551,8.43,4.917,3.357,2.408,3.577,2.572,2.676,5.752,5.038,NA,NA
1891,5/27/2015,530,H0560,M,1.04,CMM,33.25,10.108,5.452,4.723,3.496,5.237,3.835,4.432,7.769,7.35,NA,NA
2146,8/20/2015,609,H0560,M,1.32,CMM,38.328,12.179,5.328,5.151,3.346,5.898,4.346,5.001,8.515,8.432,NA,NA
2861,11/18/2015,787,H0560,M,1.93,CMM,40.572,11.969,6.26,5.526,3.627,6.225,4.617,5.112,9.737,8.553,NA,NA
1343,2/25/2015,381,H0561,F,0.36,TW,24.014,8.212,3.922,3.046,2.075,3.72,2.782,3.132,5.676,5.258,JG - reameasured head width,RM Set 1
823,12/1/2014,244,H0561,F,0.26,TW,20.407,6.808,3.543,2.824,2.133,2.307,1.372,1.517,3.988,3.443,NA,NA
989,1/1/2015,294,H0561,F,0.29,TW,22.294,6.676,4.242,3.102,2.147,3.206,2.266,2.333,4.632,4.037,NA,NA
1885,5/27/2015,529,H0561,F,0.65,CMM,28.416,8.434,4.355,3.869,2.456,3.757,3.075,3.546,6.104,6.027,NA,NA
2143,8/20/2015,608,H0561,F,0.67,CMM,29.653,8.841,4.401,4.156,2.671,4.892,3.338,3.976,6.482,6.151,NA,NA
2930,11/30/2015,805,H0561,F,0.87,CMM,31.503,9.804,4.659,4.186,3.237,4.882,2.926,3.525,7.42,6.812,NA,NA
828,12/1/2014,245,H0562,F,0.2,TW,20.924,6.96,3.83,2.632,1.956,2.779,1.431,1.683,3.818,3.443,AS - Remeasured Pectoral and Humerus,RM Set 1
948,12/17/2014,283,H0562,F,0.23,TW,21.406,7.078,3.976,NA,2.031,2.646,NA,NA,4.408,3.817,NA,NA
1304,2/18/2015,371,H0562,F,0.47,TW,26.521,8.63,4.462,3.46,2.416,2.99,2.455,2.768,5.479,4.692,NA,NA
1889,5/27/2015,530,H0562,F,0.82,CMM,30.203,9.3,4.919,4.123,3.052,4.82,3.302,3.844,7.047,6.393,NA,NA
2147,8/20/2015,609,H0562,F,0.98,CMM,32.358,10.078,5.021,4.485,2.988,4.767,3.611,3.848,7.276,6.537,NA,NA
2862,11/18/2015,788,H0562,F,1.06,CMM,32.536,10.33,5.262,4.509,3.034,5.314,3.83,4.092,7.947,7.043,NA,NA
5075,2/13/2017,1412,H0562,F,1.85,CMM,40.7,12.266,7.227,5.064,3.469,6.453,5.153,5.418,8.806,7.371,NA,NA
1340,2/25/2015,381,H0563,M,0.4,TW,24.414,8.862,3.918,3.071,2.002,3.979,2.803,2.94,5.871,5.378,JG - reameasured head width,RM Set 1
856,12/2/2014,255,H0563,M,0.27,TW,21.883,7.187,3.793,2.947,2.001,2.451,1.884,2.024,4.12,3.739,NA,NA
987,1/1/2015,294,H0563,M,0.25,TW,22.607,7.028,4.174,NA,2.098,2.928,2.232,2.249,4.657,4.074,NA,NA
1884,5/27/2015,529,H0563,M,0.82,CMM,31.84,9.814,5.047,4.387,3.015,4.745,3.504,3.705,6.694,6.457,NA,NA
2164,8/27/2015,613,H0563,M,1.07,CMM,34.421,10.894,5.031,4.942,3.374,5.336,3.701,3.771,7.425,6.642,NA,NA
2929,11/30/2015,804,H0563,M,1.73,CMM,37.891,11.43,6.175,5.535,3.751,5.676,3.871,4.383,9.043,7.882,NA,NA
5071,2/13/2017,1411,H0563,M,5.45,CMM,55.306,14.441,9.634,7.707,6.029,8.642,6.144,6.597,11.718,10.112,NA,NA
826,12/1/2014,244,H0564,F,0.26,TW,21.247,6.703,3.977,2.826,2.155,2.166,1.456,1.612,3.876,3.405,NA,NA
986,1/1/2015,294,H0564,F,0.28,TW,23.499,7.724,3.948,3.009,2.158,3.135,2.302,2.414,4.375,NA,NA,NA
1307,2/18/2015,371,H0564,F,0.54,TW,26.649,8.222,4.477,3.321,2.723,3.172,2.342,2.316,5.149,4.68,NA,NA
1890,5/27/2015,530,H0564,F,0.79,CMM,31.681,9.51,4.849,4.205,2.846,4.877,3.207,3.823,6.539,6.2,NA,NA
2145,8/20/2015,608,H0564,F,1.04,CMM,33.001,10.105,4.999,4.848,3.15,5.12,3.384,3.734,6.895,6.4,NA,NA
2859,11/18/2015,787,H0564,F,1.16,CMM,33.13,9.106,4.887,4.586,3.243,4.988,3.291,3.753,7.836,6.679,NA,NA
5072,2/13/2017,1411,H0564,F,1.67,CMM,40.958,12.02,6.809,5.686,3.18,6.114,4.514,4.831,8.806,6.749,NA,NA
875,12/9/2014,260,H0565,M,0.22,TW,21.492,7.087,4.024,3.136,2.004,2.779,2.144,2.391,4.125,3.508,NA,NA
993,1/1/2015,295,H0565,M,0.33,TW,22.856,7.382,4.523,3.638,2.494,3.23,2.117,2.269,4.864,4.178,NA,NA
1882,5/27/2015,528,H0565,M,0.75,CMM,29.917,9.519,4.958,4.641,2.849,4.776,3.463,4.024,6.88,6.442,NA,NA
2188,9/3/2015,619,H0565,M,1.08,CMM,33.979,10.884,5.416,4.495,3.331,5.653,3.43,4.003,8.22,7.238,NA,NA
2971,12/2/2015,815,H0565,M,1.77,CMM,40.463,12.144,6.118,5.293,3.857,7.164,5.142,5.4,8.708,8.708,NA,NA
1883,5/27/2015,528,H0566,F,0.59,CMM,27.527,8.878,4.221,3.697,2.465,4.029,2.877,3.421,5.98,5.335,Extra measurements,NA
873,12/9/2014,260,H0566,F,0.23,TW,21.031,6.469,4.004,2.844,1.829,2.586,1.825,NA,4.105,3.666,NA,NA
992,1/1/2015,295,H0566,F,0.29,TW,22.975,7.37,3.91,NA,1.918,NA,NA,NA,4.637,3.846,NA,NA
2187,9/3/2015,619,H0566,F,0.84,CMM,30.355,9.105,4.829,NA,2.584,4.084,2.677,3.344,6.757,6.207,NA,NA
2969,12/2/2015,814,H0566,F,0.96,CMM,33.11,9.776,5.31,4.378,3.177,5.051,3.484,3.813,7.155,6.492,NA,NA
5068,2/13/2017,1409,H0566,F,1.53,CMM,39.971,11.029,6.753,5.096,4.166,6.206,3.365,3.946,8.333,6.974,NA,NA
876,12/9/2014,260,H0567,F,0.27,TW,20.38,6.723,4.147,NA,1.958,2.484,NA,2.026,4.276,3.577,NA,NA
994,1/1/2015,295,H0567,F,0.31,TW,24.266,7.796,4.039,3.481,2.437,3.215,NA,NA,4.984,4.42,NA,NA
1887,5/27/2015,529,H0567,F,0.86,CMM,31.488,9.535,4.851,NA,2.88,5.012,3.621,3.991,7.257,6.248,NA,NA
2189,9/3/2015,619,H0567,F,1.18,CMM,32.74,9.993,5.036,4.414,2.973,4.966,3.395,3.884,7.733,6.46,NA,NA
2970,12/2/2015,815,H0567,F,1.2,CMM,33.894,11.505,6.844,4.397,3.062,5.792,3.822,4.088,7.657,6.768,NA,NA
5069,2/13/2017,1410,H0567,F,1.68,CMM,39.393,11.081,7.396,5.565,4.436,6.568,3.976,4.786,8.833,7.668,NA,NA
855,12/2/2014,255,H0568,M,0.28,TW,21.494,6.942,3.938,3.427,1.989,2.51,2.076,2.099,4.017,3.563,NA,NA
991,1/1/2015,295,H0568,M,0.32,TW,23.166,7.563,4.22,3.253,2.177,2.835,2.196,2.292,4.729,4.213,NA,NA
1886,5/27/2015,529,H0568,M,0.7,CMM,30.465,9.461,4.737,3.951,2.924,4.433,3.053,3.293,6.543,6.038,NA,NA
2163,8/27/2015,613,H0568,M,0.93,CMM,32.787,10.399,4.938,NA,3.078,5.484,3.477,3.781,7.656,6.572,NA,NA
2972,12/2/2015,815,H0568,M,1.36,CMM,36.754,10.826,5.787,5.226,3.287,6.214,4.271,4.651,8.059,7.697,NA,NA
5070,2/13/2017,1410,H0568,M,5.66,CMM,55.319,14.386,10.168,7.571,5.398,8.98,5.386,6.77,12.546,10.942,NA,NA
877,12/9/2014,261,H0569,M,0.26,TW,19.989,6.758,4.093,3.281,2.06,2.753,NA,NA,4.187,3.677,NA,NA
1037,1/8/2015,304,H0569,M,0.38,TW,23.97,8.068,4.699,3.608,2.085,2.824,2.307,2.414,4.994,4.616,NA,NA
1911,6/12/2015,537,H0569,M,1.13,CMM,32.54,10.692,5.328,4.967,3.249,5.448,3.283,4.035,7.833,7.105,NA,NA
2203,9/10/2015,623,H0569,M,1.64,CMM,38.444,12.224,5.63,5.445,3.537,6.389,4.502,4.955,8.574,8.089,NA,NA
3043,12/6/2015,832,H0569,M,2.12,CMM,40.652,12.161,6.482,5.732,3.819,6.836,5.568,5.836,10.279,8.932,NA,NA
5065,2/13/2017,1408,H0569,M,4.71,CMM,52.301,15.243,9.91,7.819,4.99,8.964,6.247,6.728,12.37,10.194,NA,NA
874,12/9/2014,260,H0570,F,0.23,TW,19.994,6.52,4.077,NA,2.084,2.453,NA,NA,3.902,3.518,NA,NA
1036,1/8/2015,304,H0570,F,0.36,TW,23.747,7.658,4.231,3.944,2.335,2.961,2.298,2.21,4.531,4.031,NA,NA
1900,6/5/2015,533,H0570,F,0.92,CMM,31.634,9.936,5.055,4.45,2.963,4.615,3.17,3.488,6.791,6.731,NA,NA
2186,9/3/2015,619,H0570,F,1.1,CMM,33.717,10.473,4.822,4.813,3.108,5.028,2.961,3.848,7.141,6.804,NA,NA
2968,12/2/2015,814,H0570,F,1.15,CMM,35.953,10.822,5.291,4.758,3.201,5.301,3.755,3.999,7.834,7.267,NA,NA
5067,2/13/2017,1409,H0570,F,2.03,CMM,41.98,12.224,7.727,6.167,3.862,5.963,3.834,4.691,9.57,7.967,NA,NA
5066,2/13/2017,1409,H0571,M,4.4,CMM,53.96,14.214,8.748,6.547,4.592,8.899,5.827,7.161,12.753,10.56,AS - Remeasured Pectoral,RM Set 1
878,12/9/2014,261,H0571,M,0.17,TW,19.897,6.582,3.933,3.094,1.922,2.522,1.926,1.926,3.919,3.463,NA,NA
1038,1/8/2015,304,H0571,M,0.33,TW,23.249,7.375,4.223,3.531,2.126,3.141,1.856,2.082,4.947,4.113,NA,NA
1901,6/5/2015,533,H0571,M,0.92,CMM,32.106,9.655,5.352,4.413,3.096,4.664,3.261,3.669,7.146,6.443,NA,NA
2185,9/3/2015,618,H0571,M,1.58,CMM,36.796,11.039,5.149,4.593,3.16,5.828,4.235,4.919,8.589,7.527,NA,NA
2967,12/2/2015,814,H0571,M,1.87,CMM,40.131,11.826,5.939,5.872,3.782,6.531,4.606,4.897,9.312,8.133,NA,NA
946,12/17/2014,283,H0573,F,0.26,TW,21.2,6.919,3.964,NA,1.818,NA,NA,NA,4.156,3.576,NA,NA
1153,1/19/2015,334,H0573,F,0.41,TW,24.503,7.851,4.562,3.784,2.671,3.631,2.431,2.503,4.947,4.341,NA,NA
1456,3/23/2015,413,H0573,F,0.45,TW,27.614,8.719,5.093,3.431,2.266,4.399,3.43,3.639,5.779,5.868,NA,NA
1908,6/12/2015,536,H0573,F,0.99,AN,37.102,9.884,4.875,4.208,2.91,5.237,3.593,4.095,6.96,6.202,NA,NA
2202,9/10/2015,623,H0573,F,1.35,CMM,35.902,10.847,5.162,4.723,3.27,5.678,4.125,4.383,8.343,7.475,NA,NA
3042,12/6/2015,832,H0573,F,1.35,CMM,37.965,11.202,5.367,4.631,3.648,5.67,3.756,4.274,8.8,7.562,NA,NA
1035,1/1/2015,303,H0574,M,0.28,TW,22.23,7.037,3.977,NA,1.913,2.694,2.203,2.33,4.471,3.884,NA,NA
1154,1/19/2015,334,H0574,M,0.37,TW,22.788,7.549,4.401,3.552,2.046,2.776,2.192,2.28,4.648,4.107,NA,NA
1457,3/23/2015,413,H0574,M,0.51,TW,26.918,8.599,5.467,3.67,2.167,4.03,2.822,3.327,6.079,5.116,NA,NA
1926,6/22/2015,542,H0574,M,0.87,CMM,32.165,10.223,4.968,4.328,2.916,4.795,3.574,4.283,7.039,6.526,NA,NA
2268,9/17/2015,639,H0574,M,1.37,CMM,37.261,11.568,5.234,4.901,3.179,5.666,4.095,4.336,8.822,7.439,NA,NA
3123,1/2/2016,853,H0574,M,2.53,CMM,43.018,12.645,6.241,5.23,3.773,6.707,5.348,5.663,9.755,8.737,NA,NA
5064,2/13/2017,1408,H0574,M,4.75,CMM,54.489,15.083,9.35,7.347,5.2,8.658,5.846,6.557,12.747,10.696,NA,NA
1034,1/1/2015,303,H0575,M,0.23,TW,21.641,7.151,4.163,NA,1.804,2.799,2.469,2.448,4.186,3.869,NA,NA
1155,1/19/2015,334,H0575,M,0.32,TW,23.766,7.59,4.319,3.232,2.213,3.042,2.464,2.261,4.702,4.249,NA,NA
1533,3/25/2015,434,H0575,M,0.43,CMM,26.136,8.369,4.459,3.151,2.154,3.304,2.187,3.066,5.277,5.003,NA,NA
1958,6/26/2015,552,H0575,M,0.76,CMM,32.643,10.556,4.81,4.089,2.666,4.392,3.354,3.281,6.964,6.671,NA,NA
2302,9/24/2015,649,H0575,M,1.13,CMM,35.671,11.301,5.189,4.64,3.15,5.592,4.267,4.418,8.358,7.507,NA,NA
3120,1/2/2016,852,H0575,M,1.89,CMM,38.589,11.725,6.053,5.47,3.413,6.946,5.073,5.325,9.141,8.594,NA,NA
5123,2/14/2017,1433,H0575,M,3.51,CMM,49.531,13.921,7.205,6.494,4.307,8.279,4.975,6.231,11.309,9.739,NA,NA
1531,3/25/2015,434,H0577,M,0.44,CMM,26.902,8.973,4.818,3.121,2.6,3.513,2.246,2.623,5.231,4.958,AS - Remeasured Radius,RM Set 1
1032,1/1/2015,303,H0577,M,0.26,TW,21.047,6.762,4.331,NA,1.879,2.604,1.902,1.922,4.173,3.34,NA,NA
1152,1/19/2015,333,H0577,M,0.33,TW,23.189,7.446,4.039,NA,2.021,3.078,2.302,2.298,4.503,3.934,NA,NA
1954,6/26/2015,551,H0577,M,0.76,CMM,32.257,10.291,4.876,4.153,3.033,4.947,2.888,3.867,6.354,5.911,NA,NA
2299,9/24/2015,648,H0577,M,1.32,CMM,37.391,11.605,5.251,4.588,3.146,5.599,4.312,4.645,8.425,7.536,NA,NA
3116,1/2/2016,851,H0577,M,2.28,CMM,42.347,12.761,5.69,5.9,3.676,6.643,5.109,5.443,8.932,8.011,NA,NA
5121,2/14/2017,1432,H0577,M,4.98,CMM,52.901,13.933,8.454,7.682,5.667,8.73,6.234,7.095,12.069,10.582,NA,NA
1031,1/1/2015,303,H0578,M,0.24,TW,19.828,6.716,3.882,NA,1.725,NA,NA,NA,4.007,3.465,NA,NA
1149,1/19/2015,333,H0578,M,0.31,TW,22.887,7.827,4.289,3.609,2.184,3.044,2.3,2.328,4.588,3.937,NA,NA
1462,3/23/2015,414,H0578,M,0.48,TW,27.297,8.517,5.402,4.173,2.069,4.643,3.153,3.73,6.404,5.787,NA,NA
1924,6/22/2015,541,H0578,M,0.96,AN,38.099,10.871,4.784,4.245,3.051,5.224,4.048,4.315,7.681,7.104,NA,NA
2303,9/24/2015,650,H0578,M,1.3,CMM,38.033,12.068,5.485,4.794,3.302,6.061,4.496,4.76,8.87,7.948,NA,NA
3121,1/2/2016,853,H0578,M,2.86,CMM,46.555,13.566,6.481,6.139,4.094,7.528,5.587,5.956,10.437,9.766,NA,NA
5124,2/14/2017,1433,H0578,M,5.16,CMM,56.53,16.173,7.487,6.878,5.415,9.894,7.246,8.542,12.888,10.712,NA,NA
1030,1/1/2015,303,H0579,F,0.29,TW,21.519,6.873,4.111,NA,2.204,2.673,2.063,2.275,4.263,3.89,NA,NA
1156,1/19/2015,334,H0579,F,0.36,TW,23.728,7.205,4.108,3.031,2.002,2.911,2.26,2.327,4.896,4.292,NA,NA
1459,3/23/2015,414,H0579,F,0.5,TW,27.173,8.169,5.238,3.465,2.294,4.099,2.937,3.475,6.038,6.142,NA,NA
1925,6/22/2015,542,H0579,F,0.69,CMM,30.565,9.455,4.916,3.814,2.797,4.81,3.413,4.065,6.868,6.409,NA,NA
2267,9/17/2015,639,H0579,F,1.14,CMM,33.3,10.241,5.007,4.506,3.073,5.096,3.453,3.941,7.588,6.919,NA,NA
3122,1/2/2016,853,H0579,F,1.38,CMM,36.551,10.819,5.193,4.45,3.261,5.355,4.371,4.622,7.748,7.145,NA,NA
5125,2/14/2017,1434,H0579,F,2.08,CMM,41.102,11.999,5.844,4.885,4.119,6.125,4.54,4.88,9.476,8.263,NA,NA
1033,1/1/2015,303,H0581,M,0.23,TW,20.226,6.571,3.908,NA,1.686,2.747,NA,NA,4.027,3.556,NA,NA
1151,1/19/2015,333,H0581,M,0.31,TW,22.623,7.157,4.26,3.19,2.238,3.072,2.136,2.125,4.282,3.892,NA,NA
1524,3/25/2015,431,H0581,M,0.45,TW,27.407,8.384,5.227,NA,2.353,4.309,3.323,3.454,5.978,5.926,NA,NA
1956,6/26/2015,552,H0581,M,0.89,CMM,33.658,10.486,5.11,4.159,3.041,5.115,3.682,4.116,7.122,6.299,NA,NA
2298,9/24/2015,648,H0581,M,1.42,CMM,39.652,12.329,5.771,5.233,3.356,6.553,4.466,5.158,8.595,7.676,NA,NA
3117,1/2/2016,851,H0581,M,2.7,CMM,47.127,13.68,6.328,6.377,3.715,7.712,5.245,5.459,10.07,10.055,NA,NA
5119,2/14/2017,1431,H0581,M,6.03,CMM,58.995,15.461,10.49,8.404,5.628,10.105,6.941,8.259,12.517,11.426,NA,NA
1024,1/1/2015,302,H0582,F,0.24,TW,20.73,6.814,3.968,NA,1.865,2.823,NA,NA,4.114,3.596,NA,NA
1163,2/9/2015,336,H0582,F,0.44,TW,24.296,8.022,4.715,3.824,2.374,3.662,2.329,2.479,5.111,4.471,NA,NA
1519,3/25/2015,430,H0582,F,0.44,TW,26.101,8.202,5.375,4.035,2.627,4.314,3.05,3.076,5.826,5.547,NA,NA
1953,6/26/2015,551,H0582,F,0.71,CMM,29.724,9.299,4.921,4.273,2.946,4.995,3.355,3.649,6.869,6.065,NA,NA
2294,9/24/2015,647,H0582,F,1.07,CMM,32.751,10.059,5.17,4.949,3.313,4.718,3.781,3.984,7.513,6.821,NA,NA
3112,1/2/2016,850,H0582,F,1.4,CMM,35.953,10.954,5.283,5.435,3.686,5.317,4.015,4.396,8.16,7.277,NA,NA
5118,2/14/2017,1430,H0582,F,1.58,CMM,39.052,11.482,5.871,5.601,4.114,6.253,4.322,4.522,8.542,7.446,NA,NA
1051,1/8/2015,307,H0583,M,0.31,TW,22.378,7,4.078,2.957,1.952,2.262,1.725,2.062,4.142,3.73,NA,NA
1158,2/9/2015,335,H0583,M,0.38,TW,25.315,7.902,4.111,3.273,2.694,3.448,2.382,2.454,5.068,4.388,NA,NA
5108,2/14/2017,1427,H0583,F,1.99,CMM,41.254,11.729,6.099,5.58,4.421,6.229,4.225,4.803,8.972,7.691,NA,NA
1526,3/25/2015,432,H0584,M,0.35,TW,24.751,8.115,4.922,3.751,2.353,4.03,2.358,3.106,5.604,5.36,"AS - Remeasured Pectoral, Humerus, Radius, and Ulna",RM Set 1
1029,1/1/2015,302,H0584,M,0.23,TW,20.066,6.723,3.951,NA,1.852,NA,NA,NA,3.924,3.414,NA,NA
1169,2/9/2015,337,H0584,M,0.35,TW,23.853,7.937,4.681,3.329,2.449,3.391,2.491,2.543,5.02,4.225,NA,NA
1950,6/26/2015,550,H0584,M,0.95,CMM,34.389,10.996,5.01,4.551,3.335,5.133,3.431,3.791,7.098,6.342,NA,NA
2297,9/24/2015,648,H0584,M,1.59,CMM,37.647,11.566,5.937,5.649,3.71,6.384,3.637,4.531,8.154,7.532,NA,NA
3114,1/2/2016,850,H0584,M,2.42,CMM,42.018,12.801,6.48,6.251,4.403,7.505,5.365,5.7,9.805,8.854,NA,NA
5117,2/14/2017,1430,H0584,M,4.88,CMM,55.312,15.142,9.591,7.533,5.356,8.82,5.444,6.936,12.83,11.47,NA,NA
1028,1/1/2015,302,H0585,M,0.24,TW,20.781,7.069,3.875,NA,1.811,2.499,NA,NA,4.144,3.512,NA,NA
1150,1/19/2015,333,H0585,M,0.25,TW,21.986,7.265,4.622,NA,2.07,2.994,2.215,2.263,4.271,3.728,NA,NA
1534,3/25/2015,434,H0585,M,0.43,CMM,26.194,8.968,4.652,3.201,2.188,3.664,2.769,2.977,5.385,4.985,NA,NA
1957,6/26/2015,552,H0585,M,0.9,CMM,33.371,10.81,4.977,4.812,3.151,5.139,3.739,4.136,7.072,6.615,NA,NA
2301,9/24/2015,649,H0585,M,1.68,CMM,39.839,12.896,5.953,5.718,3.825,5.721,5.017,5.332,9.422,8.217,NA,NA
3119,1/2/2016,852,H0585,M,2,CMM,42.467,12.952,6.855,7.032,4.519,7.303,5.555,5.836,10.073,9.472,NA,NA
5122,2/14/2017,1432,H0585,M,4.81,CMM,54.097,14.665,9.974,8.014,5.542,9.439,6.611,7.378,11.925,11.06,NA,NA
1133,1/19/2015,330,H0586,F,0.3,TW,21.735,6.901,4.138,3.134,2.061,2.765,1.85,2.018,4.155,3.602,NA,NA
1261,2/11/2015,359,H0586,F,0.43,TW,25.263,8.141,4.816,3.552,2.808,3.606,2.262,2.522,5.147,4.683,NA,NA
1620,4/8/2015,458,H0586,F,0.38,CMM,25.551,8.064,4.361,3.439,2.536,4.014,2.588,2.928,5.264,4.947,NA,NA
2009,7/9/2015,567,H0586,F,0.86,RH,30.775,9.373,4.983,4.228,2.957,4.859,3.559,4.166,6.659,6.246,NA,NA
2434,10/8/2015,685,H0586,F,1.27,CMM,35.397,10.705,5.2,4.445,3.418,5.034,4.13,4.519,7.545,7.084,NA,NA
3206,1/10/2016,876,H0586,F,1.25,CMM,35.474,10.225,5.829,4.843,3.875,5.235,3.766,4.187,7.613,7.395,NA,NA
1045,1/8/2015,306,H0587,F,0.23,TW,19.915,6.737,3.99,NA,2.14,2.576,1.937,2.112,3.879,3.578,NA,NA
1208,2/10/2015,346,H0587,F,0.43,TW,23.771,7.838,4.777,4.213,2.342,3.15,2.039,2.418,4.794,4.309,NA,NA
1547,4/1/2015,439,H0587,F,0.46,CMM,25.218,8.414,4.452,3.364,2.422,2.938,2.133,2.464,5.54,4.97,NA,NA
1971,7/2/2015,556,H0587,F,0.92,CMM,31.547,10.034,4.98,4.48,2.902,4.573,3.133,3.528,6.769,6.393,NA,NA
2356,10/1/2015,664,H0587,F,0.98,CMM,32.777,10.722,4.999,5.145,3.448,4.927,3.65,4.034,7.835,6.763,NA,NA
3148,1/10/2016,860,H0587,F,1.15,CMM,34.563,11.187,5.27,4.887,3.402,5.547,3.532,3.49,7.707,7.336,NA,NA
2437,10/8/2015,686,H0589,F,1.04,CMM,32.426,10.116,4.936,4.714,3.058,3.981,2.397,2.903,7.226,6.876,AS - Remeasured Radius,RM Set 1
1142,1/19/2015,331,H0589,F,0.27,TW,20.175,6.712,3.937,NA,1.871,2.359,1.652,1.799,3.914,3.472,NA,NA
1204,2/10/2015,345,H0589,F,0.31,TW,23.021,7.391,4.224,NA,2.575,3.285,2.142,NA,4.723,4.185,NA,NA
1607,4/8/2015,455,H0589,F,0.39,CMM,24.488,7.82,4.661,3.516,2.259,3.478,2.569,2.947,5.302,5.028,NA,NA
2012,7/9/2015,568,H0589,F,0.69,CMM,29.166,9.113,4.698,4.337,2.497,4.15,2.78,3.406,6.788,6.079,NA,NA
3207,1/10/2016,876,H0589,F,1.2,CMM,34.042,10.617,5.801,5.137,3.489,4.956,3.61,3.818,7.714,7.204,NA,NA
1039,1/8/2015,305,H0590,F,0.2,TW,20.44,6.855,4.093,2.893,1.898,2.652,NA,NA,3.928,3.501,NA,NA
1214,2/10/2015,347,H0590,F,0.3,TW,22.636,7.433,4.32,3.537,2.369,3.391,NA,NA,4.734,3.977,NA,NA
1548,4/1/2015,439,H0590,F,0.38,CMM,25.274,7.774,4.013,3.166,2.263,3.236,2.122,2.348,5.498,4.624,NA,NA
1969,7/2/2015,555,H0590,F,0.91,AN,33.02,10.049,4.518,4.284,2.898,4.941,3.994,4.516,6.88,6.429,NA,NA
2353,10/1/2015,663,H0590,F,1.33,CMM,34.451,10.492,5.348,5.008,3.158,4.902,3.906,4.315,7.584,7.101,NA,NA
3214,1/10/2016,879,H0590,F,1.41,CMM,38.191,11.582,5.356,4.728,3.163,5.467,4.619,4.852,8.027,7.034,NA,NA
1049,1/8/2015,307,H0591,F,0.22,TW,20.096,6.629,4.088,2.795,1.836,2.755,1.608,1.701,3.9,3.347,NA,NA
1164,2/9/2015,336,H0591,F,0.34,TW,23.908,7.787,4.296,3.349,2.478,3.149,2.452,2.453,4.488,4.132,NA,NA
1551,4/1/2015,440,H0591,F,0.38,CMM,25.643,8.259,4.658,2.964,2.465,2.851,2.775,3.128,5.429,4.882,NA,NA
1974,7/2/2015,556,H0591,F,0.93,CMM,31.363,9.66,5.365,4.68,2.95,4.284,3.12,3.589,6.721,6.21,NA,NA
2359,10/1/2015,665,H0591,F,1.05,CMM,33.062,9.84,5.108,4.575,2.957,5.703,3.576,4.107,7.346,6.906,NA,NA
3151,1/10/2016,861,H0591,F,1.2,CMM,34.119,10.483,5.749,5.252,3.143,5.106,3.812,3.941,7.04,6.695,NA,NA
5110,2/14/2017,1427,H0591,F,1.84,CMM,40.027,11.276,6.286,5.6,4.213,6.26,4.124,4.856,8.245,7.554,NA,NA
1143,1/19/2015,332,H0592,M,0.31,TW,22.207,7.367,4.19,3.153,2.017,2.989,1.912,2.042,4.017,3.724,NA,NA
1205,2/10/2015,345,H0592,M,0.43,TW,24.364,8.268,4.792,3.759,2.377,3.376,2.543,2.584,4.777,4.2,NA,NA
1612,4/8/2015,456,H0592,M,0.47,CMM,27.629,9.195,4.558,3.538,2.221,4.116,3.13,3.441,5.73,5.47,NA,NA
2014,7/9/2015,568,H0592,M,1.1,CMM,35.531,11.663,5.178,4.712,3.045,5.235,4.116,4.498,7.231,6.69,NA,NA
2439,10/8/2015,686,H0592,M,1.65,CMM,39.995,12.743,6.363,6.009,3.782,5.733,4.811,5.314,9.281,8.186,NA,NA
3210,1/10/2016,877,H0592,M,2.63,CMM,44.476,13.175,7.098,6.801,4.363,7.225,5.305,5.659,9.874,8.938,NA,NA
1047,1/8/2015,306,H0593,F,0.21,TW,20.308,6.855,3.921,NA,1.808,3.022,NA,NA,3.89,3.3,NA,NA
1212,2/10/2015,347,H0593,F,0.34,TW,23.526,7.457,4.422,3.766,2.293,3.387,2.252,2.385,4.598,4.081,NA,NA
1549,4/1/2015,439,H0593,F,0.31,CMM,24.181,7.776,4.584,2.906,1.945,3.43,2.249,2.586,5.133,4.683,NA,NA
1972,7/2/2015,556,H0593,F,0.82,CMM,30.693,9.716,4.81,4.457,2.719,4.011,2.928,3.556,6.807,6.226,NA,NA
2357,10/1/2015,665,H0593,F,1.25,CMM,33.886,10.282,5.369,5.248,3.175,4.755,3.523,4.053,7.858,6.65,NA,NA
3149,1/10/2016,860,H0593,F,1.44,CMM,36.223,10.924,5.635,5.554,4.308,5.77,4.217,4.367,8.197,7.326,NA,NA
1043,1/8/2015,305,H0594,M,0.23,TW,21.062,6.972,3.916,NA,NA,2.773,2.167,1.986,4.221,3.718,NA,NA
1206,2/10/2015,346,H0594,M,0.37,TW,24.248,7.845,4.759,3.723,2.51,3.33,2.249,2.237,4.917,4.341,NA,NA
1546,4/1/2015,438,H0594,M,0.43,CMM,23.76,8.295,4.11,2.987,2.194,3.175,2.157,2.494,5.023,4.705,NA,NA
1967,7/2/2015,555,H0594,M,0.98,AN,36.037,10.483,4.987,4.446,3.153,5.138,3.921,4.356,7.039,6.645,NA,NA
2352,10/1/2015,663,H0594,M,1.79,CMM,38.717,11.851,6.092,5.621,3.922,6.028,4.242,4.421,8.776,7.863,NA,NA
3215,1/10/2016,879,H0594,M,2.47,CMM,43.279,12.776,6.89,6.294,4.242,6.615,4.936,5.154,9.206,8.737,NA,NA
5105,2/14/2017,1426,H0594,M,6.11,CMM,55.83,15.174,8.913,7.259,5.801,8.354,6.194,7.251,12.108,10.992,NA,NA
1970,7/2/2015,555,H0595,F,0.7,AN,30.604,9.447,4.417,4.246,2.652,4.283,3.04,3.336,6.103,5.705,JG remeasured SVL,Mass/SVL check
1042,1/8/2015,305,H0595,F,0.17,TW,18.728,5.917,NA,NA,1.839,2.447,1.666,1.993,3.658,3.251,NA,NA
1210,2/10/2015,346,H0595,F,0.34,TW,23.08,7.483,4.236,3.649,2.342,2.943,2.088,2.313,4.559,4.072,NA,NA
1579,4/1/2015,446,H0595,F,0.31,CMM,23.283,7.627,4.301,3.15,2.109,3.438,2.52,3.016,4.267,4.554,NA,NA
2354,10/1/2015,664,H0595,F,0.98,CMM,32.745,10.344,4.674,4.243,3.034,4.907,3.712,3.965,6.892,6.805,NA,NA
3216,1/10/2016,879,H0595,F,1.26,CMM,33.46,10.15,5.411,4.57,3.379,4.599,3.56,3.798,7.125,6.766,NA,NA
5106,2/14/2017,1426,H0595,F,1.73,CMM,39.729,11.944,5.818,4.963,4.214,5.891,4.204,4.902,8.001,7.466,NA,NA
1041,1/8/2015,305,H0597,F,0.17,TW,19.767,6.069,3.947,NA,1.748,NA,NA,NA,3.683,3.218,NA,NA
1145,1/19/2015,332,H0599,F,0.28,TW,21.539,6.691,4.006,2.894,1.896,2.608,NA,NA,4.24,3.656,NA,NA
1201,2/10/2015,345,H0599,F,0.33,TW,23.449,7.703,4.269,3.394,2.313,3.174,2.35,2.483,4.458,4.222,NA,NA
1611,4/8/2015,456,H0599,F,0.33,CMM,23.781,7.468,4.439,3.218,2.275,3.676,2.608,3.012,5.103,4.628,NA,NA
2015,7/9/2015,568,H0599,F,0.69,CMM,29.57,9.187,4.869,3.894,2.646,4.206,2.277,2.923,6.643,5.885,NA,NA
2440,10/8/2015,687,H0599,F,1.05,CMM,32.758,10.042,5.298,4.747,3.288,5.449,NA,NA,7.604,6.807,NA,NA
3212,1/10/2016,878,H0599,F,1.07,CMM,34.52,10.387,5.267,4.836,3.23,5.515,3.573,4.061,7.912,6.626,NA,NA
1144,1/19/2015,332,H0600,F,0.29,TW,20.716,6.522,4.191,3.421,2.213,2.91,2.014,2.115,4.128,3.73,NA,NA
1209,2/10/2015,346,H0600,F,0.34,TW,23.129,7.524,4.474,3.826,2.412,3.394,2.476,2.286,4.795,4.243,NA,NA
1613,4/8/2015,456,H0600,F,0.38,CMM,25.353,8.23,4.454,3.789,2.714,3.93,2.876,3.203,5.735,4.946,NA,NA
2016,7/9/2015,569,H0600,F,0.77,CMM,29.889,9.272,4.935,4.41,2.893,4.571,3.258,3.677,6.646,5.661,NA,NA
2441,10/8/2015,687,H0600,F,1.09,CMM,33.09,9.982,5.029,4.885,3.557,5.559,3.542,3.326,7.721,7.18,NA,NA
3211,1/10/2016,878,H0600,F,1.16,CMM,33.972,9.907,5.218,4.653,3.119,5.537,3.791,4.332,7.596,6.918,NA,NA
1026,1/1/2015,302,H0601,F,0.17,TW,19.351,5.859,NA,NA,1.686,NA,NA,NA,3.689,3.204,NA,NA
1168,2/9/2015,337,H0601,F,0.35,TW,22.855,7.407,4.133,3.588,2.158,2.974,2.365,2.607,4.595,4.115,NA,NA
1523,3/25/2015,431,H0601,F,0.36,TW,25.555,8.091,4.681,3.376,2.426,3.516,NA,NA,5.46,5.793,NA,NA
1952,6/26/2015,551,H0601,F,0.71,CMM,30.798,9.751,4.641,4.3,3.016,4.661,3.623,3.764,6.455,5.912,NA,NA
2295,9/24/2015,647,H0601,F,1.24,CMM,35.33,11.095,4.959,5.008,3.444,5.595,3.828,4.172,7.498,6.729,NA,NA
3113,1/2/2016,850,H0601,F,1.57,CMM,36.707,11.169,5.71,5.496,4.107,5.515,4.132,3.922,8.234,7.567,NA,NA
5115,2/14/2017,1429,H0601,F,2.46,CMM,43.167,12.268,6.162,5.926,4.548,6.334,3.435,4.468,8.586,7.748,NA,NA
1048,1/8/2015,307,H0602,F,0.21,TW,20.233,6.674,3.84,2.861,1.71,2.239,1.654,1.781,3.967,3.66,NA,NA
1161,2/9/2015,335,H0602,F,0.38,TW,24.852,7.993,4.334,3.339,2.374,3.277,2.254,2.517,5.156,4.668,NA,NA
1147,1/19/2015,332,H0604,M,0.27,TW,20.939,7.135,4.295,NA,1.991,2.774,NA,NA,4.413,3.624,NA,NA
1207,2/10/2015,346,H0604,M,0.39,TW,23.476,7.873,4.484,3.611,2.455,3.367,2.362,2.306,4.91,4.485,NA,NA
1614,4/8/2015,456,H0604,M,0.43,CMM,26.287,8.796,4.625,3.499,2.801,3.733,2.974,3.351,5.841,5.371,NA,NA
2017,7/9/2015,569,H0604,M,0.84,CMM,31.416,10.34,5.419,4.705,3.055,5.042,3.401,3.752,7.003,6.311,NA,NA
3213,1/10/2016,878,H0604,M,2.17,CMM,41.789,12.815,6.384,6.482,4.339,7.194,5.545,5.882,9.796,8.932,NA,NA
1052,1/8/2015,308,H0605,F,0.26,TW,20.373,6.816,4.186,NA,1.864,3.004,1.976,2.19,3.997,3.551,NA,NA
1159,2/9/2015,335,H0605,F,0.34,TW,24.611,7.686,4.098,3.268,2.718,3.251,2.488,2.619,4.777,4.517,NA,NA
1494,3/25/2015,423,H0605,F,0.33,CMM,25.668,8.561,4.344,3.187,2.407,3.37,2.456,2.792,5.116,4.706,NA,NA
1977,7/2/2015,557,H0605,F,0.81,CMM,30.944,10.026,5.179,3.988,2.823,5.276,3.907,4.336,6.623,6.108,NA,NA
2363,10/1/2015,667,H0605,F,1.11,CMM,34.528,11.019,4.991,4.74,3.15,4.825,3.846,4.222,7.491,6.664,NA,NA
3155,1/10/2016,862,H0605,F,1.62,CMM,36.544,11.066,6.033,5.555,3.906,5.369,3.696,4.331,8.698,7.052,NA,NA
5112,2/14/2017,1428,H0605,F,1.76,CMM,40.182,11.732,6.357,5.455,4.439,6.465,4.458,5.218,8.962,7.151,NA,NA
1025,1/1/2015,302,H0607,F,0.21,TW,20.019,6.137,NA,NA,2.179,3.015,NA,NA,4.037,3.574,NA,NA
1166,2/9/2015,336,H0607,F,0.42,TW,24.73,8.051,4.273,3.681,2.325,3.337,2.81,2.874,5.212,4.455,NA,NA
1525,3/25/2015,432,H0607,F,0.4,TW,26.656,8.01,4.736,3.694,2.383,4.902,NA,NA,6.147,5.52,NA,NA
1951,6/26/2015,550,H0607,F,0.8,CMM,32.246,10.012,4.53,4.371,2.978,5.443,3.74,4.085,7.812,6.715,NA,NA
2296,9/24/2015,647,H0607,F,1.29,CMM,35.855,10.739,5.077,4.719,3.474,5.931,4.584,4.903,8.019,7.452,NA,NA
3115,1/2/2016,851,H0607,F,1.54,CMM,37.574,11.405,5.209,4.884,3.507,6.252,4.754,5.005,7.909,7.656,NA,NA
5116,2/14/2017,1429,H0607,F,1.71,CMM,41.458,12.025,6.286,5.735,4.854,7.344,5.128,5.556,8.819,8.13,NA,NA
1552,4/1/2015,440,H0608,F,0.25,CMM,23.81,7.592,4.17,2.963,2.319,3.524,2.365,2.471,5.171,4.541,AS - Remeasured Pectoral,RM Set 1
1050,1/8/2015,307,H0608,F,0.2,TW,19.915,6.584,3.908,NA,1.859,2.247,1.548,1.495,3.921,3.505,NA,NA
1160,2/9/2015,335,H0608,F,0.32,TW,24.129,7.938,4.313,3.41,2.431,2.984,2.341,2.399,4.594,4.109,NA,NA
1973,7/2/2015,556,H0608,F,0.67,CMM,28.674,8.928,4.972,3.944,2.556,4.112,2.936,3.192,6.009,5.352,NA,NA
2358,10/1/2015,665,H0608,F,1.05,CMM,33.336,10.507,5.184,4.878,3.462,5.096,3.839,4.051,8.105,6.674,NA,NA
3150,1/10/2016,861,H0608,F,1.34,CMM,35.5,11.223,5.573,4.929,3.268,5.145,3.989,4.374,7.671,7.239,NA,NA
5109,2/14/2017,1427,H0608,F,1.8,CMM,39.799,11.67,6.486,5.777,4.226,6.442,4.693,5.156,8.796,7.371,NA,NA
1055,1/8/2015,308,H0609,F,0.32,TW,22.541,7.17,4.037,3.299,2.035,2.769,1.816,1.892,4.173,3.63,NA,NA
1165,2/9/2015,336,H0609,F,0.38,TW,25.336,7.969,4.265,3.375,2.652,3.445,2.302,2.368,4.972,4.403,NA,NA
1521,3/25/2015,431,H0609,F,0.37,TW,26.023,8.244,4.888,3.255,2.499,3.993,NA,NA,5.666,5.598,NA,NA
1976,7/2/2015,557,H0609,F,0.79,CMM,29.928,9.282,4.985,4.459,2.951,4.347,2.844,3.364,6.577,5.868,NA,NA
2361,10/1/2015,666,H0609,F,1.02,CMM,32.416,10.003,4.941,4.513,3.337,5.443,3.348,3.558,6.919,6.408,NA,NA
3152,1/10/2016,861,H0609,F,1.3,CMM,36.01,11.143,5.114,4.64,3.583,5.35,3.664,4.134,7.432,7.021,NA,NA
5111,2/14/2017,1428,H0609,F,1.82,CMM,41.04,11.958,5.888,5.471,4.522,6.016,3.609,4.308,9.042,7.845,NA,NA
1027,1/1/2015,302,H0610,M,0.23,TW,20.113,6.713,4.204,2.988,NA,2.768,1.978,1.83,3.837,3.436,NA,NA
1148,1/19/2015,333,H0610,M,0.33,TW,22.264,7.194,4.429,3.431,2.217,2.869,2.563,2.478,4.644,3.998,NA,NA
1532,3/25/2015,434,H0610,M,0.48,CMM,26.907,9.163,5.192,3.744,2.998,3.875,2.858,3.176,5.835,5.238,NA,NA
1955,6/26/2015,551,H0610,M,0.97,CMM,33.146,10.848,5.493,5.09,3.476,5.301,3.716,4.042,7.7,6.743,NA,NA
2300,9/24/2015,649,H0610,M,1.8,CMM,38.511,12.301,6.576,5.657,4.217,6.732,4.972,4.918,9.038,8.12,NA,NA
3118,1/2/2016,852,H0610,M,3.45,CMM,46.114,13.754,6.93,7.068,4.914,8.917,5.955,6.39,11.528,9.978,NA,NA
5120,2/14/2017,1431,H0610,M,5.61,CMM,56.078,14.389,9.844,7.635,5.851,10.091,6.881,7.809,12.569,11.678,NA,NA
1968,7/2/2015,555,H0611,F,0.68,AN,28.996,9.608,4.48,4.348,3.076,4.51,3.228,3.541,5.731,5.369,JG remeasured SVL,Mass/SVL check
1046,1/8/2015,306,H0611,F,0.33,TW,20.937,6.808,4.043,NA,2.008,2.983,1.985,2.113,4.117,3.48,NA,NA
1211,2/10/2015,347,H0611,F,0.32,TW,22.878,7.255,4.601,3.293,2.259,3.106,2.232,2.293,4.54,3.952,NA,NA
1550,4/1/2015,439,H0611,F,0.27,CMM,23.575,7.68,4.254,3.074,2.13,2.916,2.234,2.587,4.601,4.278,NA,NA
2355,10/1/2015,664,H0611,F,0.8,CMM,30.779,9.761,4.734,4.105,2.793,4.754,3.258,3.178,6.279,5.885,NA,NA
3147,1/10/2016,860,H0611,F,0.94,CMM,33.084,10.356,5.406,4.376,3.143,5.317,3.507,3.718,6.922,6.141,NA,NA
5107,2/14/2017,1426,H0611,F,1.57,CMM,39.113,11.914,5.828,5.002,3.918,5.52,3.795,4.406,8.336,7.437,NA,NA
1054,1/8/2015,308,H0612,F,0.29,TW,22.445,7.283,3.979,3.317,1.98,2.708,1.77,2.159,4.289,3.747,NA,NA
1162,2/9/2015,336,H0612,F,0.4,TW,24.081,7.618,4.261,3.785,2.301,2.888,2.236,2.432,5.367,4.41,NA,NA
1518,3/25/2015,430,H0612,F,0.37,TW,24.986,7.832,5.121,3.853,2.524,3.809,2.878,3.258,5.994,5.595,NA,NA
1975,7/2/2015,557,H0612,F,0.84,CMM,31.405,9.85,4.479,4.453,2.965,3.983,3.078,3.598,6.892,6.174,NA,NA
2360,10/1/2015,666,H0612,F,1.05,CMM,31.828,9.899,5.143,4.692,2.996,4.661,3.046,3.583,7.569,6.202,NA,NA
3153,1/10/2016,862,H0612,F,1.32,CMM,35.12,10.806,5.308,4.708,3.2,5.41,2.922,3.692,7.731,7.115,NA,NA
5113,2/14/2017,1428,H0612,F,2.02,CMM,41.026,11.938,6.19,5.401,4.463,6.337,4.155,4.446,9.375,8.042,NA,NA
1053,1/8/2015,308,H0613,F,0.28,TW,21.24,7.083,3.938,NA,2.024,2.848,1.981,2.055,3.911,3.413,NA,NA
1170,2/9/2015,337,H0613,F,0.42,TW,25.611,8.242,4.572,3.555,2.558,3.472,2.689,2.607,5.077,4.635,NA,NA
1522,3/25/2015,431,H0613,F,0.37,TW,25.31,8.357,5.026,3.711,2.425,4.489,3.286,3.166,5.691,5.846,NA,NA
1978,7/2/2015,557,H0613,F,0.86,CMM,31.813,9.714,4.65,4.006,2.895,4.341,3.217,3.666,6.591,6.134,NA,NA
2362,10/1/2015,666,H0613,F,1.01,CMM,33.278,10.273,4.905,4.611,3.085,5.539,3.541,4.048,7.469,6.186,NA,NA
3154,1/10/2016,862,H0613,F,1.33,CMM,36.597,11.326,5.11,4.667,3.584,5.004,3.685,4.112,7.613,7.01,NA,NA
5114,2/14/2017,1429,H0613,F,1.72,CMM,39.252,11.878,6.16,5.384,4.294,6.153,3.854,4.331,8.404,7.344,NA,NA
1040,1/8/2015,305,H0614,F,0.23,TW,19.824,6.576,4.2,2.803,1.949,2.117,1.704,1.816,3.922,3.568,NA,NA
1215,2/10/2015,347,H0614,F,0.36,TW,22.922,7.65,4.287,3.359,2.297,3.03,2.22,2.404,4.537,4.068,NA,NA
1044,1/8/2015,306,H0615,M,0.24,TW,20.624,6.788,3.852,2.895,1.943,2.112,1.603,1.58,3.833,3.348,NA,NA
1157,2/9/2015,335,H0615,M,0.38,TW,24.02,7.831,4.24,3.254,2.489,2.798,1.922,2.049,4.894,4.116,NA,NA
1146,1/19/2015,332,H0616,F,0.29,TW,21.514,7.271,4.15,3.279,2.223,2.565,NA,1.727,4.006,3.325,NA,NA
1202,2/10/2015,345,H0616,F,0.38,TW,23.686,7.75,4.396,3.591,2.519,3.008,1.941,2.085,4.426,4.064,NA,NA
1608,4/8/2015,455,H0616,F,0.35,CMM,24.54,8.566,4.517,3.304,2.276,3.607,2.418,2.453,5.146,4.555,NA,NA
2011,7/9/2015,567,H0616,F,0.63,RH,27.986,9.059,4.801,3.936,2.466,3.559,2.895,2.964,6.116,5.548,NA,NA
2436,10/8/2015,686,H0616,F,0.95,CMM,32.008,10.13,5.267,4.579,3.021,5.654,3.453,3.836,7.039,6.326,NA,NA
3209,1/10/2016,877,H0616,F,0.91,CMM,34.102,10.841,5.061,4.452,3.108,4.318,3.618,4.106,7.29,6.853,NA,NA
1136,1/19/2015,330,H0618,F,0.22,TW,20.225,6.761,4.009,2.746,1.94,2.591,2.031,NA,4.004,3.449,NA,NA
1259,2/11/2015,359,H0618,F,0.31,TW,23.593,7.758,4.05,2.977,2.311,3.519,2.248,2.601,4.456,4.481,NA,NA
1615,4/8/2015,456,H0618,F,0.33,CMM,23.698,8.048,4.14,2.837,2.183,3.349,2.456,2.754,5.27,4.755,NA,NA
2006,7/9/2015,566,H0618,F,0.82,CMM,31.494,9.99,4.806,3.946,2.805,4.914,3.32,3.778,7.111,6.574,NA,NA
2435,10/8/2015,685,H0618,F,1.18,CMM,33.585,10.556,5.202,4.864,3.597,4.967,3.362,3.844,7.725,6.917,NA,NA
3205,1/10/2016,876,H0618,F,1.17,CMM,34.124,10.593,6.68,4.717,3.589,4.7,3.029,3.561,7.858,7.192,NA,NA
5145,2/14/2017,1443,H0618,F,1.55,CMM,37.957,11.288,5.864,5.132,4.325,5.598,3.454,4.144,8.402,7.637,NA,NA
1141,1/19/2015,331,H0619,M,0.26,TW,21.228,6.94,4.134,2.988,1.955,2.766,NA,NA,3.911,3.551,NA,NA
1203,2/10/2015,345,H0619,M,0.33,TW,23.557,7.573,4.344,3.777,2.62,3.236,2.316,2.391,4.664,4.233,NA,NA
1609,4/8/2015,455,H0619,M,0.33,CMM,25.217,8.239,4.165,3.863,2.283,3.722,2.767,3.001,5.155,4.789,NA,NA
2010,7/9/2015,567,H0619,M,0.8,RH,30.351,9.625,5.37,4.543,2.829,4.681,3.17,3.484,6.97,6.123,NA,NA
2431,10/8/2015,684,H0619,M,1.37,CMM,37.518,11.725,5.674,5.047,3.285,5.983,3.97,4.843,8.793,7.661,NA,NA
3202,1/10/2016,875,H0619,M,2,CMM,40.977,12.08,6.574,5.873,3.92,6.674,5.012,4.938,9.333,8.401,NA,NA
5144,2/14/2017,1442,H0619,M,4.44,CMM,52.032,15.351,7.455,7.464,5.174,8.442,6.396,7.327,11.101,10.094,NA,NA
1140,1/19/2015,331,H0620,F,0.25,TW,21.503,6.748,4.121,3.128,2.123,2.764,NA,NA,3.984,3.438,NA,NA
1213,2/10/2015,347,H0620,F,0.36,TW,23.914,7.829,4.471,3.618,2.171,2.978,2.272,2.31,4.797,3.961,NA,NA
1610,4/8/2015,455,H0620,F,0.42,CMM,26.461,8.88,4.533,3.254,2.527,3.772,2.877,3.144,5.309,4.874,NA,NA
2013,7/9/2015,568,H0620,F,0.72,CMM,30.25,9.411,4.821,4.126,2.562,4.527,3.135,3.676,6.2,5.672,NA,NA
2438,10/8/2015,686,H0620,F,1.05,CMM,34.482,10.527,4.98,4.73,2.777,4.951,3.289,3.951,7.308,6.382,NA,NA
3208,1/10/2016,877,H0620,F,1.3,CMM,36.345,11.047,5.166,4.421,3.517,5.169,4.35,4.572,8.218,6.992,NA,NA
1139,1/19/2015,331,H0623,M,0.22,TW,20.996,6.925,4.36,NA,2.182,2.701,1.934,2.057,4.226,3.683,NA,NA
1260,2/11/2015,359,H0623,M,0.43,TW,24.602,7.694,4.346,3.163,2.436,3.056,1.999,2.049,4.878,4.169,NA,NA
1618,4/8/2015,458,H0623,M,0.34,CMM,25.083,8.123,4.168,3.499,2.278,3.549,2.689,3.122,5.2,4.644,NA,NA
2008,7/9/2015,567,H0623,M,0.85,RH,32.493,10.357,5.138,4.366,3.037,4.612,3.551,3.801,6.954,6.269,NA,NA
2432,10/8/2015,685,H0623,M,1.46,CMM,38.475,11.989,5.482,5.024,3.629,6.192,4.718,5.014,8.575,7.685,NA,NA
3204,1/10/2016,875,H0623,M,1.76,CMM,40.136,12.183,6.363,5.411,3.717,6.3,4.53,5.007,9.225,7.717,NA,NA
5146,2/14/2017,1443,H0623,M,4.34,CMM,54.227,15.247,8.044,7.16,5.431,8.773,6.343,7.533,12.46,10.825,NA,NA
1134,1/19/2015,330,H0625,F,0.22,TW,20.958,6.781,3.925,NA,1.995,2.99,NA,NA,4.026,3.508,NA,NA
1256,2/11/2015,358,H0625,F,0.3,CMM,23.833,7.627,4.321,2.705,2.171,3.3,2.525,2.783,4.664,4.556,NA,NA
1653,4/15/2015,467,H0625,F,0.41,CMM,26.254,8.173,4.48,NA,2.239,3.551,2.615,3.213,5.244,4.738,NA,NA
2049,7/16/2015,579,H0625,F,0.94,CMM,33.079,10.217,4.882,4.417,2.923,5,3.339,3.883,7.116,6.745,NA,NA
2577,10/20/2015,720,H0625,F,1.45,CMM,37.936,11.695,5.079,4.522,3.271,5.849,4.362,4.487,8.265,7.58,NA,NA
3264,1/21/2016,893,H0625,F,1.66,CMM,38.679,11.192,6.005,5.909,3.676,6.095,4.52,4.749,8.222,7.932,NA,NA
5139,2/14/2017,1440,H0625,F,2.03,CMM,41.97,11.848,5.93,5.291,4.189,6.416,3.939,4.692,9.082,8.32,NA,NA
1137,1/19/2015,330,H0626,F,0.25,TW,19.859,6.444,3.999,3.19,2.13,2.766,1.738,2.076,3.946,3.529,NA,NA
1254,2/11/2015,358,H0626,F,0.28,CMM,23.426,7.518,4.167,3.022,2.062,3.265,2.357,2.614,4.598,4.515,NA,NA
1616,4/8/2015,457,H0626,F,0.33,CMM,24.589,8.309,4.066,3.142,2.27,3.675,2.9,3.076,5.16,4.842,NA,NA
2005,7/9/2015,566,H0626,F,0.74,CMM,29.247,9.459,4.628,4.309,2.639,4.438,3.067,3.105,6.736,6.349,NA,NA
2579,10/20/2015,720,H0626,F,1.28,CMM,36.134,11.173,5.038,4.934,3.78,5.272,4.186,4.661,7.967,7.652,NA,NA
3266,1/21/2016,894,H0626,F,1.53,CMM,35.948,11.078,5.689,5.358,4.046,5.613,4.12,4.585,8.429,7.424,NA,NA
5142,2/14/2017,1441,H0626,F,1.86,CMM,40.414,11.722,5.975,5.649,4.592,6.363,4.418,4.861,8.702,7.852,NA,NA
1131,1/19/2015,329,H0627,M,0.26,TW,21.005,6.863,4.24,NA,2.017,2.785,NA,NA,4.212,3.69,NA,NA
1252,2/11/2015,357,H0627,M,0.29,TW,23.978,8.102,4.253,3.165,2.243,2.671,2.303,2.692,4.477,4.307,NA,NA
1654,4/15/2015,467,H0627,M,0.31,CMM,24.205,7.885,3.869,3.112,2.3,3.758,2.66,2.719,5.14,4.716,NA,NA
2048,7/16/2015,578,H0627,M,0.96,CMM,33.961,10.976,5.401,4.655,3.233,5.267,3.593,4.117,7.864,7.145,NA,NA
2574,10/20/2015,719,H0627,M,1.56,AN,43.983,12.499,5.415,5.45,3.895,6.232,4.698,5.009,9.176,8.378,NA,NA
3265,1/21/2016,894,H0627,M,2.7,CMM,43.21,13.318,7.272,6.389,4.44,8.321,5.348,5.602,10.463,8.67,NA,NA
5140,2/14/2017,1440,H0627,M,4.27,CMM,50.537,13.583,9.13,7.189,4.958,9.143,6.286,7.004,12.066,10.629,NA,NA
1132,1/19/2015,329,H0628,F,0.18,TW,18.847,6.202,3.745,NA,1.766,2.623,1.83,1.928,3.755,3.418,NA,NA
1253,2/11/2015,357,H0628,F,0.27,TW,22.167,7.336,3.883,2.927,2.054,2.47,2.439,2.436,4.16,4.229,NA,NA
1650,4/15/2015,466,H0628,F,0.39,CMM,24.838,7.794,4.424,3.381,2.004,3.554,2.773,3.394,5.039,4.755,NA,NA
2045,7/16/2015,578,H0628,F,0.75,CMM,30.243,9.481,4.994,4.117,2.619,4.637,3.493,4.14,6.675,6.198,NA,NA
2573,10/20/2015,718,H0628,F,0.88,CMM,30.696,9.762,5.143,4.4,2.774,5.072,3.711,4.159,6.735,6.48,NA,NA
3260,1/21/2016,892,H0628,F,1.12,CMM,31.491,10.116,5.482,4.876,3.05,4.527,3.569,3.635,7.468,6.67,NA,NA
5135,2/14/2017,1438,H0628,F,1.68,CMM,38.879,11.818,6.058,5.435,3.757,6.256,4.575,4.713,8.685,7.61,NA,NA
5137,2/14/2017,1439,H0629,F,1.91,CMM,40.144,11.404,6.314,4.056,3.653,5.447,3.846,4.803,8.545,7.705,AS - Remeasured Pectoral,RM Set 1
1130,1/19/2015,329,H0629,F,0.28,TW,21.557,6.891,3.923,3.153,1.965,2.877,2.063,2.115,3.972,3.55,NA,NA
1250,2/11/2015,357,H0629,F,0.3,TW,23.775,7.412,4.356,3.541,2.584,3.248,2.365,2.529,4.441,4.386,NA,NA
1656,4/15/2015,467,H0629,F,0.43,CMM,24.701,7.785,4.415,3.494,2.371,3.474,2.545,2.705,5.114,4.597,NA,NA
2044,7/16/2015,577,H0629,F,0.75,CMM,29.884,9.049,4.927,4.571,2.552,5.186,2.915,3.573,6.712,6.279,NA,NA
2572,10/20/2015,718,H0629,F,1,CMM,31.512,9.856,5.206,5.047,3.05,4.784,3.298,3.54,7.009,6.563,NA,NA
3261,1/21/2016,892,H0629,F,1.4,CMM,33.986,10.148,5.351,5.524,3.585,5.535,3.88,4.211,7.368,6.959,NA,NA
1125,1/19/2015,328,H0630,M,0.24,TW,21.126,7.009,4.102,NA,2.136,2.996,2.215,2.219,4.151,3.711,NA,NA
1297,2/18/2015,369,H0630,M,0.3,TW,23.185,7.571,4.139,3.005,2.15,2.841,2.602,2.729,4.595,4.246,NA,NA
1652,4/15/2015,466,H0630,M,0.38,CMM,24.426,8.208,4.116,3.559,2.266,3.492,2.764,3.215,5.322,4.785,NA,NA
2043,7/16/2015,577,H0630,M,0.95,CMM,32.483,10.388,5.439,4.446,3.34,4.955,3.535,4.112,7.429,6.702,NA,NA
2571,10/20/2015,718,H0630,M,1.44,CMM,36.57,11.83,6.17,5.412,3.624,6.245,4.115,4.494,8.806,7.995,NA,NA
3259,1/21/2016,892,H0630,M,2.48,CMM,39.799,12.56,6.615,6.211,4.008,6.501,4.92,5.093,9.55,8.591,NA,NA
5134,2/14/2017,1438,H0630,M,4.5,CMM,50.729,14.908,9.143,7.639,5.338,8.953,5.611,6.572,12.06,10.742,NA,NA
2575,10/20/2015,719,H0631,F,0.96,AN,32.54,10.804,4.606,4.588,3.063,5.425,3.701,4.074,7.076,6.612,JG remeasured SVL,Mass/SVL check
1120,1/19/2015,327,H0631,F,0.26,TW,21.167,7.146,4.002,3.191,2.001,2.942,2.124,2.164,4.131,3.755,NA,NA
1257,2/11/2015,358,H0631,F,0.36,CMM,24.801,8.257,4.241,3.15,2.034,3.656,2.736,2.801,5.073,4.663,NA,NA
1655,4/15/2015,467,H0631,F,0.38,CMM,25.426,8.259,3.757,3.345,2.24,3.494,2.74,3.45,5.16,4.905,NA,NA
2047,7/16/2015,578,H0631,F,0.78,CMM,30.862,10.218,4.887,4.089,2.82,4.68,2.912,3.595,7.001,6.476,NA,NA
3263,1/21/2016,893,H0631,F,1.24,CMM,33.451,10.371,5.561,4.844,3.104,5.53,3.69,4.022,7.685,6.69,NA,NA
5138,2/14/2017,1439,H0631,F,1.39,CMM,38.823,12.075,6.166,5.366,4.208,5.754,3.551,3.802,8.727,8.013,NA,NA
3203,1/10/2016,875,H0632,M,2.06,CMM,41.953,12.992,6.58,6.632,4.178,6.878,5.008,5.167,8.883,8.557,AS - Remeasured Pectoral and Pelvic,RM Set 1
1138,1/19/2015,331,H0632,M,0.25,TW,20.593,6.983,4.345,NA,2.172,2.803,NA,NA,3.945,3.319,NA,NA
1258,2/11/2015,359,H0632,M,0.28,TW,23.161,7.332,4.374,2.764,2.172,2.883,2.292,2.436,4.231,4.013,NA,NA
1619,4/8/2015,458,H0632,M,0.36,CMM,24.08,7.629,4.123,3.223,2.276,3.314,2.147,2.464,4.853,4.548,NA,NA
2007,7/9/2015,566,H0632,M,0.99,CMM,32.082,10.245,5.729,4.663,3.11,4.886,3.515,3.903,7.383,6.54,NA,NA
2433,10/8/2015,685,H0632,M,1.47,CMM,37.83,12.025,5.417,5.447,3.765,5.44,4.078,4.344,8.029,7.366,NA,NA
5143,2/14/2017,1442,H0632,M,5.51,CMM,56.856,16.131,8.021,6.374,5.418,9.636,6.864,7.845,13.212,11.177,NA,NA
1135,1/19/2015,330,H0633,M,0.29,TW,21.025,7.168,4.61,3.606,2.352,3.113,NA,NA,4.254,3.784,NA,NA
1255,2/11/2015,358,H0633,M,0.37,CMM,23.902,7.969,4.628,3.495,2.51,3.225,2.484,2.739,4.999,4.6,NA,NA
1617,4/8/2015,457,H0633,M,0.38,CMM,25.059,8.345,4.793,3.621,2.477,3.469,2.554,2.844,5.567,5.035,NA,NA
2004,7/9/2015,566,H0633,M,0.93,CMM,31.766,10.445,5.31,4.499,2.899,4.655,3.445,3.857,6.792,6.345,NA,NA
2578,10/20/2015,720,H0633,M,1.46,CMM,37.97,12.086,5.773,5.193,3.446,5.674,4.214,4.973,8.777,7.68,NA,NA
3267,1/21/2016,894,H0633,M,3.1,CMM,43.549,12.494,7.017,6.684,4.44,6.387,4.656,5.189,10.282,9.357,NA,NA
5141,2/14/2017,1441,H0633,M,4.61,CMM,51.904,14.409,7.809,7.448,5.632,8.64,5.865,6.82,12.351,10.72,NA,NA
1128,1/19/2015,328,H0635,M,0.23,TW,21.282,6.924,3.974,NA,1.914,2.486,NA,NA,3.972,3.501,NA,NA
1251,2/11/2015,357,H0635,M,0.3,TW,23.509,7.675,4.236,2.916,2.363,2.949,2.439,2.306,4.71,4.213,NA,NA
1649,4/15/2015,466,H0635,M,0.38,CMM,25.651,8.238,4.296,3.434,2.394,3.48,2.49,2.834,4.923,4.581,NA,NA
2046,7/16/2015,578,H0635,M,0.9,CMM,31.634,10.039,5.306,4.655,3.127,5.347,3.111,3.575,6.874,6.084,NA,NA
2576,10/20/2015,719,H0635,M,1.57,AN,42.931,12.152,5.378,4.8,3.535,6.079,4.611,5.181,8.385,8.221,NA,NA
3262,1/21/2016,893,H0635,M,2.47,CMM,41.233,11.799,6.757,6.134,3.997,5.798,4.584,4.824,9.224,8.043,NA,NA
5136,2/14/2017,1439,H0635,M,4.8,CMM,52.7,15.015,7.721,7.396,5.17,9.487,5.968,7.163,11.913,9.989,NA,NA
1121,1/19/2015,327,H0637,M,0.21,TW,20.178,6.642,4.359,3.168,2.083,2.771,2.111,2.164,3.989,3.681,NA,NA
1302,2/18/2015,370,H0637,M,0.27,TW,22.731,7.434,3.943,2.718,1.998,2.959,2.446,2.413,4.396,4.189,NA,NA
1124,1/19/2015,328,H0639,F,0.17,TW,18.92,6.307,3.864,NA,2.06,2.462,NA,NA,3.65,3.182,NA,NA
1291,2/18/2015,368,H0639,F,0.24,TW,20.317,7.014,4.454,2.79,2.021,2.597,1.661,1.541,4.236,3.754,NA,NA
1659,4/15/2015,468,H0639,F,0.37,CMM,23.984,7.878,3.939,3.321,2.012,3.076,2.439,2.823,4.927,4.527,NA,NA
2039,7/16/2015,576,H0639,F,0.82,CMM,31.864,10.131,4.681,4.006,2.762,4.824,3.736,4.1,6.827,6.526,NA,NA
2568,10/20/2015,717,H0639,F,0.93,CMM,32.979,10.823,4.892,4.393,3.163,4.569,3.5,4.024,6.863,6.264,NA,NA
3257,1/21/2016,891,H0639,F,1.04,AN,33.326,10.088,5.413,4.618,3.343,4.466,3.215,3.673,7.428,6.467,NA,NA
5132,2/14/2017,1437,H0639,F,1.94,CMM,40.308,11.754,5.53,5.072,3.976,6.064,3.955,4.58,8.179,7.357,NA,NA
1186,2/9/2015,340,H0640,M,0.27,TW,21.235,7.154,4.234,3.12,2.109,2.93,NA,NA,4.425,3.77,NA,NA
1286,2/18/2015,367,H0640,M,0.33,TW,22.425,7.516,4.358,2.943,1.942,2.513,2.184,2.264,4.512,4.031,NA,NA
1190,2/9/2015,341,H0641,F,0.33,TW,22.09,7.228,4.207,3.488,2.363,3.012,2.107,2.214,4.642,3.887,NA,NA
1298,2/18/2015,369,H0641,F,0.36,TW,23.507,7.515,4.219,3.13,2.116,2.731,2.238,2.154,4.481,3.843,NA,NA
1658,4/15/2015,468,H0641,F,0.47,CMM,26.296,8.488,4.259,3.929,2.552,3.675,2.683,3.116,5.064,4.83,NA,NA
2037,7/16/2015,576,H0641,F,0.82,CMM,31.189,10.071,5.269,4.073,2.834,4.574,3.193,3.341,6.911,6.325,NA,NA
2612,10/21/2015,729,H0641,F,1.18,CMM,34.577,10.206,5.616,4.995,3.751,5.172,3.789,4.041,7.703,6.635,NA,NA
3254,1/21/2016,890,H0641,F,1.45,CMM,35.681,10.593,5.703,4.855,3.646,5.385,3.596,3.394,7.508,6.566,NA,NA
5129,2/14/2017,1436,H0641,F,1.74,CMM,39.827,11.459,5.892,5.012,3.769,5.742,3.626,4.263,8.44,7.546,NA,NA
1127,1/19/2015,328,H0643,M,0.15,TW,18.703,6.002,NA,NA,1.727,2.228,1.727,1.856,3.452,2.925,NA,NA
1292,2/18/2015,368,H0643,M,0.22,TW,21.395,7,4.152,2.669,1.906,2.569,2.323,2.137,4.4,3.781,NA,NA
1188,2/9/2015,341,H0644,F,0.3,TW,22.271,7.28,4.263,3.275,2.095,3.277,2.519,2.484,4.339,3.676,NA,NA
1288,2/18/2015,367,H0644,F,0.29,TW,23.003,7.531,4.33,2.895,2.038,2.851,2.647,2.768,4.293,4.18,NA,NA
1657,4/15/2015,468,H0644,F,0.38,CMM,24.92,8.096,4.028,3.441,2.493,3.431,1.96,2.866,5.146,4.707,NA,NA
2038,7/16/2015,576,H0644,F,0.69,CMM,30.195,10.21,4.6,4.1,2.902,4.38,3.547,3.908,6.506,6.494,NA,NA
2613,10/21/2015,729,H0644,F,0.92,CMM,32,10.436,5.006,4.549,2.797,5.586,4.093,4.753,7.332,6.846,NA,NA
3255,1/21/2016,890,H0644,F,1.1,CMM,33.604,10.781,5.305,4.297,3.234,5.316,4.169,4.74,7.495,7.043,NA,NA
5130,2/14/2017,1436,H0644,F,1.69,CMM,38.283,11.642,5.821,5.72,4.73,6.354,4.39,4.702,8.355,7.166,NA,NA
1122,1/19/2015,327,H0646,F,0.2,TW,20.83,6.859,3.865,2.943,1.947,2.601,NA,2.148,3.726,3.361,NA,NA
1296,2/18/2015,369,H0646,F,0.31,TW,23.306,7.441,3.86,2.765,2.087,3.069,2.498,2.237,4.369,4.176,NA,NA
1660,4/15/2015,469,H0646,F,0.42,CMM,25.347,8.328,4.299,3.452,2.246,3.754,2.769,3.113,4.914,4.571,NA,NA
2041,7/16/2015,577,H0646,F,0.78,CMM,31.579,9.86,4.92,4.082,2.635,4.681,3.593,3.88,6.599,6.238,NA,NA
2570,10/20/2015,717,H0646,F,0.94,CMM,32.796,10.315,4.982,4.131,2.711,5.07,3.741,4.137,7.4,6.869,NA,NA
3258,1/21/2016,891,H0646,F,1.26,AN,33.485,10.227,5.087,4.95,3.463,5.449,3.969,4.293,7.491,6.886,NA,NA
5131,2/14/2017,1436,H0646,F,1.81,CMM,39.726,11.819,6.117,4.732,3.904,6.321,4.691,5.319,8.363,7.419,NA,NA
1191,2/9/2015,341,H0647,F,0.28,TW,21.696,7.227,4.53,3.083,2.346,2.929,2.372,2.176,4.148,3.747,NA,NA
1293,2/18/2015,368,H0647,F,0.29,TW,22.277,7.346,3.807,3.006,2.075,3.074,1.925,2.131,4.162,3.611,NA,NA
1123,1/19/2015,327,H0648,F,0.17,TW,19.359,6.402,3.682,NA,1.952,NA,1.799,1.94,3.82,3.33,NA,NA
1119,1/19/2015,327,H0649,M,0.23,TW,19.323,6.424,4.325,NA,1.997,NA,NA,NA,4.195,3.492,NA,NA
1299,2/18/2015,369,H0649,M,0.34,TW,23.988,7.955,4.318,2.819,2.096,2.71,2.364,2.222,4.828,4.384,NA,NA
1661,4/15/2015,469,H0649,M,0.42,CMM,25.791,8.721,4.27,3.663,2.359,3.811,2.597,2.296,5.412,4.93,NA,NA
2040,7/16/2015,576,H0649,M,0.96,CMM,33.143,10.356,5.579,4.836,3.348,4.989,3.94,4.271,7.839,6.908,NA,NA
2569,10/20/2015,717,H0649,M,1.44,CMM,37.593,11.753,5.973,5.52,3.481,6.119,4.444,4.74,8.817,7.842,NA,NA
3256,1/21/2016,891,H0649,M,2.55,AN,40.622,12.076,6.884,6.223,4.192,7.124,5.104,5.115,9.355,7.826,NA,NA
5133,2/14/2017,1437,H0649,M,5.39,CMM,55.569,15.106,9.849,7.295,5.439,8.687,5.203,6.24,12.724,11.645,NA,NA
1129,1/19/2015,329,H0650,F,0.15,TW,18.955,6.094,4.003,NA,2.1,2.82,NA,NA,3.675,3.2,NA,NA
2080,7/23/2015,587,H0651,F,0.81,CMM,31.423,9.928,4.838,4.174,2.787,3.812,2.532,2.65,7.047,6.509,AS - Remeasured Radius,RM Set 1
1185,2/9/2015,340,H0651,F,0.28,TW,21.643,7.104,4.158,NA,2.236,3.059,2.114,2.14,4.184,3.657,NA,NA
1290,2/18/2015,368,H0651,F,0.29,TW,22.235,7.35,3.938,2.478,1.975,2.473,2.104,2.263,4.198,4.027,NA,NA
1684,4/22/2015,475,H0651,F,0.39,CMM,24.785,8.046,3.93,3.195,2.029,3.567,2.561,2.952,5.134,4.598,NA,NA
2609,10/21/2015,728,H0651,F,1.1,RH,33.315,10.617,5.55,4.564,3.525,5.175,3.532,3.843,7.55,7.006,NA,NA
3253,1/21/2016,890,H0651,F,1.15,CMM,34.386,10.581,5.904,5.03,3.533,5.541,3.747,4.24,8.623,6.927,NA,NA
5128,2/14/2017,1435,H0651,F,1.81,CMM,39.538,12.042,5.992,5.658,4.245,6.577,4.712,4.941,8.664,7.91,NA,NA
1126,1/19/2015,328,H0652,M,0.18,TW,20.406,6.862,4.061,2.714,1.999,2.631,1.889,1.992,4.017,3.514,NA,NA
1295,2/18/2015,369,H0652,M,0.34,TW,22.256,7.007,4.696,3.322,2.294,2.638,2.049,2.264,4.607,3.981,NA,NA
1662,4/15/2015,469,H0652,M,0.35,CMM,24.311,8.241,3.993,3.254,2.35,3.291,2.515,3.076,4.968,4.453,NA,NA
2042,7/16/2015,577,H0652,M,0.75,CMM,30.399,9.573,5.116,4.737,2.725,4.558,3.181,3.573,6.529,6.15,NA,NA
1338,2/25/2015,380,H0656,M,0.32,TW,21.842,8.172,3.662,2.368,2.022,3.205,2.137,2.232,4.78,4.434,"JG - reameasured head width, pectoral, & tibia",RM Set 1
1179,2/9/2015,339,H0656,M,0.28,TW,21.593,7.186,4.137,3.266,2.297,2.915,2.036,2.068,4.001,3.477,NA,NA
1680,4/22/2015,474,H0656,M,0.3,CMM,23.624,7.509,4.384,2.951,2.342,3.193,2.115,2.393,5.281,4.728,NA,NA
2075,7/23/2015,586,H0656,M,0.87,CMM,30.27,9.227,4.611,4.029,2.939,4.492,3.444,4.151,7.184,6.272,NA,NA
2607,10/21/2015,727,H0656,M,1.26,CMM,34.443,10.928,5.621,4.779,3.423,5.736,4.368,4.594,8.296,7.127,NA,NA
3248,1/21/2016,888,H0656,M,1.96,CMM,41.32,12.474,6.4,5.494,4.131,7.177,5.174,5.448,9.624,8.416,NA,NA
1330,2/25/2015,379,H0658,M,0.3,TW,21.986,8.081,3.869,3.278,1.943,3.477,2.552,2.654,4.938,4.928,JG - reameasured head width,RM Set 1
1240,2/10/2015,353,H0658,M,0.29,TW,21.754,7.417,4.557,3.335,2.104,2.829,2.292,2.382,4.229,4,NA,NA
1673,4/22/2015,472,H0658,M,0.31,CMM,24.051,8.081,4.532,3.161,2.192,3.642,2.447,2.908,5.303,4.733,NA,NA
2069,7/23/2015,584,H0658,M,1.16,CMM,35.57,11.202,5.13,5.178,3.117,5.159,4.106,4.559,7.811,7.875,NA,NA
2721,10/28/2015,754,H0658,M,1.72,CMM,39.068,12.324,6.328,5.723,3.684,6.215,4.213,5.339,9.544,8.566,NA,NA
3347,1/28/2016,916,H0658,M,3.05,CMM,46.077,13.782,6.797,6.403,3.996,6.574,5.655,5.967,10.081,9.699,NA,NA
3251,1/21/2016,889,H0659,F,1.36,CMM,35.714,10.915,5.565,4.907,3.922,6.069,4.238,4.36,8.151,7.205,JG remeasured SVL,Mass/SVL check
1187,2/9/2015,341,H0659,F,0.33,TW,22.456,7.463,4.279,3.36,2.298,3.431,2.261,2.362,4.439,3.947,NA,NA
1287,2/18/2015,367,H0659,F,0.37,TW,23.484,7.762,4.832,3.255,2.218,3.19,2.26,2.354,4.535,4.104,NA,NA
1682,4/22/2015,475,H0659,F,0.3,CMM,24.501,7.909,3.713,3.307,2.016,3.756,2.706,2.979,5.113,4.695,NA,NA
2074,7/23/2015,586,H0659,F,0.89,CMM,29.02,9.416,4.775,4.228,2.959,4.522,3.276,3.398,6.811,5.877,NA,NA
2611,10/21/2015,728,H0659,F,1.27,RH,34.473,10.487,5.468,4.881,3.728,5.77,3.195,3.42,8.227,7.417,NA,NA
5126,2/14/2017,1435,H0659,F,1.89,CMM,40.132,11.824,5.855,5.161,4.048,5.938,3.426,3.852,8.847,7.755,NA,NA
1331,2/25/2015,379,H0660,M,0.3,TW,22.659,8.176,3.746,2.88,1.888,3.566,2.584,2.48,4.882,4.509,JG - reameasured head width,RM Set 1
1180,2/9/2015,339,H0660,M,0.32,TW,22.876,7.589,4.468,3.45,2.047,3.032,2.152,2.429,4.707,4.074,NA,NA
1337,2/25/2015,380,H0661,F,0.38,TW,22.556,8.144,3.69,2.812,1.904,3.184,2.7,2.53,5,4.713,JG - reameasured head width,RM Set 1
1177,2/9/2015,339,H0661,F,0.36,TW,22.289,7.28,4.06,3.443,2.253,2.957,2.183,2.329,4.324,3.989,NA,NA
1676,4/22/2015,473,H0661,F,0.4,CMM,24.716,7.902,4.247,3.214,2.179,3.465,2.651,3.178,5.129,4.703,NA,NA
2070,7/23/2015,585,H0661,F,0.74,CMM,29.143,9.529,4.778,4.304,2.65,4.078,3.214,3.647,6.432,6.079,NA,NA
2605,10/21/2015,726,H0661,F,0.98,CMM,32.544,10.367,4.939,4.387,3.153,5,3.798,4.12,6.983,6.677,NA,NA
3247,1/21/2016,888,H0661,F,1.22,CMM,33.066,10.154,5.632,5.19,3.262,5.884,3.75,3.936,7.715,6.619,NA,NA
1333,2/25/2015,379,H0662,F,0.27,TW,20.43,7.362,3.596,3.041,1.781,2.833,2.381,2.256,4.537,4.594,JG - reameasured head width & pectoral,RM Set 1
1174,2/9/2015,338,H0662,F,0.21,TW,20.188,6.745,3.964,2.936,1.851,2.437,2.035,2.118,4.102,3.425,NA,NA
1672,4/22/2015,472,H0662,F,0.24,CMM,22.807,7.753,4.045,2.963,2.009,3.302,2.495,2.865,4.771,4.244,NA,NA
2067,7/23/2015,584,H0662,F,0.7,CMM,28.391,8.907,4.659,3.996,2.518,4.451,2.918,3.527,6.074,5.72,NA,NA
2604,10/21/2015,726,H0662,F,0.85,CMM,31.754,9.763,5.017,4.624,2.637,4.665,3.327,4.023,7.409,6.924,NA,NA
3348,1/28/2016,917,H0662,F,1.14,CMM,33.534,10.208,5.407,4.699,3.278,5.051,3.472,3.564,7.359,6.34,NA,NA
1342,2/25/2015,381,H0663,F,0.32,TW,22.498,8.358,3.701,3.124,2.213,3.811,2.533,2.569,5.36,4.965,JG - reameasured head width,RM Set 1
1172,2/9/2015,338,H0663,F,0.34,TW,23.263,7.567,4.063,3.894,2.244,3.173,2.375,2.492,4.416,3.908,NA,NA
1678,4/22/2015,474,H0663,F,0.27,CMM,24.458,7.872,4.116,2.977,2.144,3.096,2.459,2.901,5.063,4.778,NA,NA
2077,7/23/2015,586,H0663,F,0.8,CMM,30.643,9.587,4.441,4.124,2.745,4.784,3.7,4.29,6.841,6.226,NA,NA
2608,10/21/2015,727,H0663,F,1,CMM,33.126,10.419,4.726,4.458,3.089,5.118,3.411,3.94,7.196,6.464,NA,NA
3250,1/21/2016,889,H0663,F,1.29,CMM,35.167,10.679,5.613,4.932,3.369,5.098,4.109,4.48,7.556,7.339,NA,NA
1178,2/9/2015,339,H0664,F,0.27,TW,22.639,7.317,4.169,3.18,2.136,2.894,2.255,2.228,4.19,3.782,NA,NA
1285,2/18/2015,367,H0664,F,0.35,TW,22.067,7.543,4.572,3.093,2.045,2.915,2.278,2.541,4.39,3.826,NA,NA
1335,2/25/2015,380,H0665,F,0.36,TW,22.828,8.169,3.726,2.619,1.997,3.66,2.925,2.952,5.043,5.001,JG - reameasured head width,RM Set 1
1183,2/9/2015,340,H0665,F,0.35,TW,22.187,7.183,4.421,3.59,2.246,3.296,2.181,2.337,4.396,3.852,NA,NA
1681,4/22/2015,474,H0665,F,0.31,CMM,24.639,7.802,4.306,3.115,2.219,3.691,2.494,2.781,4.907,4.478,NA,NA
2076,7/23/2015,586,H0665,F,0.84,CMM,30.819,9.562,4.717,4.183,2.599,4.541,3.352,3.575,6.612,6.357,NA,NA
2606,10/21/2015,727,H0665,F,1.12,CMM,34.495,10.102,5.245,4.866,3.233,5.124,3.669,4.28,7.157,6.865,NA,NA
3249,1/21/2016,888,H0665,F,1.22,CMM,34.803,10.262,5.346,5.018,3.416,5.52,4.231,4.381,7.231,6.42,NA,NA
1341,2/25/2015,381,H0666,F,0.28,TW,22.002,7.714,3.741,2.329,2.036,3.223,3.075,3.232,5.384,5.047,"JG - reameasured head length, width, & pectoral",RM Set 1
1184,2/9/2015,340,H0666,F,0.28,TW,21.886,7.485,4.1,3.332,2.264,2.453,2.016,2.11,4.143,3.728,NA,NA
1679,4/22/2015,474,H0666,F,0.22,CMM,23.472,7.342,4.021,2.938,2,3.347,2.171,2.426,4.7,4.524,NA,NA
1334,2/25/2015,379,H0667,F,0.35,TW,23.483,8.396,3.745,3.283,1.922,3.572,2.406,2.425,5.065,5.272,JG - reameasured head width & pectoral,RM Set 1
1238,2/10/2015,353,H0667,F,0.36,TW,22.779,7.299,4.535,3.492,2.314,2.982,2.244,2.509,4.46,4.056,NA,NA
1686,4/22/2015,476,H0667,F,0.38,CMM,23.738,7.65,4.175,3.314,2.263,3.318,2.557,2.579,5.175,4.81,NA,NA
2068,7/23/2015,584,H0667,F,0.83,CMM,30.433,9.508,5.006,4.004,2.944,4.618,3.458,3.912,6.687,6.394,NA,NA
2720,10/28/2015,753,H0667,F,1.09,CMM,34.149,10.437,5.101,4.274,2.833,5.264,4.193,4.277,6.928,7.021,NA,NA
3346,1/28/2016,916,H0667,F,1.35,CMM,35.788,10.533,5.402,4.771,3.458,5.374,4.455,4.53,7.558,7.112,NA,NA
3252,1/21/2016,889,H0668,M,2.74,CMM,44.115,13.345,7.073,6.57,4.503,7.842,5.465,5.648,10.321,9.05,JG remeasured SVL,Mass/SVL check
1182,2/9/2015,340,H0668,M,0.31,TW,22.574,7.629,4.257,3.314,2.279,3.044,1.976,2.115,4.254,3.918,NA,NA
1289,2/18/2015,367,H0668,M,0.36,TW,22.049,7.73,4.324,3.11,2.214,2.474,1.77,1.927,4.391,3.729,NA,NA
1683,4/22/2015,475,H0668,M,0.41,CMM,26.338,8.794,4.087,3.326,2.539,3.458,2.363,3.063,5.431,4.736,NA,NA
2081,7/23/2015,587,H0668,M,1.24,CMM,36.275,11.863,5.233,4.827,3.591,5.465,4.261,4.606,7.891,7.253,NA,NA
2610,10/21/2015,728,H0668,M,1.95,RH,41.269,13.182,6.508,5.976,4.446,6.415,4.527,4.697,9.559,8.341,NA,NA
5127,2/14/2017,1435,H0668,M,6.91,CMM,60.388,16.731,8.37,7.93,6.501,10.084,7.092,8.12,14.306,12.645,NA,NA
1325,2/25/2015,378,H0669,F,0.26,TW,20.422,7.345,3.034,2.996,1.918,3.166,2.654,2.456,4.406,4.457,JG - reameasured head width,RM Set 1
1241,2/10/2015,353,H0669,F,0.25,TW,20.955,7.02,4.228,3.093,2.314,2.839,1.854,2.113,4.209,3.817,NA,NA
1737,4/29/2015,489,H0669,F,0.32,CMM,22.496,7.32,4.044,3.23,2.149,2.901,2.297,2.537,4.837,4.332,NA,NA
2118,7/30/2015,599,H0669,F,0.85,CMM,30.447,9.499,4.764,4.369,2.789,4.27,3.204,3.578,7.017,6.367,NA,NA
2718,10/28/2015,753,H0669,F,1.15,CMM,33.87,10.314,5.245,4.875,3.197,5.582,4.083,4.183,7.85,6.762,NA,NA
3345,1/28/2016,916,H0669,F,1.29,CMM,35.745,11.191,5.195,5.295,3.449,5.22,4.188,4.376,7.882,7.442,NA,NA
1275,2/11/2015,365,H0671,F,0.32,TW,21.278,7.165,4.238,3.046,2.384,2.629,1.958,2.035,4.154,3.768,NA,NA
1382,3/5/2015,393,H0671,F,0.35,CMM,24.148,7.768,4.308,3.814,2.521,3.274,2.436,2.905,5.088,4.686,NA,NA
1754,5/6/2015,494,H0671,F,0.52,AN,28.951,8.328,4.061,3.713,2.84,3.821,2.797,3.015,4.983,4.788,NA,NA
2132,8/6/2015,604,H0671,F,1.01,CMM,33.731,10.434,5.26,4.74,2.808,5.199,3.898,3.934,7.056,6.805,NA,NA
1189,2/9/2015,341,H0672,M,0.34,TW,22.498,7.579,4.331,3.92,2.301,2.814,NA,NA,4.406,4.062,NA,NA
1294,2/18/2015,368,H0672,M,0.34,TW,23.102,7.457,4.531,3.131,2.069,2.779,2.416,2.724,4.747,4.231,NA,NA
1685,4/22/2015,475,H0672,M,0.54,CMM,25.269,8.396,4.302,3.807,2.237,3.457,2.502,2.993,5.108,4.613,NA,NA
2079,7/23/2015,587,H0672,M,1.15,CMM,33.414,11.004,5.266,4.908,3.293,5.689,3.684,4.085,7.424,6.546,NA,NA
1319,2/25/2015,375,H0673,F,0.21,AN,19.821,6.765,4.067,2.39,1.614,2.739,1.923,2.402,3.967,3.777,JG remeasured SVL,Mass/SVL check
1447,3/23/2015,411,H0673,F,0.25,TW,21.704,6.827,4.556,3.373,2.164,3.095,NA,NA,4.84,4.681,NA,NA
1328,2/25/2015,378,H0675,M,0.45,TW,23.437,8.618,4.262,3.567,2.422,3.3,2.782,2.892,5.233,4.874,JG - reameasured head width  & tibia,RM Set 1
1239,2/10/2015,353,H0675,M,0.31,TW,22.01,7.736,4.387,3.067,2.024,2.599,1.949,2.15,3.956,3.56,NA,NA
1453,3/23/2015,412,H0676,M,0.3,TW,22.547,7.444,5.215,3.641,2.199,3.711,2.715,2.666,5.279,4.511,AS - Remeasured Tibia,RM Set 1
1301,2/18/2015,370,H0676,M,0.24,TW,19.952,7.004,4.451,2.945,1.927,2.679,2.375,2.046,4.079,3.439,NA,NA
1336,2/25/2015,380,H0677,M,0.34,TW,24.256,8.648,3.922,3.109,2.056,3.687,2.714,2.75,5.389,5.186,"JG - reameasured head width, pectoral, radius, ulna, & tibia",RM Set 1
1176,2/9/2015,338,H0677,M,0.31,TW,22.9,7.512,4.296,3.801,2.413,3.008,NA,2.142,4.248,3.838,NA,NA
1675,4/22/2015,473,H0677,M,0.38,CMM,25.593,8.002,4.481,3.36,2.202,3.542,2.505,3.055,5.066,4.456,NA,NA
2071,7/23/2015,585,H0677,M,1.03,CMM,33.164,10.202,5.38,4.631,3.05,4.707,3.574,3.984,7.564,6.78,NA,NA
1344,2/25/2015,381,H0678,M,0.29,TW,22.496,7.954,3.826,2.909,2.008,3.224,2.27,2.484,4.926,4.965,JG - reameasured head width,RM Set 1
1181,2/9/2015,339,H0678,M,0.31,TW,22.251,7.519,4.161,3.324,2.168,2.66,1.958,2.117,4.569,4.043,NA,NA
1671,4/22/2015,472,H0678,M,0.3,CMM,23.431,8.041,4.095,3.346,2.177,3.142,2.346,2.819,5.024,4.757,NA,NA
2073,7/23/2015,585,H0678,M,1.05,CMM,31.899,10.307,4.941,4.818,3.153,5.056,3.19,3.594,6.956,6.548,NA,NA
1317,2/25/2015,375,H0679,F,0.21,AN,20.354,6.547,3.611,2.628,1.766,2.696,1.935,2.129,4.046,3.69,JG remeasured SVL,Mass/SVL check
1446,3/23/2015,411,H0679,F,0.25,TW,21.396,7.102,4.264,2.669,1.869,2.968,NA,NA,4.717,4.067,NA,NA
1861,5/27/2015,524,H0679,F,0.66,CMM,29.222,9.011,4.548,3.681,2.458,4.193,2.848,3.267,5.754,5.268,NA,NA
1332,2/25/2015,379,H0680,F,0.36,TW,22.558,8.219,3.609,2.871,2.08,3.635,2.733,2.828,5.191,4.964,JG - reameasured head width,RM Set 1
1175,2/9/2015,338,H0680,F,0.29,TW,22.202,7.182,4.042,2.979,2.126,2.752,NA,NA,4.095,3.91,NA,NA
1674,4/22/2015,472,H0680,F,0.31,CMM,23.951,8.154,4,2.962,2.175,3.222,2.335,2.814,4.704,4.59,NA,NA
2066,7/23/2015,584,H0680,F,0.86,CMM,30.718,9.449,5.121,4.629,3.08,4.468,3.255,3.55,6.51,6.183,NA,NA
1339,2/25/2015,380,H0681,F,0.35,TW,23.238,7.771,3.785,3.068,2.228,3.435,2.854,2.614,5.356,5.013,JG - reameasured head width,RM Set 1
1173,2/9/2015,338,H0681,F,0.31,TW,22.407,7.091,3.994,3.361,2.098,2.796,2.216,2.213,4.354,3.634,NA,NA
1677,4/22/2015,473,H0681,F,0.36,CMM,25.027,8.03,4.321,3.016,2.342,3.373,2.312,2.732,5.238,4.582,NA,NA
2072,7/23/2015,585,H0681,F,0.9,CMM,31.571,9.776,4.945,4.19,2.888,4.258,3.667,3.534,6.554,6.536,NA,NA
1544,3/25/2015,437,H0683,M,0.35,CMM,21.95,7.01,3.796,2.898,2.095,2.37,NA,2.104,4.9,4.222,AS - Can't Find X-Ray,RM Set 1
1692,4/22/2015,477,H0683,M,0.3,CMM,23.924,7.712,4.084,2.83,1.883,3.146,2.005,2.341,5.297,4.547,NA,NA
1964,6/26/2015,554,H0683,M,0.68,CMM,29.087,9.084,4.584,4.006,2.537,4.707,3.344,3.256,6.545,5.562,NA,NA
1283,2/11/2015,366,H0685,M,0.28,TW,20.618,7.025,4.943,2.829,2.18,2.284,2.035,1.838,3.991,3.76,NA,NA
1384,3/5/2015,393,H0685,M,0.3,CMM,23.153,7.837,4.293,3.255,2.284,3.131,2.377,2.565,4.536,4.251,NA,NA
1540,3/25/2015,436,H0686,F,0.3,CMM,21.335,6.85,4.38,2.89,2.019,2.747,2.135,2.45,4.424,4.128,NA,NA
1666,4/15/2015,470,H0686,F,0.28,CMM,22.283,7.25,3.905,NA,1.938,3.23,2.222,2.408,4.685,4.26,NA,NA
1921,6/22/2015,541,H0686,F,0.61,AN,31.882,8.643,4.418,3.624,2.929,4.3,3.185,3.427,6.144,5.597,NA,NA
1300,2/18/2015,370,H0687,M,0.31,TW,21.49,7.047,3.968,3.191,2.044,2.816,2.484,2.388,4.261,3.777,NA,NA
1452,3/23/2015,412,H0687,M,0.35,TW,22.816,7.064,4.8,3.764,2.404,3.458,2.542,2.706,5.247,4.649,NA,NA
1787,5/13/2015,503,H0687,M,0.38,CMM,25.415,8.051,4.246,3.171,2.079,3.466,2.302,2.633,5.377,4.659,NA,NA
1230,2/10/2015,351,H0688,M,0.27,TW,21.568,7.198,4.143,NA,2.05,2.397,NA,NA,3.95,3.791,NA,NA
1370,3/5/2015,390,H0688,M,0.3,TW,23.051,7.357,3.88,3.071,2.112,3.4,2.259,2.482,4.881,4.43,NA,NA
1468,3/23/2015,415,H0689,M,0.27,TW,20.21,6.717,4.44,3.021,2.027,2.602,2.045,2.156,4.289,4.177,NA,NA
1554,4/1/2015,440,H0689,M,0.28,CMM,21.583,7.354,3.777,2.706,1.98,2.806,1.939,2.573,4.487,4.069,NA,NA
1894,6/5/2015,531,H0689,M,0.66,CMM,29.173,9.582,4.765,3.869,2.682,4.44,3.26,3.462,6.398,5.762,NA,NA
1320,2/25/2015,376,H0690,F,0.23,TW,20.148,7.444,2.87,2.917,1.884,2.818,2.437,2.628,4.44,4.27,JG - reameasured head width,RM Set 1
1444,3/23/2015,411,H0690,F,0.3,TW,22.505,7.233,4.446,2.961,2.176,NA,2.748,2.368,4.898,4.912,NA,NA
1864,5/27/2015,524,H0690,F,0.57,CMM,27.22,8.637,4.637,3.821,2.695,4.202,3.035,3.19,5.505,5.109,NA,NA
1234,2/10/2015,352,H0691,M,0.27,TW,21.508,7.13,4.199,3.14,2.165,2.922,NA,NA,4.378,3.765,NA,NA
1375,3/5/2015,391,H0691,M,0.35,TW,22.076,7.796,3.781,3.163,2.174,3.154,2.162,2.136,4.696,4.37,NA,NA
1733,4/29/2015,488,H0691,M,0.31,CMM,24.052,7.994,4.077,2.933,2.057,3.173,2.305,2.678,4.788,4.225,NA,NA
2114,7/30/2015,598,H0691,M,0.82,CMM,30.874,10.2,4.94,4.193,2.547,4.617,2.68,3.515,6.741,6.273,NA,NA
1316,2/25/2015,375,H0692,F,0.27,AN,22.027,6.949,3.487,2.777,1.976,2.637,2.079,2.208,4.465,4.091,JG remeasured SVL,Mass/SVL check
1236,2/10/2015,352,H0692,F,0.24,TW,21.736,6.886,4.017,2.634,1.863,2.523,1.958,NA,4.244,3.743,NA,NA
1371,3/5/2015,390,H0692,F,0.29,TW,22.545,7.481,3.56,3.105,2.161,3.259,2.191,2.383,4.555,4.126,NA,NA
1739,4/29/2015,489,H0692,F,0.34,CMM,23.447,7.69,4.016,3.177,2.353,3.359,2.573,2.768,4.999,4.376,NA,NA
2117,7/30/2015,599,H0692,F,0.81,CMM,31.212,9.783,4.673,4.689,2.738,4.819,3.344,4.277,7.001,6.414,NA,NA
2717,10/28/2015,752,H0692,F,0.95,CMM,31.701,9.972,5.199,4.696,3.236,5.368,3.54,4.113,7.227,6.523,NA,NA
3342,1/28/2016,915,H0692,F,1.16,CMM,34.502,10.556,5.373,4.696,3.094,5.66,4.21,4.279,7.693,7.199,NA,NA
1232,2/10/2015,351,H0693,F,0.27,TW,21.144,6.589,3.804,3.028,2.406,2.768,NA,NA,4.13,3.615,NA,NA
1374,3/5/2015,391,H0693,F,0.3,TW,22.327,7.51,3.469,3.169,2.096,3.32,2.098,2.251,4.775,4.265,NA,NA
1735,4/29/2015,488,H0693,F,0.35,CMM,24.535,8.396,3.624,3.309,2.271,3.565,2.418,2.717,5.184,4.65,NA,NA
2112,7/30/2015,598,H0693,F,1.03,CMM,33.331,10.286,5.081,4.494,3.304,5.05,4.248,4.352,7.353,7.344,NA,NA
2713,10/28/2015,751,H0693,F,1.3,CMM,35.663,10.729,5.155,4.843,3.308,5.849,4.197,4.651,8.053,7.002,NA,NA
3339,1/28/2016,914,H0693,F,1.47,CMM,37.669,11.307,5.299,5.049,3.591,5.438,4.268,4.426,8.158,7.7,NA,NA
1282,2/11/2015,366,H0695,M,0.25,TW,20.882,7.057,4.347,3.4,2.311,2.727,2.132,2.316,3.916,3.641,NA,NA
1381,3/5/2015,392,H0695,M,0.31,TW,22.737,7.743,3.7,NA,2.402,3.064,2.682,2.76,5.015,4.623,NA,NA
1760,5/6/2015,495,H0695,M,0.36,AN,27.065,8.027,4.084,3.335,2.184,3.729,2.606,2.978,5.006,4.451,NA,NA
2135,8/6/2015,605,H0695,M,0.78,CMM,31.54,10.159,4.917,4.498,2.82,4.324,2.926,3.487,7.29,6.829,NA,NA
2765,11/4/2015,765,H0695,M,1.37,CMM,37.699,11.986,5.76,5.125,3.44,6.01,4.169,4.885,8.612,7.832,NA,NA
3409,2/4/2016,934,H0695,M,1.8,CMM,41.962,12.81,6.689,5.731,4.017,6.972,4.911,5.267,9.873,8.411,NA,NA
1235,2/10/2015,352,H0696,F,0.27,TW,20.338,6.748,3.941,3.133,1.976,2.958,2.135,2.044,4.149,3.622,NA,NA
1387,3/5/2015,394,H0696,F,0.28,CMM,22.391,7.235,4.05,3.12,1.959,2.828,2.502,2.747,4.721,4.365,NA,NA
1740,4/29/2015,490,H0696,F,0.28,CMM,23.057,7.527,4.224,3.027,2.236,3.341,2.619,2.905,4.609,4.406,NA,NA
2110,7/30/2015,597,H0696,F,0.77,CMM,30.618,9.479,4.496,4.223,2.788,4.323,3.431,3.767,6.286,6.13,NA,NA
2712,10/28/2015,751,H0696,F,1.07,CMM,32.355,10.097,5.131,4.639,3.077,4.587,3.173,3.741,7.245,6.995,NA,NA
3411,2/4/2016,934,H0696,F,1.12,CMM,34.83,10.697,5.178,4.573,3.56,5.079,3.992,4.035,7.323,6.964,NA,NA
1326,2/25/2015,378,H0697,M,0.28,TW,21.446,7.941,3.483,2.619,1.872,3.615,2.627,2.739,4.632,4.393,JG - reameasured head width  & tibia,RM Set 1
1237,2/10/2015,352,H0697,M,0.28,TW,22.074,7.279,NA,3.038,2.147,2.82,2.088,NA,4.271,3.879,NA,NA
1373,3/5/2015,390,H0697,M,0.31,TW,21.734,7.882,3.861,3.258,2.44,2.997,2.662,2.627,5.112,4.464,NA,NA
1738,4/29/2015,489,H0697,M,0.28,CMM,23.959,7.766,4.104,4.25,2.208,3.304,1.85,2.357,5.209,4.568,NA,NA
2119,7/30/2015,600,H0697,M,1.06,CMM,33.704,10.779,5.137,4.559,3.445,4.841,3.79,4.246,7.65,7.132,NA,NA
2719,10/28/2015,753,H0697,M,1.42,CMM,36.778,11.089,5.844,5.217,3.324,5.958,4.62,5.186,8.985,8.169,NA,NA
3343,1/28/2016,915,H0697,M,2.13,CMM,42.378,12.609,6.573,6.246,4.693,6.517,5.282,5.602,9.625,8.772,NA,NA
1229,2/10/2015,351,H0699,F,0.23,TW,20.41,6.677,NA,NA,1.996,2.414,2.055,2.159,3.811,3.489,NA,NA
1372,3/5/2015,390,H0699,F,0.3,TW,23.121,7.401,3.595,NA,2.202,3.158,2.565,2.528,4.518,4.15,NA,NA
1741,4/29/2015,490,H0699,F,0.34,CMM,23.723,7.744,4.061,3.183,2.296,3.326,2.275,2.556,4.975,4.543,NA,NA
2111,7/30/2015,598,H0699,F,0.74,CMM,29.903,9.449,4.957,4.07,2.686,5.086,3.338,3.494,6.736,6.215,NA,NA
2709,10/28/2015,750,H0699,F,1.05,RH,32.16,10.05,5.287,4.68,3.022,5.17,3.546,3.806,6.774,6.489,NA,NA
3410,2/4/2016,934,H0699,F,1.23,CMM,34.727,10.49,5.465,NA,3.336,5.181,3.267,3.581,7.341,6.761,NA,NA
1231,2/10/2015,351,H0700,F,0.21,TW,20.343,6.669,3.747,NA,1.958,2.755,NA,NA,3.898,3.429,NA,NA
1376,3/5/2015,391,H0700,F,0.26,TW,20.401,7.072,3.648,3.093,2.204,2.909,2.068,2.494,4.511,3.769,NA,NA
1732,4/29/2015,488,H0700,F,0.21,CMM,22.161,7.277,4.174,3.135,2.248,3.044,2.458,2.612,4.912,4.185,NA,NA
2115,7/30/2015,599,H0700,F,0.79,CMM,30.375,9.307,5.054,4.022,2.787,4.719,3.416,3.964,7.113,6.352,NA,NA
2715,10/28/2015,752,H0700,F,0.97,CMM,31.815,10.3,5.247,4.573,3.342,5.181,3.382,3.818,7.558,7.094,NA,NA
3341,1/28/2016,914,H0700,F,1.12,CMM,33.159,10.346,5.507,5.213,3.778,5.239,3.926,4.307,7.509,6.935,NA,NA
1228,2/10/2015,351,H0702,F,0.24,TW,20.683,7.102,4.385,NA,2.035,2.94,NA,NA,4.231,3.55,NA,NA
1377,3/5/2015,391,H0702,F,0.24,TW,20.267,6.86,3.59,2.526,1.885,2.877,2.245,2.192,4.464,4.266,NA,NA
1734,4/29/2015,488,H0702,F,0.26,CMM,21.602,7.027,3.803,3.016,2.31,3.109,2.077,2.346,4.584,4.043,NA,NA
2113,7/30/2015,598,H0702,F,0.74,CMM,29.594,9.598,4.687,4.58,2.87,4.222,3.292,3.942,7.059,6.441,NA,NA
2714,10/28/2015,751,H0702,F,0.94,CMM,32.178,9.75,4.965,4.422,2.922,4.956,3.652,3.813,7.271,6.561,NA,NA
3340,1/28/2016,914,H0702,F,1.06,CMM,34.296,10.704,5.261,4.534,3.263,5.616,4.357,4.548,7.307,6.843,NA,NA
1281,2/11/2015,366,H0703,M,0.19,TW,19.369,7.238,3,2.575,1.811,2.262,1.913,2.207,3.487,3.378,NA,NA
1385,3/5/2015,393,H0703,M,0.21,CMM,20.6,6.844,3.927,3.637,1.97,2.898,2.016,2.1,4.351,3.857,NA,NA
1327,2/25/2015,378,H0705,M,0.35,TW,22.352,7.931,3.796,3.015,1.67,3.298,2.587,2.761,4.972,4.825,JG - reameasured head width & pectoral,RM Set 1
1233,2/10/2015,352,H0705,M,0.29,TW,22.515,7.433,4.251,3.397,2.459,2.778,2.168,2.244,4.075,3.857,NA,NA
1736,4/29/2015,489,H0705,M,0.39,CMM,24.911,8.21,4.537,3.527,2.611,3.295,2.375,2.447,5.487,4.942,NA,NA
2116,7/30/2015,599,H0705,M,1.01,CMM,32.291,10.302,5.438,4.633,3.274,5.431,3.499,3.893,7.134,6.635,NA,NA
2716,10/28/2015,752,H0705,M,1.27,CMM,36.281,11.367,5.399,4.908,3.451,5.795,4.073,4.347,8.562,7.702,NA,NA
3344,1/28/2016,915,H0705,M,1.58,CMM,38.707,12.019,5.916,5.443,3.934,5.991,4.741,5.104,8.812,7.787,NA,NA
1284,2/11/2015,366,H0706,F,0.27,TW,20.269,6.868,4.49,2.971,2.025,2.187,1.859,1.861,4.045,3.646,NA,NA
1388,3/5/2015,394,H0706,F,0.27,CMM,22.258,7.13,4.309,3.03,1.918,2.378,2.209,2.319,4.256,4.039,NA,NA
1538,3/25/2015,435,H0709,M,0.2,CMM,19.805,7.586,4.532,2.937,2.033,2.263,1.959,2.299,4.171,3.848,NA,NA
1668,4/15/2015,471,H0709,M,0.21,CMM,21.567,7.467,3.991,2.961,2.188,2.981,1.861,2.207,4.54,4.1,NA,NA
1923,6/22/2015,541,H0709,M,0.62,AN,32.681,9.232,4.581,3.919,2.721,3.821,3.037,3.551,5.82,5.517,NA,NA
1315,2/25/2015,375,H0710,F,0.28,AN,20.646,6.93,3.645,2.601,1.93,3.203,1.664,2.014,3.729,3.311,JG remeasured SVL,Mass/SVL check
1455,3/23/2015,413,H0710,F,0.29,TW,23.584,7.434,4.492,3.077,2.026,3.009,2.419,2.539,4.712,4.916,NA,NA
1785,5/13/2015,503,H0710,F,0.33,CMM,24.145,7.962,4.028,3.205,1.957,3.168,2.003,2.483,4.876,4.635,NA,NA
1278,2/11/2015,365,H0711,F,0.3,TW,21.924,7.087,4.233,2.754,1.971,2.596,2.165,2.468,3.879,3.729,NA,NA
1378,3/5/2015,392,H0711,F,0.31,TW,23.019,7.855,3.804,3.66,2.282,3.767,NA,3.038,5.052,4.998,NA,NA
1759,5/6/2015,495,H0711,F,0.37,AN,27.235,8.057,3.892,3.49,2.482,3.414,2.643,2.899,5.057,4.598,NA,NA
2133,8/6/2015,604,H0711,F,0.9,CMM,30.469,9.804,4.748,4.346,2.669,5.015,3.624,3.685,6.846,6.34,NA,NA
1279,2/11/2015,365,H0714,M,0.24,TW,20.639,7.056,4.171,3.542,2.109,2.095,2.262,2.511,4.134,4.204,bad image,NA
1758,5/6/2015,495,H0714,M,0.38,AN,26.228,8.761,4.091,3.742,2.797,3.826,2.798,3.026,4.975,4.607,JG remeasured SVL,Mass/SVL check
1379,3/5/2015,392,H0714,M,0.3,TW,21.968,7.83,3.602,3.096,1.993,3.173,2.475,2.713,4.658,4.858,NA,NA
2134,8/6/2015,604,H0714,M,1.14,CMM,33.575,10.875,5.326,4.969,3.443,5.381,3.896,4.516,8.134,6.92,NA,NA
2764,11/4/2015,765,H0714,M,1.46,CMM,36.98,12.026,5.979,5.433,4.026,5.937,4.257,4.494,8.999,7.598,NA,NA
3408,2/4/2016,933,H0714,M,1.97,CMM,42.86,13.433,6.352,5.723,3.936,6.461,4.313,5.332,9.772,8.769,NA,NA
1276,2/11/2015,365,H0715,F,0.23,TW,20.305,6.587,4.162,2.915,2.003,2.385,2.227,2.492,3.815,3.509,NA,NA
1383,3/5/2015,393,H0715,F,0.31,CMM,24.18,7.678,3.842,3.201,2.265,3.194,2.766,2.91,4.641,4.45,NA,NA
1761,5/6/2015,495,H0715,F,0.39,AN,26.263,8.118,4.044,3.55,2.45,3.725,2.744,3.333,4.946,4.766,NA,NA
2131,8/6/2015,604,H0715,F,0.9,CMM,30.715,9.674,5.094,4.303,2.815,4.751,3.51,3.961,7.189,6.492,NA,NA
2763,11/4/2015,764,H0715,F,1.01,CMM,32.07,10.026,5.116,4.6,3.185,5.37,3.646,3.817,7.713,6.341,NA,NA
3407,2/4/2016,933,H0715,F,1.45,CMM,36.012,10.616,5.304,5.125,3.504,5.438,3.936,4.352,8.051,7.447,NA,NA
1280,2/11/2015,366,H0716,F,0.24,TW,20.113,6.713,3.63,2.838,2.055,2.445,2.229,2.081,3.701,3.382,NA,NA
1380,3/5/2015,392,H0716,F,0.31,TW,22.168,7.923,3.451,3.169,1.733,3.216,2.399,2.418,4.784,4.439,NA,NA
1757,5/6/2015,494,H0718,M,0.35,AN,28.387,7.956,3.79,3.121,1.986,3.638,2.47,2.76,5.012,4.493,AS - Remeasured Pectoral and Pelvic,RM Set 1
1277,2/11/2015,365,H0718,M,0.19,TW,20.114,6.577,4.119,2.817,1.869,2.594,2.238,2.172,3.879,4.092,NA,NA
1386,3/5/2015,394,H0718,M,0.23,CMM,21.528,7.097,3.818,2.765,1.865,3.14,2.256,2.374,4.461,4.079,NA,NA
2130,8/6/2015,603,H0718,M,0.75,CMM,30.671,10.106,4.884,4.174,2.694,4.594,3.148,3.849,6.405,5.966,NA,NA
2762,11/4/2015,764,H0718,M,0.9,CMM,33.827,10.53,5.207,4.656,3.22,5.585,3.94,4.465,7.531,6.756,NA,NA
3406,2/4/2016,933,H0718,M,1.48,CMM,39.434,11.984,5.875,5.644,3.624,6.238,4.565,5.203,8.884,7.831,NA,NA
1467,3/23/2015,415,H0720,M,0.29,TW,20.904,6.738,4.824,3.191,2.012,2.856,2.285,2.377,4.448,3.826,NA,NA
1562,4/1/2015,442,H0720,M,0.31,CMM,20.477,6.835,4.036,2.51,1.889,2.834,2.003,2.266,4.41,3.914,NA,NA
1893,6/5/2015,531,H0720,M,0.59,CMM,29.015,9.434,4.522,4.027,2.655,4.222,3.239,3.566,6.039,5.519,NA,NA
1318,2/25/2015,375,H0721,F,0.23,AN,22.625,6.53,3.664,2.396,1.804,2.479,1.716,1.862,4.078,3.748,JG - reameasured pectoral,RM Set 1
1454,3/23/2015,413,H0721,F,0.26,TW,21.479,6.722,4.661,3.37,2.116,3.522,2.662,2.775,4.925,4.885,NA,NA
1464,3/23/2015,415,H0722,F,0.35,TW,21.147,6.639,4.632,3.429,1.931,2.909,2.313,2.519,4.546,4.11,NA,NA
1561,4/1/2015,442,H0722,F,0.36,CMM,23.049,7.643,4.185,3.011,1.984,2.973,2.274,2.64,4.613,4.303,NA,NA
1892,6/5/2015,531,H0722,F,0.64,CMM,27.995,9.066,4.923,4.303,2.904,4.16,3.306,3.509,5.98,5.598,NA,NA
1303,2/18/2015,370,H0723,M,0.21,TW,18.814,NA,NA,NA,NA,NA,NA,NA,NA,NA,NA,NA
1458,3/23/2015,413,H0723,M,0.26,TW,20.543,6.622,4.61,3.104,1.957,2.667,2.318,2.543,4.27,3.889,NA,NA
1786,5/13/2015,503,H0723,M,0.35,CMM,24.37,7.851,3.99,3.098,1.888,3.279,2.256,2.435,4.759,4.317,NA,NA
1536,3/25/2015,435,H0724,F,0.2,CMM,20.841,7.074,4.204,2.976,1.985,2.689,NA,NA,3.773,3.759,NA,NA
1694,4/22/2015,477,H0724,F,0.23,CMM,22.414,7.573,3.847,2.689,1.908,3.097,2.448,3.119,4.662,4.27,NA,NA
1918,6/22/2015,540,H0724,F,0.45,CMM,27.267,8.535,4.584,3.931,2.679,3.898,2.933,3.351,5.541,5.449,NA,NA
1406,3/5/2015,399,H0725,F,0.22,CMM,19.606,6.604,4.325,2.927,1.899,2.733,2.138,2.349,4.422,3.802,NA,NA
1542,3/25/2015,436,H0725,F,0.25,CMM,20.139,6.959,3.758,2.667,1.918,2.509,1.895,2.406,4.308,3.881,NA,NA
1863,5/27/2015,524,H0725,F,0.53,CMM,26.461,8.502,4.472,3.559,2.519,3.836,2.826,3.165,5.88,5.421,NA,NA
1651,4/15/2015,466,H0727,F,0.39,CMM,23.303,7.772,4.056,3.39,2.194,2.898,2.386,2.601,4.324,4.019,NA,NA
1989,7/2/2015,560,H0727,F,0.89,CMM,30.962,9.507,4.884,4.191,2.929,3.918,3.107,3.301,6.217,5.956,NA,NA
1324,2/25/2015,376,H0734,M,0.17,TW,18.483,6.722,2.208,2.746,2.038,2.674,2.015,2.238,4.139,3.989,JG - reameasured head width & pectoral,RM Set 1
1451,3/23/2015,412,H0734,M,0.26,TW,20.4,6.75,4.6,2.825,2.227,3.046,2.3,2.377,4.61,3.956,NA,NA
1866,5/27/2015,525,H0734,M,0.46,CMM,24.677,8.192,4.848,3.367,2.34,3.195,2.337,2.606,5.54,4.9,NA,NA
2150,8/20/2015,610,H0734,M,0.9,CMM,31.641,10.357,4.908,4.294,2.701,4.671,3.572,4.049,7,6.587,NA,NA
2865,11/18/2015,789,H0734,M,1.18,CMM,34.224,10.738,5.897,4.255,2.97,5.697,4.419,4.681,8.486,7.23,NA,NA
3454,2/16/2016,946,H0734,M,1.97,CMM,41.572,12.784,6.081,5.434,3.819,6.633,5.254,5.353,9.729,8.729,NA,NA
1329,2/25/2015,378,H0735,F,0.23,TW,19.504,7.282,3.445,2.022,1.587,3.012,2.083,2.382,4.086,3.974,JG - reameasured head width,RM Set 1
1445,3/23/2015,411,H0735,F,0.32,TW,22.345,6.638,4.463,NA,1.884,3.019,2.404,2.254,4.64,4.632,NA,NA
1867,5/27/2015,525,H0735,F,0.47,CMM,26.075,8.304,4.29,3.813,2.263,3.537,2.485,2.387,5.488,5.006,NA,NA
2149,8/20/2015,609,H0735,F,0.7,CMM,29.54,9.097,4.237,4.095,2.714,4.626,3.297,3.649,6.654,5.698,NA,NA
2863,11/18/2015,788,H0735,F,0.93,CMM,32.143,10.137,4.742,4.432,2.775,5.157,3.468,3.668,7.308,6.611,NA,NA
3453,2/16/2016,946,H0735,F,1.12,CMM,33.294,10.414,4.935,5.096,3.24,5.167,3.685,4.028,7.561,6.469,NA,NA
1322,2/25/2015,376,H0736,F,0.23,TW,18.555,6.968,2.669,2.349,1.983,2.584,2.48,2.597,3.812,4.039,JG - reameasured head width,RM Set 1
1449,3/23/2015,412,H0736,F,0.31,TW,19.969,6.998,4.253,3.386,2.058,3.008,NA,NA,4.432,4.067,NA,NA
1865,5/27/2015,525,H0736,F,0.51,CMM,25.424,7.687,4.42,3.68,2.648,3.123,2.776,3.15,5.187,4.746,NA,NA
2151,8/20/2015,610,H0736,F,0.77,CMM,29.311,9.083,4.723,4.385,3.057,4.652,3.536,3.901,6.646,5.769,NA,NA
2866,11/18/2015,789,H0736,F,0.87,CMM,31.324,9.408,5.173,4.444,3.206,4.76,3.866,4.021,7.031,6.597,NA,NA
3455,2/16/2016,946,H0736,F,1.03,CMM,33.651,10.189,4.944,4.624,3.348,5.227,4.231,4.221,7.474,6.667,NA,NA
1321,2/25/2015,376,H0740,M,0.19,TW,19.155,6.327,3.538,2.809,1.83,2.671,2.036,2.352,4.117,4.291,JG - reameasured head width,RM Set 1
1860,5/27/2015,524,H0740,M,0.42,CMM,24.555,7.848,4.3,3.337,2.198,2.905,2.269,2.425,5.035,4.557,NA,NA
2148,8/20/2015,609,H0740,M,0.84,CMM,31.577,10.249,4.941,4.255,3.179,4.472,3.555,3.908,7.213,6.273,NA,NA
2864,11/18/2015,788,H0740,M,1.19,CMM,35.425,11.084,5.311,4.648,3.135,5.985,4.039,4.624,8.361,7.82,NA,NA
3452,2/16/2016,945,H0740,M,1.91,CMM,40.608,12.938,6.093,5.646,3.97,6.351,5.007,5.271,9.221,8.462,NA,NA
1448,3/23/2015,411,H0740 ,M,0.21,TW,20.917,6.931,4.087,NA,1.738,NA,NA,NA,4.315,4.199,NA,NA
1323,2/25/2015,376,H0742,M,0.19,TW,19.881,7.302,3.1,2.825,1.934,2.362,2.029,2.381,4.215,3.788,JG - reameasured head width,RM Set 1
1450,3/23/2015,412,H0742,M,0.26,TW,22.023,7.833,4.272,3.02,2,3.036,2.379,2.632,4.411,4.194,NA,NA
1460,3/23/2015,414,H0744,F,0.25,TW,21.162,6.475,4.5,2.892,1.979,NA,NA,NA,4.364,4.481,NA,NA
1622,4/8/2015,459,H0744,F,0.31,CMM,23.025,7.613,3.75,3.213,2.263,3.218,2.233,2.861,4.419,4.292,NA,NA
1909,6/12/2015,536,H0744,F,0.5,AN,30.189,8.904,4.566,3.869,2.865,4.111,3.051,3.445,5.656,5.133,NA,NA
1543,3/25/2015,436,H0745,M,0.23,CMM,21.2,7.338,3.533,3.276,1.878,2.711,2.016,2.191,4.405,3.836,AS - Remeasured Pectoral,RM Set 1
1405,3/5/2015,399,H0745,M,0.25,CMM,21.108,6.979,4.176,2.627,2.009,2.586,1.503,1.945,4.092,3.623,NA,NA
1862,5/27/2015,524,H0745,M,0.64,CMM,28.261,9.106,4.684,4.004,2.782,3.715,3.04,3.847,6.06,5.432,NA,NA
2165,8/27/2015,613,H0745,M,1.07,CMM,32.337,10.388,5.289,4.803,3.016,4.673,3.368,3.839,7.319,6.504,NA,NA
2928,11/30/2015,804,H0745,M,1.66,CMM,39.3,12.343,6.089,5.875,3.844,6.838,4.726,5.365,9.093,8.431,NA,NA
3492,2/23/2016,962,H0745,M,2.09,CMM,42.126,13.001,6.649,6.252,3.946,7.318,5.372,5.52,10.061,8.681,NA,NA
1466,3/23/2015,415,H0746,F,0.24,TW,19.661,6.172,3.907,2.955,1.931,2.825,NA,NA,4.505,4.267,NA,NA
1553,4/1/2015,440,H0746,F,0.23,CMM,20.708,6.592,3.706,2.776,1.927,2.408,2.298,2.651,4.256,4.053,NA,NA
1895,6/5/2015,531,H0746,F,0.51,CMM,27.211,8.539,4.173,3.586,2.558,4.091,3.238,3.31,5.924,5.689,NA,NA
1624,4/8/2015,459,H0747,F,0.26,CMM,20.76,6.979,4.259,2.916,2.034,2.68,1.915,2.207,4.402,3.9,NA,NA
1723,4/29/2015,485,H0747,F,0.32,CMM,22.012,7.222,4.464,3.635,2.239,3.345,1.854,2.034,4.634,4.162,NA,NA
1986,7/2/2015,559,H0747,F,0.68,CMM,28.249,8.904,4.918,4.168,2.702,4.604,3.304,3.609,6.152,5.609,NA,NA
1465,3/23/2015,415,H0748,M,0.29,TW,20.175,7.917,4.657,3.532,1.772,2.91,1.707,2.044,4.361,3.919,"AS - Remeasured Head Length, Pelvic, Radius, and Ulna",RM Set 1
1669,4/15/2015,471,H0748,M,0.34,CMM,22.437,7.593,4.331,3.669,2.231,3.408,2.274,2.545,5.094,4.595,NA,NA
1906,6/12/2015,535,H0748,M,0.57,CMM,27.528,8.808,4.172,3.908,2.683,4.146,2.977,3.273,5.901,5.668,NA,NA
1728,4/29/2015,486,H0750,F,0.26,CMM,22.286,6.989,4.278,3.502,2.225,3.022,1.773,1.909,4.649,3.979,NA,NA
1874,5/27/2015,526,H0750,F,0.5,CMM,25.934,8.432,4.52,3.53,2.543,3.849,3.183,3.142,5.52,5.097,NA,NA
2086,7/23/2015,589,H0750,F,0.83,CMM,30.391,9.495,5.018,4.46,2.878,5.313,3.688,3.9,6.663,6.148,NA,NA
1463,3/23/2015,414,H0751,M,0.31,TW,19.982,6.989,5.128,3.209,2.206,3.353,2.089,2.447,4.168,4.359,NA,NA
1670,4/15/2015,471,H0751,M,0.3,CMM,22.975,7.888,4.255,3.21,2.166,3.246,2.113,2.763,4.681,4.382,NA,NA
1907,6/12/2015,535,H0751,M,0.56,CMM,27.293,9.055,4.739,3.868,2.718,4.006,2.707,3.398,5.836,5.387,NA,NA
3040,12/6/2015,831,H0751,M,1.33,CMM,36.173,11.873,5.641,4.985,3.39,5.402,4.219,4.188,8.297,7.323,NA,NA
3526,3/8/2016,974,H0751,M,2.14,CMM,41.437,13.064,7,6.479,4.741,7.437,4.835,5.289,9.733,8.928,NA,NA
1461,3/23/2015,414,H0752,F,0.28,TW,20.076,6.404,4.121,2.881,1.816,2.923,NA,NA,4.11,4.071,NA,NA
1621,4/8/2015,459,H0752,F,0.23,CMM,21.244,7.264,3.476,2.747,1.905,2.816,1.744,2.075,4.168,4.148,NA,NA
1910,6/12/2015,536,H0752,F,0.61,AN,29.554,9.117,4.017,3.906,2.419,4.163,2.967,3.235,5.334,5.085,NA,NA
2204,9/10/2015,623,H0752,F,1.03,CMM,32.048,9.905,4.696,4.685,3.06,5.291,3.578,3.726,7.061,6.216,NA,NA
3041,12/6/2015,831,H0752,F,1.21,CMM,35.275,10.442,4.939,4.507,3.213,5.618,4.167,4.411,8.232,7.506,NA,NA
3527,3/8/2016,974,H0752,F,1.42,CMM,36.774,11.327,5.205,4.99,4.166,5.829,4.003,4.093,8.122,7.928,NA,NA
1545,4/1/2015,438,H0753,M,0.24,CMM,20.203,6.981,3.454,2.943,1.798,2.62,1.59,1.835,4.151,3.983,NA,NA
1689,4/22/2015,476,H0753,M,0.32,CMM,22.395,7.512,3.891,3,1.919,2.859,2.014,2.335,4.59,4.736,NA,NA
1961,6/26/2015,553,H0753,M,0.71,CMM,28.262,9.069,4.428,4.199,2.587,4.058,2.904,3.304,5.886,5.563,NA,NA
1541,3/25/2015,436,H0754,F,0.23,CMM,19.803,6.679,3.694,2.757,1.742,2.671,2.008,2.463,3.762,3.477,"AS - Remeasured Pectoral, Radius, and Ulna",RM Set 1
1667,4/15/2015,471,H0754,F,0.27,CMM,22.919,7.86,3.887,3.014,1.967,3.022,1.986,2.392,4.644,4.168,NA,NA
1922,6/22/2015,541,H0754,F,0.53,AN,30.855,9.346,4.015,4.078,2.829,4.03,3.074,3.381,5.626,5.342,NA,NA
1749,5/6/2015,492,H0755,F,0.26,CMM,21.056,6.776,3.732,2.45,2.033,2.761,1.957,2.207,4.166,3.681,NA,NA
1896,6/5/2015,532,H0755,F,0.58,CMM,27.056,8.693,4.243,3.397,2.808,3.172,2.779,3.317,5.453,4.965,NA,NA
2120,7/30/2015,600,H0755,F,0.81,CMM,31.537,9.816,4.869,3.994,2.964,4.639,3.695,4.11,6.907,6.54,NA,NA
1563,4/1/2015,443,H0756,F,0.24,CMM,20.777,6.746,3.984,2.71,1.877,2.417,1.845,1.989,4.235,3.889,NA,NA
1690,4/22/2015,476,H0756,F,0.3,CMM,21.591,7.204,3.894,2.733,1.844,2.182,1.925,2.274,4.622,4.202,NA,NA
1963,6/26/2015,553,H0756,F,0.64,CMM,28.53,8.878,4.349,3.72,2.711,4.213,3.061,3.616,6.191,5.631,NA,NA
1790,5/13/2015,504,H0758,M,0.32,CMM,22.789,7.056,4.096,2.923,1.961,3.161,2.3,2.696,4.338,3.97,NA,NA
1898,6/5/2015,532,H0758,M,0.49,CMM,26.654,8.591,4.539,3.539,2.623,3.957,2.826,3.279,5.733,4.938,NA,NA
2138,8/6/2015,605,H0758,M,0.98,CMM,33.752,10.127,5.044,4.458,3.173,4.646,3.569,3.634,7.45,6.809,NA,NA
1630,4/8/2015,460,H0759,M,0.28,CMM,22.025,7.355,3.519,2.732,1.966,2.992,2.047,1.77,4.579,4.258,NA,RM Set 1
1720,4/29/2015,485,H0759,M,0.3,CMM,24.731,8.003,3.817,3.004,2.346,3.212,2.619,2.599,5.11,4.619,NA,NA
1983,7/2/2015,559,H0759,M,0.67,CMM,29.914,9.826,4.615,3.926,2.838,4.399,2.692,3.573,7.201,6.336,NA,NA
1564,4/1/2015,443,H0760,M,0.27,CMM,20.639,6.811,4.096,3.321,2.009,2.558,1.702,1.977,3.869,3.786,NA,NA
1691,4/22/2015,477,H0760,M,0.33,CMM,22.904,7.588,3.917,3.193,2.049,2.884,2.233,2.455,4.455,4.009,NA,NA
1962,6/26/2015,553,H0760,M,0.56,CMM,28.279,9.417,4.239,4.125,2.553,3.693,2.914,3.373,5.701,5.392,NA,NA
1791,5/13/2015,504,H0761,M,0.22,CMM,21.236,7.253,3.629,2.748,1.907,2.377,1.861,2.343,4.365,3.598,NA,NA
1899,6/5/2015,532,H0761,M,0.34,CMM,23.581,7.603,3.93,3.458,2.325,3.321,2.385,2.558,4.491,3.915,NA,NA
2137,8/6/2015,605,H0761,M,1,CMM,31.711,10.183,5.224,5.118,3.481,5.547,3.413,3.729,6.862,5.966,NA,NA
1696,4/22/2015,478,H0762,M,0.3,CMM,20.966,6.731,3.627,2.541,1.516,2.645,1.413,1.915,3.858,3.484,AS - Remeasured Humerus,RM Set 1
1535,3/25/2015,435,H0762,M,0.18,CMM,19.978,7.167,3.898,2.751,1.993,1.97,1.508,1.923,3.756,3.555,NA,NA
1965,6/26/2015,554,H0762,M,0.58,CMM,27.926,9.135,4.645,3.69,2.623,3.752,2.283,2.692,5.803,5.429,NA,NA
2289,9/24/2015,646,H0762,M,1.23,RH,34.49,11.051,5.664,4.718,3.299,5.33,3.877,4.422,7.857,6.894,NA,NA
3126,1/2/2016,854,H0762,M,1.98,CMM,41.047,12.833,6.484,5.882,4.101,6.909,4.767,5.199,9.359,8.539,NA,NA
3609,3/24/2016,997,H0762,M,3.61,CMM,49.083,14.479,6.715,6.889,4.709,8.054,6.219,6.577,11.21,10.074,NA,NA
5200,4/11/2017,1458,H0762,M,6.75,CMM,55.732,14.962,10.98,8.466,6.146,9.372,6.061,6.888,13.821,11.495,NA,NA
1537,3/25/2015,435,H0764,M,0.2,CMM,19.574,6.737,3.86,3.056,2.154,2.212,NA,NA,4.131,3.753,NA,NA
1693,4/22/2015,477,H0764,M,0.31,CMM,22.402,7.214,4.215,3.067,1.963,2.684,2.037,2.188,4.391,4.087,NA,NA
1920,6/22/2015,540,H0764,M,0.56,CMM,28.118,9.231,4.994,4.4,2.84,4.374,2.875,3.39,6.339,5.867,NA,NA
2292,9/24/2015,646,H0764,M,1.18,RH,34.23,11.098,5.443,4.927,2.789,4.97,4.034,4.466,7.061,6.921,NA,NA
3128,1/2/2016,855,H0764,M,1.42,CMM,37.015,12.031,5.802,5.742,3.7,5.743,4.393,4.601,8.582,7.531,NA,NA
3610,3/24/2016,998,H0764,M,2.55,CMM,42.569,12.597,6.1,6.726,3.97,6.815,5.332,5.432,9.831,9.271,NA,NA
5201,4/11/2017,1458,H0764,M,6.19,CMM,54.094,15.326,10.808,8.643,5.877,8.911,5.993,6.528,11.48,10.445,NA,NA
1688,4/22/2015,476,H0765,F,0.3,CMM,23.048,7.607,3.914,3.049,2.007,2.934,1.723,2.026,5.418,4.548,AS - Remeasured Femur & Tibia,RM Set 1
1565,4/1/2015,443,H0765,F,0.24,CMM,21.318,6.707,4.382,NA,1.99,2.336,2.05,2.27,4.142,3.8,NA,NA
1578,4/1/2015,446,H0766,M,0.23,CMM,20.949,7.801,3.151,2.692,1.735,2.437,2.13,2.559,4.204,3.756,NA,NA
1687,4/22/2015,476,H0766,M,0.26,CMM,22.845,7.421,3.914,2.801,2.001,3.038,2.455,2.658,4.666,4.367,NA,NA
1960,6/26/2015,553,H0766,M,0.46,CMM,26.656,8.668,4.872,3.754,2.819,4.08,2.87,3.143,5.891,5.248,NA,NA
2290,9/24/2015,646,H0766,M,1.02,RH,34.147,10.827,5.226,4.677,3.138,5.143,4.157,4.462,7.479,6.71,NA,NA
3125,1/2/2016,854,H0766,M,1.67,CMM,40.974,12.457,5.895,5.535,3.724,6.327,4.928,5.646,8.571,8.237,NA,NA
3608,3/24/2016,997,H0766,M,2.34,CMM,44.759,13.143,6.75,6.637,4.517,7.787,5.581,5.934,10.464,9.595,NA,NA
5199,4/11/2017,1457,H0766,M,5.33,CMM,54.834,15.6,10.555,7.904,6.411,9.057,6.246,6.714,12.516,10.791,NA,NA
1539,3/25/2015,436,H0767,F,0.17,CMM,18.849,6.238,3.465,2.797,1.697,1.911,1.923,2.465,3.796,3.424,"AS - Remeasured Pectoral, Radius, and Ulna",RM Set 1
1695,4/22/2015,477,H0767,F,0.21,CMM,21.056,6.736,3.758,2.702,1.858,2.517,1.803,2.331,4.319,3.954,NA,NA
1919,6/22/2015,540,H0767,F,0.41,CMM,26.881,8.88,4.173,3.343,2.337,3.665,2.858,3.192,5.627,5.108,NA,NA
2293,9/24/2015,647,H0767,F,1.03,CMM,33.415,10.43,4.663,4.011,2.84,4.717,3.416,4.06,7.67,7.257,NA,NA
3127,1/2/2016,854,H0767,F,1.09,CMM,35.091,10.742,5.125,4.325,3.183,5.588,4.056,4.191,7.821,7.149,NA,NA
3611,3/24/2016,998,H0767,F,1.54,CMM,37.482,11.227,5.388,4.822,3.486,5.407,3.742,4.304,8.282,7.678,NA,NA
5202,4/11/2017,1459,H0767,F,2.03,CMM,38.905,11.404,8.051,5.697,4.127,6.624,3.828,4.381,8.986,7.643,NA,NA
1988,7/2/2015,560,H0769,F,0.66,CMM,29.188,9.338,4.676,3.99,2.38,4.11,3.339,3.856,5.821,5.686,NA,NA
1789,5/13/2015,504,H0770,F,0.25,CMM,21.158,6.427,3.709,2.623,1.878,2.147,1.896,2.102,4.188,3.685,AS - Remeasured Radius and Ulna,RM Set 1
1905,6/12/2015,535,H0770,F,0.52,CMM,25.826,8.058,4.545,3.43,2.4,3.575,2.53,2.672,5.286,5.035,Extra measurement,NA
2136,8/6/2015,605,H0770,F,0.72,CMM,30.125,9.247,4.81,3.986,2.877,4.196,3.218,3.719,6.258,6.228,NA,NA
1631,4/8/2015,460,H0771,F,0.29,CMM,20.133,6.57,3.632,NA,2.042,2.488,NA,NA,4.103,3.85,NA,NA
1747,5/6/2015,492,H0771,F,0.34,CMM,22.526,7.252,3.848,3.252,2.162,2.991,2.312,2.226,4.427,4.006,NA,NA
1981,7/2/2015,558,H0771,F,0.53,CMM,26.222,8.611,4.505,3.995,2.567,3.937,2.579,2.845,5.71,5.11,NA,NA
2349,10/1/2015,662,H0771,F,0.77,CMM,28.711,9.204,4.762,4.283,3.043,4.913,3.133,3.387,6.933,6.241,NA,NA
3159,1/10/2016,863,H0771,F,0.86,CMM,31.741,9.952,4.834,4.327,3.09,4.69,3.715,4.004,6.607,6.407,NA,NA
3688,4/8/2016,1024,H0771,F,1.48,CMM,36.378,10.852,5.115,5.054,3.882,5.812,4.438,5.166,7.88,7.651,NA,NA
5224,4/11/2017,1465,H0771,F,2.08,CMM,38.486,11.109,7.773,5.465,4.164,6.02,4.009,4.155,8.508,7.775,NA,NA
1566,4/1/2015,443,H0772,F,0.27,CMM,20.113,6.676,4.093,3.034,2.182,2.783,2.339,2.499,4.108,3.629,NA,NA
1721,4/29/2015,485,H0772,F,0.27,CMM,21.876,7.369,3.904,3.071,2.105,3.09,2.093,2.461,4.439,4.102,NA,NA
1959,6/26/2015,552,H0772,F,0.54,CMM,26.961,8.887,4.268,3.79,2.386,3.668,2.811,3.341,5.564,5.324,NA,NA
2291,9/24/2015,646,H0772,F,1.05,RH,32.203,10.44,5.1,4.459,3.053,4.937,3.944,4.134,6.892,6.377,NA,NA
3124,1/2/2016,854,H0772,F,1.14,CMM,35.113,11.269,5.297,4.833,3.313,4.865,4.029,3.752,7.673,7.028,NA,NA
3607,3/24/2016,997,H0772,F,1.6,CMM,36.9,11.709,5.613,5.052,3.823,6.326,4.353,4.762,8.217,7.417,NA,NA
5221,4/11/2017,1464,H0772,F,2.2,CMM,40.277,11.16,7.593,5.994,3.525,6.441,4.242,4.945,8.984,7.396,NA,NA
1628,4/8/2015,460,H0773,M,0.25,CMM,21.061,7.286,3.848,2.952,1.943,2.945,1.948,2.343,4.034,3.825,NA,NA
1727,4/29/2015,486,H0773,M,0.31,CMM,23.387,7.768,3.667,3.017,1.915,3.116,2.247,2.477,4.6,4.366,NA,NA
1984,7/2/2015,559,H0773,M,0.54,CMM,27.786,9.039,4.658,3.968,2.44,3.791,2.858,3.728,5.729,5.399,NA,NA
2350,10/1/2015,662,H0773,M,1.28,CMM,33.945,10.578,5.233,5.233,3.337,5.423,3.532,3.979,8.162,7.113,NA,NA
3161,1/10/2016,864,H0773,M,1.85,CMM,41.63,12.828,6.064,5.583,4.126,6.676,5.301,5.609,9.097,8.339,NA,NA
3677,4/1/2016,1018,H0773,M,2.28,CMM,43.898,12.908,6.949,6.253,4.134,7.042,5.282,5.568,10.006,8.85,NA,NA
5226,4/11/2017,1465,H0773,M,5.59,CMM,51.765,13.89,10.239,7.843,5.942,9.042,5.903,6.434,12.01,10.073,NA,NA
1665,4/15/2015,470,H0774,F,0.28,CMM,22.07,7.19,3.915,3.061,1.942,2.84,2.211,2.289,4.354,3.915,NA,NA
1743,5/6/2015,491,H0774,F,0.3,CMM,24.022,8.271,3.693,3.076,2.229,3.134,2.395,2.594,4.909,4.47,NA,NA
2019,7/9/2015,569,H0774,M,0.55,CMM,28.291,9.286,4.425,3.971,2.482,4.109,2.441,3.14,6.244,5.595,NA,NA
2428,10/8/2015,684,H0774,M,1.02,CMM,33.087,10.635,5.252,4.959,3.15,5.087,3.649,4.115,7.863,6.906,NA,NA
3156,1/10/2016,863,H0774,M,1.45,CMM,39.137,12.421,5.613,5.203,3.694,5.764,4.419,4.74,9.009,8.515,NA,NA
3684,4/8/2016,1022,H0774,M,2.18,CMM,43.16,13.012,6.169,5.736,3.914,6.454,4.408,5.298,9.522,9.362,NA,NA
5222,4/11/2017,1464,H0774,M,7.46,CMM,55.753,14.327,10.069,8.062,5.877,8.508,6.072,6.407,13.169,11.441,NA,NA
1623,4/8/2015,459,H0775,F,0.21,CMM,21.169,6.881,3.722,2.679,2.033,2.9,1.682,2.364,4.329,3.833,NA,NA
1722,4/29/2015,485,H0775,F,0.24,CMM,21.963,7.717,3.505,2.754,1.977,2.732,2.043,2.403,4.725,4.222,NA,NA
1987,7/2/2015,560,H0775,F,0.57,CMM,27.989,8.823,4.725,3.72,2.567,4.408,3.593,3.737,6.371,5.758,NA,NA
2351,10/1/2015,663,H0775,F,1.09,CMM,33.455,10.642,4.849,4.864,3.462,4.963,3.743,3.944,7.884,7.69,NA,NA
3162,1/10/2016,864,H0775,F,1.13,CMM,35.513,11.561,5.165,4.7,3.313,5.263,4.451,4.591,8.03,7.27,NA,NA
3678,4/1/2016,1019,H0775,F,1.61,CMM,37.235,11.475,5.813,5.542,3.87,5.94,4.576,4.994,8.368,7.563,NA,NA
5220,4/11/2017,1463,H0775,F,2.45,CMM,40.762,11.798,8.102,5.736,3.668,6.183,4.317,4.916,9.305,7.675,NA,NA
1627,4/8/2015,460,H0776,M,0.25,CMM,20.471,6.933,3.038,3.187,2.182,2.83,2.123,2.548,4.206,3.658,NA,NA
1745,5/6/2015,491,H0776,M,0.41,CMM,23.031,7.436,4.129,3.94,2.568,3.713,2.65,3.186,5.111,4.51,NA,NA
1980,7/2/2015,558,H0776,M,0.62,CMM,28.146,9.204,4.721,4.338,2.899,4.244,3.331,3.979,6.693,5.88,NA,NA
2429,10/8/2015,684,H0776,M,1.07,CMM,33.605,10.918,5.017,4.877,3.453,5.284,3.895,4.149,8.011,7.338,NA,NA
3158,1/10/2016,863,H0776,M,1.46,CMM,37.875,11.773,5.814,5.901,3.983,5.994,4.751,5.125,8.978,7.99,NA,NA
3686,4/8/2016,1023,H0776,M,2.08,CMM,40.849,12.623,5.7,6.063,4.065,6.394,5.105,5.326,9.295,8.5,NA,NA
5225,4/11/2017,1465,H0777,M,4.82,CMM,49.15,13.934,6.64,7.308,5.52,7.431,4.757,5.75,11.602,9.927,AS - Remeasured Head Width,RM Set 1
1626,4/8/2015,459,H0777,M,0.22,CMM,20.369,6.708,3.688,3.384,2.078,2.497,1.832,2.396,3.958,3.616,NA,NA
1746,5/6/2015,491,H0777,M,0.37,CMM,22.961,7.644,4.172,3.267,2.161,3.212,2.189,2.646,4.626,4.185,NA,NA
1982,7/2/2015,558,H0777,M,0.55,CMM,27.965,9.221,4.607,3.946,2.469,4.248,2.748,3.122,5.589,5.238,NA,NA
2348,10/1/2015,662,H0777,M,1.17,CMM,33.407,10.72,5.486,4.79,3.303,5.276,3.458,4.024,7.532,6.781,NA,NA
3160,1/10/2016,864,H0777,M,1.59,CMM,39.641,12.438,5.865,5.546,3.487,6.187,4.744,5.202,8.828,8.222,NA,NA
3687,4/8/2016,1023,H0777,M,2.47,CMM,44.42,13.215,6.442,6.214,4.22,6.305,5.374,5.533,10.064,8.844,NA,NA
1699,4/22/2015,478,H0779,M,0.29,CMM,21.491,7.15,3.655,NA,1.908,2.373,1.816,2.522,4.225,3.974,NA,NA
1878,5/27/2015,527,H0779,M,0.48,CMM,26.089,8.574,3.914,3.633,2.341,3.778,2.841,2.979,5.145,4.763,NA,NA
2064,7/16/2015,583,H0779,M,0.77,CMM,29.643,9.655,4.987,4.231,2.884,4.611,3.675,3.053,6.666,5.772,NA,NA
1664,4/15/2015,470,H0780,M,0.28,CMM,21.112,6.668,3.797,2.722,2.008,2.657,1.703,2.022,4.346,3.854,NA,NA
1742,5/6/2015,491,H0780,M,0.37,CMM,23.95,7.777,4.449,3.63,2.555,3.576,2.041,2.375,4.656,4.134,NA,NA
2018,7/9/2015,569,H0780,M,0.66,CMM,29.188,9.33,4.866,3.737,2.583,4.11,2.932,3.34,6.038,5.77,NA,NA
1870,5/27/2015,526,H0781,M,0.4,CMM,23.604,7.706,4.228,3.313,2.379,2.814,1.832,2.067,4.622,4.158,NA,NA
1904,6/12/2015,535,H0781,M,0.53,CMM,25.914,8.196,4.439,3.555,2.678,3.462,2.611,2.873,5.456,4.676,NA,NA
1700,4/22/2015,478,H0782,F,0.26,CMM,20.881,6.584,3.648,2.346,1.722,2.353,1.64,1.958,4.072,3.703,NA,NA
1788,5/13/2015,504,H0782,F,0.4,CMM,24.618,7.693,4.308,3.238,2.329,3.037,2.176,2.534,4.73,4.397,NA,NA
2065,7/16/2015,583,H0782,F,0.72,CMM,29.07,9.195,4.294,3.743,2.573,4.355,3.142,3.119,6.304,5.727,NA,NA
1663,4/15/2015,470,H0784,F,0.14,CMM,18.079,5.906,3.573,NA,1.43,2.471,1.23,1.653,4.132,3.234,NA,NA
1625,4/8/2015,459,H0786,F,0.22,CMM,20.389,7.352,3.293,2.523,1.902,2.293,NA,NA,3.865,3.527,NA,NA
1744,5/6/2015,491,H0786,F,0.38,CMM,24.241,7.75,4.06,3.188,2.277,3.458,2.575,3.176,4.76,4.537,NA,NA
1979,7/2/2015,558,H0786,F,0.6,CMM,28.218,9.163,4.639,3.645,2.45,3.721,2.759,3.23,6.16,5.318,NA,NA
2430,10/8/2015,684,H0786,F,0.91,CMM,32.032,10.197,4.782,4.201,2.969,5.196,3.539,3.821,6.852,6.244,NA,NA
3157,1/10/2016,863,H0786,F,1.02,CMM,34.05,10.889,4.864,4.403,3.053,4.165,3.319,3.703,7.204,6.464,NA,NA
3685,4/8/2016,1023,H0786,F,1.47,CMM,36.695,11.201,5.409,4.82,3.943,5.547,3.65,4.054,7.594,6.886,NA,NA
5223,4/11/2017,1464,H0786,F,1.97,CMM,40.663,11.903,7.735,5.518,3.495,5.068,3.252,3.719,8.393,7.153,NA,NA
5269,5/25/2017,1478,H0788,F,1.84,CMM,39.984,11.817,6.197,5.454,5.165,6.938,4.512,5.359,8.663,7.618,AS - Remeasured Pelvic,RM Set 1
1698,4/22/2015,478,H0788,F,0.21,CMM,21.901,7.299,3.499,2.606,2.171,3.139,2.015,2.016,4.397,4.178,NA,NA
1879,5/27/2015,527,H0788,F,0.45,CMM,26.34,8.252,4.117,3.909,2.569,3.504,2.726,3.023,5.132,4.885,NA,NA
2062,7/16/2015,583,H0788,F,0.69,CMM,30.076,8.951,4.831,4.144,2.913,4.191,2.993,3.915,6.074,5.877,NA,NA
2602,10/21/2015,725,H0788,F,0.9,RH,33.194,10.331,5.132,4.733,3.358,4.796,3.771,4.105,6.7,6.655,NA,NA
3271,1/21/2016,896,H0788,F,1.09,CMM,33.712,10.228,5.26,5.032,3.472,5.367,3.645,3.615,7.359,6.733,NA,NA
3768,4/21/2016,1049,H0788,F,1.33,CMM,35.853,10.654,5.65,5.344,3.788,5.968,4.148,3.55,7.797,7.036,NA,NA
1729,4/29/2015,487,H0789,F,0.25,CMM,21.434,6.931,3.858,3.191,2.022,3.178,1.972,2.359,4.137,3.952,NA,NA
1881,5/27/2015,528,H0789,F,0.42,CMM,25.385,8.082,4.486,3.976,2.544,3.602,2.863,3.296,5.284,5.283,NA,NA
2087,7/23/2015,589,H0789,F,0.77,CMM,31.288,9.843,4.487,4.145,2.865,4.974,3.761,4.009,6.596,6.203,NA,NA
2600,10/21/2015,725,H0789,F,1.22,RH,34.842,10.886,5.595,5.185,3.495,4.939,4.015,4.279,7.589,7.509,NA,NA
3279,1/21/2016,898,H0789,F,1.5,CMM,36.651,11.089,5.834,5.205,3.527,4.957,3.69,4.14,8.403,7.378,NA,NA
3767,4/21/2016,1048,H0789,F,1.7,CMM,39.888,12.232,5.717,5.577,4.309,6.038,4.428,5.095,8.955,7.474,NA,NA
5267,5/25/2017,1478,H0789,F,2.4,CMM,43.165,12.306,6.171,5.805,4.716,6.668,4.23,5.189,9.594,7.785,NA,NA
1697,4/22/2015,478,H0790,F,0.24,CMM,19.389,6.46,3.744,2.412,1.713,2.227,1.509,1.812,4.073,3.672,NA,NA
1880,5/27/2015,528,H0790,F,0.41,CMM,25.827,8.546,4.26,3.189,2.363,3.402,2.881,3.27,5.741,5.279,NA,NA
2063,7/16/2015,583,H0790,F,0.63,CMM,28.144,9.22,4.618,4.1,2.988,4.682,2.532,2.967,6.4,5.836,NA,NA
2603,10/21/2015,726,H0790,F,0.83,CMM,30.756,10.203,4.902,4.596,3.299,5.09,3.29,3.476,7.196,6.67,NA,NA
3272,1/21/2016,896,H0790,F,1.02,CMM,33.989,10.84,5.08,4.67,3.688,5.16,3.818,4.211,7.617,7.229,NA,NA
3769,4/21/2016,1049,H0790,F,1.39,CMM,35.579,10.978,5.74,5.165,3.781,6.284,4.306,4.735,8.12,7.331,NA,NA
5268,5/25/2017,1478,H0790,F,2.22,CMM,40.722,12.068,6.078,5.385,4.877,6.311,4.192,4.79,8.576,7.672,NA,NA
1724,4/29/2015,486,H0791,M,0.3,CMM,21.589,6.918,4.056,3.058,1.822,2.702,1.595,2.258,4.194,3.991,NA,NA
1877,5/27/2015,527,H0791,M,0.41,CMM,25.204,8.263,4.464,3.341,2.23,3.668,2.347,2.575,5.293,4.954,NA,NA
2084,7/23/2015,588,H0791,M,0.71,CMM,31.043,9.891,5.004,4.201,2.965,4.703,3.249,3.573,6.259,5.972,NA,NA
2601,10/21/2015,725,H0791,M,1.26,RH,35.6,11.233,5.71,5.119,3.248,5.47,4.046,4.602,8.186,7.599,NA,NA
3269,1/21/2016,895,H0791,M,1.56,CMM,40.623,12.516,6.124,5.514,3.371,5.598,4.331,4.626,8.785,7.631,NA,NA
3765,4/21/2016,1048,H0791,M,2.19,CMM,43.354,12.796,6.535,6.363,4.132,7.695,5.182,5.419,10.44,9.039,NA,NA
1726,4/29/2015,486,H0792,F,0.21,CMM,19.748,6.678,3.418,2.963,1.931,2.622,1.95,1.975,3.965,3.752,NA,NA
1873,5/27/2015,526,H0792,F,0.44,CMM,24.872,7.821,4.206,3.633,2.281,3.252,2.29,2.615,5.058,4.745,NA,NA
2085,7/23/2015,588,H0792,F,0.69,CMM,28.486,9.229,4.718,4.168,2.893,4.455,3.103,3.654,6.728,5.86,NA,NA
2598,10/21/2015,724,H0792,F,0.97,CMM,32.815,10.355,4.942,4.732,2.998,5.103,3.973,4.289,7.061,6.405,NA,NA
3268,1/21/2016,895,H0792,F,1.16,CMM,34.391,11.053,5.526,4.637,3.174,4.91,3.534,3.706,7.712,7.177,NA,NA
3764,4/21/2016,1047,H0792,F,1.59,CMM,38.103,11.649,5.494,5.053,3.558,5.623,3.435,4.236,8.75,8.276,NA,NA
5265,5/25/2017,1477,H0792,F,2.59,CMM,42.391,11.513,6.15,5.765,4.394,5.971,3.694,4.674,8.759,7.731,NA,NA
1731,4/29/2015,487,H0793,M,0.29,CMM,21.824,7.2,3.864,3.026,2.112,2.697,1.735,1.808,4.291,3.864,NA,NA
1876,5/27/2015,527,H0793,M,0.42,CMM,25.532,8.431,4.493,3.444,2.59,3.573,2.815,3.214,5.346,4.954,NA,NA
2083,7/23/2015,588,H0793,M,0.85,CMM,29.582,9.318,5.08,4.301,2.784,4.136,3.054,3.459,7.398,6.097,NA,NA
2599,10/21/2015,725,H0793,M,1.28,RH,33.848,10.991,5.757,5.086,3.515,5.42,4.118,4.26,8.2,7.297,NA,NA
3270,1/21/2016,895,H0793,M,1.55,CMM,37.189,12.059,5.906,5.516,4.01,5.561,3.895,4.514,8.889,7.717,NA,NA
3766,4/21/2016,1048,H0793,M,2.08,CMM,41.768,12.711,6.479,6.965,3.956,8.207,5.347,5.544,10.34,8.8,NA,NA
5266,5/25/2017,1477,H0793,M,4.89,CMM,52.622,15.462,7.839,7.804,5.653,8.751,5.148,6.071,12.513,10.671,NA,NA
1730,4/29/2015,487,H0794,F,0.28,CMM,20.986,6.932,3.859,3.006,2.245,2.923,1.463,1.734,3.941,3.746,NA,NA
1875,5/27/2015,527,H0794,F,0.42,CMM,25.966,8.473,4.29,3.302,2.206,3.214,2.317,2.442,5.044,4.968,NA,NA
2082,7/23/2015,588,H0794,F,0.72,CMM,29.566,9.237,4.393,4.126,2.532,4.494,2.681,3.073,6.105,5.765,NA,NA
1750,5/6/2015,492,H0796,F,0.24,CMM,20.297,6.485,3.513,2.967,1.87,2.732,NA,2.047,3.836,3.442,NA,NA
1871,5/27/2015,526,H0796,F,0.44,CMM,25.243,7.926,3.886,3.395,2.473,3.533,2.505,2.903,4.564,4.349,NA,NA
2121,7/30/2015,600,H0796,F,0.86,CMM,29.695,9.078,4.738,4.269,2.769,5.406,3.607,3.621,6.574,5.739,NA,NA
1725,4/29/2015,486,H0797,F,0.2,CMM,19.429,6.467,3.315,2.796,1.65,2.271,1.581,1.979,3.695,3.296,"AS - Remeasured Pectoral, Radius, and Ulna",RM Set 1
1872,5/27/2015,526,H0797,F,0.42,CMM,24.758,8.154,3.891,3.216,2.287,3.201,2.444,2.75,4.885,4.516,NA,NA
2078,7/23/2015,587,H0797,F,0.72,CMM,29.257,9.572,4.446,4.246,2.603,4.457,2.902,3.299,6.222,5.9,NA,NA
1629,4/8/2015,460,H0798,F,0.22,CMM,20.862,6.943,3.594,2.718,1.992,2.757,2.127,2.454,3.991,3.838,NA,NA
1719,4/29/2015,485,H0798,F,0.28,CMM,22.766,7.317,3.946,3.087,2.018,3.187,1.903,2.212,4.521,4.823,NA,NA
1985,7/2/2015,559,H0798,F,0.58,CMM,27.103,8.438,4.516,3.563,2.687,4.081,2.638,3.096,6.112,5.484,NA,NA
1868,5/27/2015,525,H0800,M,0.34,CMM,22.156,7.486,3.95,2.95,2.137,2.869,2.22,2.429,4.45,4.048,NA,NA
1917,6/22/2015,540,H0800,M,0.48,CMM,25.831,8.384,4.494,3.834,2.467,3.823,2.649,2.931,5.277,4.885,NA,NA
1748,5/6/2015,492,H0801,F,0.3,CMM,22.198,6.82,3.956,3.222,2.136,3.125,1.651,1.901,4.624,4.065,NA,NA
1897,6/5/2015,532,H0801,F,0.52,CMM,25.91,8.184,4.797,4.015,2.725,3.892,2.836,3.281,5.55,5.028,NA,NA
2139,8/6/2015,606,H0801,F,0.76,CMM,29.382,9.324,5.201,4.179,2.871,5.174,3.529,3.863,6.49,6.11,NA,NA
1869,5/27/2015,525,H0802,F,0.26,CMM,20.802,6.79,3.744,2.365,1.891,2.082,1.51,1.776,4.083,3.573,NA,NA
1966,6/26/2015,554,H0802,F,0.33,CMM,23.244,7.761,4.248,3.411,2.272,3.549,2.516,2.397,5.166,4.259,NA,NA
5728,8/11/2017,1593,H0803,M,5.36,CMM,51.894,13.816,9.906,8.159,6.09,7.513,5.516,6.637,11.682,9.232,AS - Remeasured Radius and Ulna,RM Set 1
2154,8/20/2015,610,H0803,M,0.3,CMM,21.824,6.972,3.906,3.076,1.903,2.991,2.25,2.35,4.421,3.962,NA,NA
2205,9/10/2015,624,H0803,M,0.4,CMM,25.906,8.364,4.092,3.545,2.455,3.274,2.329,2.763,4.951,4.458,NA,NA
2790,11/10/2015,771,H0803,M,0.57,CMM,29.925,9.338,4.759,3.846,2.572,4.209,2.87,3.086,6.208,5.528,NA,NA
3429,2/9/2016,939,H0803,M,1.15,CMM,34.681,10.61,5.665,4.841,3.365,4.797,3.906,4.386,7.701,6.867,NA,NA
3845,5/12/2016,1071,H0803,M,1.35,RH,36.813,11.173,6.058,5.173,3.393,6.214,4.668,5.616,8.692,8.258,NA,NA
4445,8/18/2016,1227,H0803,M,2.64,CMM,43.768,11.168,8.527,6.858,4.545,7.037,4.707,5.461,10.087,8.548,NA,NA
2155,8/20/2015,611,H0806,M,0.35,CMM,22.95,7.544,3.965,2.986,2.009,2.602,1.856,1.906,4.153,3.777,NA,NA
2206,9/10/2015,624,H0806,M,0.44,CMM,25.794,8.671,4.521,3.659,2.372,3.665,2.256,2.664,5.06,5.199,NA,NA
2791,11/10/2015,771,H0806,M,0.62,CMM,29.414,9.546,4.951,3.977,2.687,4.423,2.92,3.12,6.226,5.498,NA,NA
3430,2/9/2016,939,H0806,M,1.3,CMM,35.747,11.476,5.929,4.975,3.369,5.157,3.815,4.1,8.123,7.087,NA,NA
3846,5/12/2016,1071,H0806,M,1.59,RH,40.118,12.248,6.401,6.224,4.177,6.293,4.666,5.357,9.23,8.754,NA,NA
4444,8/18/2016,1227,H0806,M,2.67,CMM,43.608,11.458,8.739,6.184,4.306,7.125,4.661,5.007,9.882,8.237,NA,NA
5705,8/11/2017,1588,H0806,M,5.42,CMM,56.274,16.14,10.483,8.49,4.815,8.542,6.231,7.179,12.547,10.279,NA,NA
2159,8/20/2015,612,H0807,F,0.27,CMM,21.147,6.956,3.293,2.769,2.067,2.659,1.994,1.992,3.877,3.367,NA,NA
2210,9/10/2015,625,H0807,F,0.36,CMM,24,7.915,3.921,2.977,2.135,2.836,2.106,2.349,4.471,4.218,NA,NA
2797,11/10/2015,773,H0807,F,0.68,CMM,28.579,8.894,4.927,4.053,3.014,3.938,2.456,3.133,6.253,5.769,NA,NA
3434,2/9/2016,940,H0807,F,1.16,CMM,33.59,10.463,5.486,4.64,3.763,5.008,3.918,3.766,6.864,6.004,NA,NA
3850,5/12/2016,1072,H0807,F,1.41,CMM,35.774,11.05,5.721,5.063,3.612,5.915,3.636,3.797,7.907,7.274,NA,NA
4428,8/18/2016,1223,H0807,F,1.84,CMM,38.834,11.643,4.765,4.922,3.809,5.794,4.131,4.214,7.468,7.117,NA,NA
5714,8/11/2017,1590,H0807,F,2.3,CMM,40.719,12.502,7.669,5.417,4.519,5.838,3.697,4.351,8.437,6.859,NA,NA
2157,8/20/2015,611,H0808,M,0.32,CMM,21.935,7.544,4.269,NA,2.188,2.549,NA,2.08,4.449,3.791,NA,NA
2208,9/10/2015,624,H0808,M,0.44,CMM,25.191,8.558,4.644,3.887,2.797,3.782,2.427,2.719,5.286,4.684,NA,NA
2792,11/10/2015,772,H0808,M,0.79,CMM,29.175,9.474,5.364,4.214,2.738,3.797,2.841,3.043,6.247,5.639,NA,NA
3431,2/9/2016,939,H0808,M,1.4,CMM,35.612,11.509,5.971,5.34,3.657,5.285,4.202,4.248,8.045,7.133,NA,NA
3866,5/12/2016,1076,H0808,M,2.03,CMM,43.089,12.918,6.426,5.986,3.947,6.426,4.665,5.107,9.333,8.532,NA,NA
4443,8/18/2016,1227,H0808,M,3.55,CMM,48.102,12.411,9.082,7.121,4.726,7.921,5.922,6.128,11.456,9.562,NA,NA
5716,8/11/2017,1590,H0808,M,6.58,CMM,57.598,16.219,10.953,8.134,5.83,9.945,6.785,7.276,14.194,11.186,NA,NA
2156,8/20/2015,611,H0809,M,0.28,CMM,21.502,7.414,3.458,2.953,1.907,2.865,1.842,2.16,4.209,3.916,NA,NA
2207,9/10/2015,624,H0809,M,0.4,CMM,24.685,8.309,4.496,3.573,2.46,3.36,2.1,2.299,5.141,4.67,NA,NA
2793,11/10/2015,772,H0809,M,0.7,CMM,30.116,9.563,4.687,3.963,2.411,4.353,3.05,3.351,6.252,5.772,NA,NA
3432,2/9/2016,940,H0809,M,1.28,CMM,36.44,11.869,5.943,5.613,3.425,5.612,4.199,4.152,7.895,7.395,NA,NA
3847,5/12/2016,1071,H0809,M,1.74,RH,40.815,12.785,6.559,6.198,4.147,6.374,4.674,4.877,9.299,8.445,NA,NA
4442,8/18/2016,1226,H0809,M,3.54,CMM,48.452,12.613,9.496,7.795,4.612,8.906,5.49,6.272,11.361,9.657,NA,NA
5727,8/11/2017,1593,H0809,M,6.98,CMM,58.48,15.7,10.022,8.764,5.829,9.629,6.164,6.779,13.303,11.391,NA,NA
5715,8/11/2017,1590,H0810,F,2.2,CMM,40.474,12.341,7.208,5.114,3.665,5.717,3.284,4.046,9.135,7.131,AS - Remeasured Radius,RM Set 1
2158,8/20/2015,611,H0810,F,0.3,CMM,21.415,7.1,3.881,3.202,1.983,2.89,2.062,2.277,4.202,3.903,NA,NA
2209,9/10/2015,624,H0810,F,0.44,CMM,25.152,8.437,4.139,3.862,2.33,3.882,2.173,2.678,5.139,4.58,NA,NA
2794,11/10/2015,772,H0810,F,0.59,CMM,26.187,8.526,4.683,3.879,2.3,4.006,2.67,2.804,6.061,5.372,NA,NA
3433,2/9/2016,940,H0810,F,0.93,CMM,31.323,10.245,5.286,4.908,2.978,5.024,3.769,3.844,6.558,6.114,NA,NA
3848,5/12/2016,1072,H0810,F,1.36,CMM,34.366,10.316,5.409,5.275,3.624,5.62,3.927,4.348,8.003,7.681,NA,NA
4426,8/18/2016,1222,H0810,F,1.6,CMM,37.453,11.578,4.742,5.27,3.845,5.676,3.854,4.103,8.047,7.485,NA,NA
2152,8/20/2015,610,H0811,F,0.27,CMM,20.989,7.052,3.754,2.648,1.753,2.588,1.769,1.985,3.998,3.56,NA,NA
2265,9/17/2015,638,H0811,F,0.33,CMM,23.164,7.772,4.029,NA,2.042,2.679,2.232,2.382,4.675,4.298,NA,NA
2788,11/10/2015,771,H0811,F,0.46,CMM,26.222,8.425,4.762,3.831,2.212,3.786,2.491,2.845,6.202,4.916,NA,NA
3451,2/16/2016,945,H0811,F,0.73,CMM,29.201,9.38,5.048,4.327,3.096,4.269,3.286,3.288,6.737,5.807,NA,NA
3843,5/12/2016,1070,H0811,F,0.95,RH,30.741,9.624,5.244,4.808,3.075,4.902,3.668,4.867,7.826,7.027,NA,NA
4462,8/30/2016,1233,H0811,F,1.14,CMM,33.779,8.81,6.461,4.879,3.27,5.093,3.062,3.276,7.269,6.113,NA,NA
5780,8/18/2017,1603,H0811,F,1.9,CMM,38.975,10.979,5.329,4.978,3.971,5.522,4.012,4.27,7.607,7.571,NA,NA
4429,8/18/2016,1223,H0812,M,3.31,CMM,46.396,13.008,5.901,7.266,4.203,7.81,5.262,5.662,10.474,9.754,AS - Remeasured Pectoral,RM Set 1
2162,8/20/2015,612,H0812,M,0.31,CMM,21.984,8.434,4.387,3.004,1.932,2.859,2.128,2.294,4.268,3.934,NA,NA
2213,9/10/2015,625,H0812,M,0.47,CMM,26.138,8.449,4.326,3.673,2.563,4.071,2.68,2.979,5.299,4.848,NA,NA
2798,11/10/2015,773,H0812,M,0.79,CMM,30.049,9.332,5.195,4.353,3.121,4.67,3.283,3.446,6.805,5.991,NA,NA
3437,2/9/2016,941,H0812,M,1.46,CMM,37.23,11.336,5.743,5.506,3.672,5.97,4.386,4.545,8.893,7.544,NA,NA
3851,5/12/2016,1072,H0812,M,1.88,CMM,41.559,12.25,6.266,5.884,4.032,6.661,5.189,5.524,9.761,8.905,NA,NA
5730,8/11/2017,1593,H0812,M,4.39,CMM,53.764,15.393,9.287,7.179,4.898,8.156,5.465,6.455,12.776,10.53,NA,NA
2160,8/20/2015,612,H0813,F,0.25,CMM,21.521,7.134,3.611,2.863,1.931,2.903,NA,2.277,4.098,3.755,NA,NA
2211,9/10/2015,625,H0813,F,0.34,CMM,24.732,7.978,3.993,3.3,2.258,3.415,2.436,2.739,4.875,4.449,NA,NA
2795,11/10/2015,772,H0813,F,0.57,CMM,27.618,8.25,4.72,3.818,2.589,3.875,2.518,2.889,6.753,5.536,NA,NA
3435,2/9/2016,940,H0813,F,1.03,CMM,34.263,10.413,5.163,4.549,3.143,4.692,3.894,3.822,7.062,6.424,NA,NA
3849,5/12/2016,1072,H0813,F,1.45,CMM,36.033,10.733,5.468,5.215,3.772,5.634,4.132,4.168,7.946,7.321,NA,NA
4427,8/18/2016,1223,H0813,F,1.81,CMM,38.221,11.606,4.955,5.039,4.052,5.862,4.585,4.52,8.308,7.392,NA,NA
5717,8/11/2017,1590,H0813,F,2.16,CMM,41.716,11.897,7.299,5.386,4.425,6.109,4.162,4.748,8.916,7.696,NA,NA
2161,8/20/2015,612,H0814,M,0.34,CMM,22.299,7.222,4.027,3.262,2.167,2.55,1.938,2.141,4.317,4.209,NA,NA
2212,9/10/2015,625,H0814,M,0.39,CMM,24.407,8.293,4.29,3.338,2.195,3.208,2.224,2.386,5.129,4.772,NA,NA
2796,11/10/2015,773,H0814,M,0.53,CMM,27.066,8.981,4.974,3.483,2.425,4.028,2.86,3.395,5.764,5.042,NA,NA
3436,2/9/2016,941,H0814,M,0.9,CMM,31.887,10.649,5.19,4.562,3.123,4.884,3.343,3.643,7.387,6.563,NA,NA
3852,5/12/2016,1073,H0814,M,1.23,CMM,36.995,11.985,5.864,4.932,3.351,5.817,4.478,4.73,8.564,7.83,NA,NA
4430,8/18/2016,1223,H0814,M,1.93,CMM,39.902,12.382,4.972,5.715,3.74,5.851,4.831,4.668,9.022,7.726,NA,NA
5729,8/11/2017,1593,H0814,M,4.09,CMM,52.547,14.623,9.832,7.883,5.444,8.21,6.162,6.954,12.078,10.255,NA,NA
2153,8/20/2015,610,H0816,F,0.22,CMM,19.828,6.616,3.712,2.466,1.618,2.455,1.849,2.126,3.837,3.672,NA,NA
2266,9/17/2015,638,H0816,F,0.34,CMM,23.315,7.783,4.23,3.24,2.225,2.85,1.878,2.366,4.935,4.52,NA,NA
2789,11/10/2015,771,H0816,F,0.59,CMM,29.032,9.44,4.578,3.762,2.719,4.374,3.475,3.796,6.515,5.462,NA,NA
3428,2/9/2016,939,H0816,F,0.98,CMM,33.646,10.898,5.16,4.61,3.227,4.619,3.802,3.992,7.502,6.799,NA,NA
3844,5/12/2016,1070,H0816,F,1.16,RH,34.064,10.764,5.815,5.446,3.175,5.716,4.462,4.569,8.138,7.421,NA,NA
4446,8/18/2016,1227,H0816,F,1.61,CMM,36.934,9.644,6.523,4.683,3.345,5.511,3.126,3.762,8.708,7.579,NA,NA
5775,8/18/2017,1602,H0816,F,1.8,CMM,37.779,11.258,6.087,5.025,4.377,6.261,4.495,5.022,8.447,7.511,NA,NA
2174,8/27/2015,615,H0818,M,0.3,CMM,21.742,7.133,3.803,3.05,1.701,2.681,1.938,2.127,4.024,3.795,NA,NA
2259,9/17/2015,637,H0818,M,0.37,CMM,24.336,8.136,4.022,2.937,1.815,3.464,2.568,2.772,4.764,4.21,NA,NA
2875,11/18/2015,791,H0818,M,0.57,CMM,27.506,8.411,4.898,3.607,2.294,3.966,2.836,3.205,5.624,5.46,NA,NA
3446,2/16/2016,944,H0818,M,1.25,CMM,34.987,11.294,5.863,5.05,3.334,5.373,4.401,4.312,7.48,7.157,NA,NA
3930,5/26/2016,1093,H0818,M,1.79,CMM,40.837,12.358,6.406,5.951,3.671,6.547,5.078,5.066,9.509,8.662,NA,NA
4455,8/30/2016,1231,H0818,M,3.29,CMM,48.468,12.335,9.223,6.825,5.024,8.769,6.36,6.555,11.529,9.224,NA,NA
5781,8/18/2017,1603,H0818,M,5.33,CMM,52.36,14.384,10.165,7.556,5.626,10.153,6.975,7.795,12.138,10.577,NA,NA
4457,8/30/2016,1232,H0819,F,1.45,CMM,37.8,11.779,7.02,4.866,3.331,5.947,4.164,4.525,8.418,7.182,AS - Remeasured Head Length,RM Set 1
2173,8/27/2015,615,H0819,F,0.23,CMM,20.899,6.817,3.765,2.759,1.902,2.751,1.844,2.14,4.346,3.823,NA,NA
2257,9/17/2015,637,H0819,F,0.31,CMM,22.282,7.318,4.06,3.251,2.106,3.331,1.941,2.35,4.398,3.967,NA,NA
2872,11/18/2015,791,H0819,F,0.48,CMM,25.667,8.289,4.633,3.614,2.432,3.921,2.021,2.525,5.874,5.24,NA,NA
3443,2/16/2016,943,H0819,F,0.85,CMM,31.17,9.881,4.513,4.544,2.956,3.954,3.24,3.489,6.985,6.265,NA,NA
3933,5/26/2016,1093,H0819,F,1.21,CMM,34.078,10.175,5.409,4.765,3.352,5.321,3.629,3.883,7.809,6.833,NA,NA
5776,8/18/2017,1602,H0819,F,1.92,CMM,41.05,11.11,6.713,5.272,3.918,6.723,4.67,5.117,8.172,7.813,NA,NA
4452,8/30/2016,1230,H0820,F,1.68,CMM,37.843,11.401,7.012,5.293,3.763,6.212,4.027,4.257,8.553,7.257,AS - Remeasured Head Length,RM Set 1
2171,8/27/2015,615,H0820,F,0.29,CMM,21.939,7.181,3.87,2.984,2.134,2.693,1.626,1.968,4.456,3.742,NA,NA
2256,9/17/2015,636,H0820,F,0.34,CMM,24.829,8.376,4.044,3.305,2.091,3.107,2.426,3.104,5.157,4.507,NA,NA
2873,11/18/2015,791,H0820,F,0.61,CMM,29.134,8.843,4.685,3.52,2.476,3.864,3.224,3.775,6.406,5.873,NA,NA
3444,2/16/2016,943,H0820,F,1.16,CMM,34.775,10.609,4.94,4.838,3.237,5.189,4.003,4.134,7.655,7.13,NA,NA
3928,5/26/2016,1092,H0820,F,1.39,CMM,36.531,11.089,5.787,5.342,3.573,5.453,3.663,3.952,8.048,7.292,NA,NA
2172,8/27/2015,615,H0821,M,0.3,CMM,21.271,7.179,4.21,3.171,2.098,2.772,1.487,1.702,4.091,3.574,NA,NA
2258,9/17/2015,637,H0821,M,0.38,CMM,24.509,7.842,4.298,4.019,2.372,3.248,2.543,2.631,4.67,4.173,NA,NA
2874,11/18/2015,791,H0821,M,0.48,CMM,27.571,8.846,4.54,3.551,2.548,3.694,2.427,2.786,5.773,4.887,NA,NA
3445,2/16/2016,943,H0821,M,0.98,CMM,33.921,10.778,5.445,4.908,3.102,4.791,3.551,3.794,7.322,6.391,NA,NA
3932,5/26/2016,1093,H0821,M,1.64,CMM,38.491,11.795,6.262,5.591,3.623,6.534,4.511,4.945,8.464,7.309,NA,NA
4456,8/30/2016,1231,H0821,M,2.88,CMM,45.409,11.444,8.664,6.562,4.485,7.195,4.819,5.016,10.062,8.793,NA,NA
5774,8/18/2017,1602,H0821,M,6.11,CMM,55.31,14.609,10.273,8.039,6.084,9.645,5.809,6.97,12.374,11.168,NA,NA
2868,11/18/2015,790,H0822,M,0.57,CMM,27.587,9.109,4.636,3.446,2.633,3.741,1.706,2.153,6.18,5.758,AS - Remeasured Radius and Ulna,RM Set 1
2168,8/27/2015,614,H0822,M,0.27,CMM,20.614,7.251,3.939,2.933,2.022,3.167,2.246,2.304,4.33,3.709,NA,NA
2288,9/24/2015,645,H0822,M,0.4,CMM,23.812,8.03,4.017,NA,2.105,2.779,1.88,2.317,4.858,4.458,NA,NA
3439,2/16/2016,942,H0822,M,1.1,CMM,34.299,10.946,5.341,4.607,3.169,4.846,3.754,4.217,7.966,7.358,NA,NA
3927,5/26/2016,1092,H0822,M,1.44,CMM,38.078,12.067,5.684,4.842,3.232,5.79,3.847,4.089,8.406,8.044,NA,NA
4451,8/30/2016,1230,H0822,M,3,CMM,44.941,11.616,8.624,6.748,4.942,7.287,4.352,4.709,10.854,9.356,NA,NA
2170,8/27/2015,614,H0823,M,0.27,CMM,21.556,7.513,3.575,2.725,1.783,2.516,1.9,2.138,4.255,3.862,NA,NA
2255,9/17/2015,636,H0823,M,0.3,CMM,23.38,8.211,4.084,3.173,2.297,3.244,2.346,2.585,4.68,4.319,NA,NA
2871,11/18/2015,790,H0823,M,0.35,CMM,25.747,8.635,4.265,3.105,2.154,3.627,2.486,2.675,5.307,4.481,NA,NA
3442,2/16/2016,943,H0823,M,0.78,CMM,29.314,9.717,5.269,4.404,2.935,4.521,3.154,3.532,6.645,5.719,NA,NA
3929,5/26/2016,1092,H0823,M,1.24,CMM,35.569,10.999,5.71,5.067,3.119,5.506,4.188,4.306,7.848,7.187,NA,NA
4453,8/30/2016,1230,H0823,M,2.17,CMM,42.715,11.007,8.106,5.764,3.998,6.441,4.584,4.991,9.297,8.484,NA,NA
5773,8/18/2017,1602,H0823,M,4.53,CMM,51.098,14.147,9.034,7.198,5.52,9.141,6.331,6.207,12.749,11.115,NA,NA
3937,5/26/2016,1094,H0824,F,1.32,CMM,34.811,11.15,5.326,4.263,3.26,5.05,3.697,4.396,7.988,6.911,"AS - Remeasured Head Length, Head Width, Pectoral, Pelvic, Humerus, Radius, Ulna, Femur, and Tibia",RM Set 1
2879,11/18/2015,792,H0824,F,0.51,CMM,26.229,8.347,4.622,3.592,2.59,3.81,3.188,3.119,5.655,5.161,Extra measurement,NA
2179,8/27/2015,616,H0824,F,0.29,CMM,20.607,7.134,3.318,3.551,2.004,2.961,2.05,2.293,4.109,3.532,NA,NA
2264,9/17/2015,638,H0824,F,0.33,CMM,23.47,7.99,3.884,3.193,2.165,3.415,1.97,2.085,4.438,4.033,NA,NA
3450,2/16/2016,945,H0824,F,0.96,CMM,32.365,9.879,5.126,4.775,3.054,4.832,3.59,3.918,6.288,6.111,NA,NA
4461,8/30/2016,1233,H0824,F,1.69,CMM,37.588,9.931,6.977,4.927,3.438,6.176,3.618,4.023,7.884,7.133,NA,NA
5779,8/18/2017,1603,H0824,F,2.16,CMM,40.864,11.695,5.891,5.153,4.246,6.867,4.06,4.642,8.63,7.46,NA,NA
2178,8/27/2015,616,H0825,F,0.28,CMM,21.106,6.863,3.83,3.108,1.992,2.959,2.043,2.155,4.033,3.655,NA,NA
2263,9/17/2015,638,H0825,F,0.4,CMM,24.952,7.949,4.125,3.311,2.605,3.196,2.338,2.581,4.862,4.805,NA,NA
2175,8/27/2015,615,H0826,M,0.24,CMM,21.109,6.928,3.684,NA,2.054,2.556,1.937,2.112,4.024,3.388,NA,NA
2260,9/17/2015,637,H0826,M,0.31,CMM,22.958,7.586,4.209,3.278,2.159,2.993,1.966,2.349,4.566,4.398,NA,NA
2876,11/18/2015,792,H0826,M,0.45,CMM,25.462,8.694,4.889,3.496,2.458,4.132,2.807,2.779,5.708,5.095,NA,NA
3447,2/16/2016,944,H0826,M,1.22,CMM,34.172,10.788,5.33,4.924,3.372,5.701,3.66,4.179,7.465,6.752,NA,NA
3934,5/26/2016,1094,H0826,M,1.58,CMM,39.392,11.919,5.932,5.388,3.573,6.442,3.823,5.051,8.547,8.338,NA,NA
4458,8/30/2016,1232,H0826,M,2.42,CMM,43.123,11.101,8.711,6.346,4.375,7.764,4.831,5.182,10.095,8.836,NA,NA
5777,8/18/2017,1603,H0826,M,5.1,CMM,52.701,14.772,8.292,7.291,5.625,9.148,5.553,6.336,13.108,11.697,NA,NA
4449,8/30/2016,1229,H0827,M,3.65,CMM,47.757,13.465,8.911,7.033,5.077,8.271,5.258,5.694,10.657,9.023,AS - Remeasured Head Length,RM Set 1
2167,8/27/2015,614,H0827,M,0.34,CMM,23.062,7.414,3.988,3.144,1.93,2.695,1.92,2.427,4.297,3.926,NA,NA
2287,9/24/2015,645,H0827,M,0.4,CMM,24.899,8.506,4.3,3.26,2.086,3.619,2.46,2.505,4.701,4.543,NA,NA
2869,11/18/2015,790,H0827,M,0.5,CMM,28.106,8.95,4.473,3.623,2.581,4.082,3.082,3.439,5.489,5.06,NA,NA
3440,2/16/2016,942,H0827,M,1.43,CMM,37.782,11.88,5.777,5.004,3.38,5.682,4.109,4.651,7.675,7.365,NA,NA
3925,5/26/2016,1091,H0827,M,1.95,CMM,41.255,12.132,6.331,6.029,3.922,7.335,4.964,4.852,8.986,8.017,NA,NA
2176,8/27/2015,616,H0828,M,0.25,CMM,20.471,6.918,3.979,2.963,1.975,2.61,1.961,2.101,3.97,3.541,NA,NA
2262,9/17/2015,638,H0828,M,0.37,CMM,23.691,7.723,4.261,3.274,2.261,2.998,2.317,2.639,4.715,4.464,NA,NA
2878,11/18/2015,792,H0828,M,0.59,CMM,29.401,9.545,4.623,3.681,2.69,4.631,3.24,3.638,6.462,5.592,NA,NA
3448,2/16/2016,944,H0828,M,1.35,CMM,36.293,11.316,5.689,5.102,3.541,4.705,3.882,4.458,8.131,7.085,NA,NA
3935,5/26/2016,1094,H0828,M,1.61,CMM,39.852,12.144,6.26,5.493,3.881,6.362,4.178,4.954,8.362,8.177,NA,NA
4459,8/30/2016,1232,H0828,M,3.14,CMM,47.957,12.122,8.463,6.459,4.687,8.252,5.843,6.118,10.692,9.352,NA,NA
5778,8/18/2017,1603,H0828,M,5.53,CMM,55.85,15.337,9.453,7.511,5.813,9.89,7.249,7.98,12.41,11.091,NA,NA
2169,8/27/2015,614,H0829,F,0.23,CMM,20.332,6.772,3.816,2.673,2.069,2.99,NA,NA,4.477,4.102,NA,NA
2254,9/17/2015,636,H0829,F,0.29,CMM,22.467,7.572,4.106,3.14,2.163,3.024,1.97,2.487,4.652,4.193,NA,NA
2870,11/18/2015,790,H0829,F,0.37,CMM,24.56,8.024,4.468,3.611,2.378,3.428,2.283,2.786,5.89,5.042,NA,NA
3441,2/16/2016,942,H0829,F,0.87,CMM,30.687,9.805,4.783,4.628,2.948,4.51,3.765,3.953,6.937,6.407,NA,NA
3931,5/26/2016,1093,H0829,F,1.1,CMM,33.96,10.5,5.123,4.702,3.379,5.279,4.235,4.828,7.91,6.712,NA,NA
4454,8/30/2016,1231,H0829,F,1.19,CMM,35.054,9.48,7.211,5.255,3.673,6.186,4.05,4.336,8.187,7.072,NA,NA
2177,8/27/2015,616,H0830,M,0.31,CMM,22.697,7.493,3.95,NA,2.408,3.145,2.052,2.368,4.185,4.406,NA,NA
2261,9/17/2015,637,H0830,M,0.44,CMM,24.788,8.064,4.233,3.356,2.479,3.113,2.457,2.757,5.182,4.686,NA,NA
2877,11/18/2015,792,H0830,M,0.65,CMM,31.136,9.952,4.662,4.032,2.808,4.389,3.461,3.424,6.463,5.82,NA,NA
3449,2/16/2016,944,H0830,M,1.57,CMM,38.404,11.615,5.749,5.351,3.693,6.148,3.828,3.941,8.116,7.804,NA,NA
3936,5/26/2016,1094,H0830,M,2.01,CMM,42.301,12.59,6.724,6.18,4.175,7.254,5.27,5.73,9.568,8.627,NA,NA
4460,8/30/2016,1233,H0830,M,3.8,CMM,49.466,12.403,9.446,7.034,4.821,9.154,6.044,6.488,10.787,9.632,NA,NA
2166,8/27/2015,614,H0831,F,0.23,CMM,21.065,6.972,3.758,2.691,1.892,2.328,NA,NA,4.311,3.822,NA,NA
2286,9/24/2015,645,H0831,F,0.34,CMM,22.612,7.345,4.011,3.271,2.227,3.52,1.854,2.117,4.55,4.059,NA,NA
2867,11/18/2015,789,H0831,F,0.56,CMM,28.181,9.125,4.598,3.736,2.587,3.598,2.335,2.294,6.213,5.78,NA,NA
3438,2/16/2016,942,H0831,F,1.16,CMM,33.867,10.522,5.388,5.151,3.806,5.746,3.526,3.887,6.518,6.96,NA,NA
3926,5/26/2016,1092,H0831,F,1.42,CMM,37.046,10.957,5.769,5.377,3.605,5.632,3.569,4.041,8.454,7.758,NA,NA
4450,8/30/2016,1229,H0831,F,1.9,CMM,39.014,9.99,7.688,6.109,4.546,5.812,3.323,4.028,9.509,7.728,NA,NA
5829,8/24/2017,1612,H0831,F,2.27,CMM,40.419,10.818,7.536,5.94,4.634,6.39,4.514,4.751,8.917,8.008,NA,NA
2192,9/3/2015,620,H0833,F,0.24,CMM,19.924,6.602,3.533,3.069,1.953,2.584,1.913,2.21,4.435,3.79,NA,NA
2408,10/1/2015,679,H0833,F,0.39,CMM,23.614,7.761,4.028,3.564,2.221,4.034,2.457,2.776,5.418,4.818,NA,NA
2918,11/30/2015,801,H0833,F,0.49,CMM,26.893,8.552,4.476,3.881,2.526,3.947,3.019,3.46,5.679,5.396,NA,NA
3567,3/10/2016,984,H0833,F,0.92,CMM,30.962,9.651,5.221,4.835,3.279,4.627,3.226,3.78,7.336,6.531,NA,NA
3914,5/26/2016,1089,H0833,F,1.37,CMM,35.855,10.711,5.567,5.447,3.866,5.717,3.898,4.592,8.167,7.287,NA,NA
4539,9/18/2018,1253,H0833,F,1.54,CMM,38.504,11.498,5.756,5.237,3.946,6.501,4.588,4.739,8.192,8.248,NA,NA
2198,9/3/2015,622,H0834,F,0.25,CMM,20.776,7.013,3.138,2.948,1.832,3.024,2.001,2.173,4.058,3.753,NA,NA
2282,9/24/2015,644,H0834,F,0.29,CMM,22.923,7.191,4.003,NA,1.892,3.192,2.294,2.53,4.408,3.986,NA,NA
2924,11/30/2015,803,H0834,F,0.51,CMM,27.089,8.597,4.704,3.828,2.314,4.103,2.798,3.208,5.666,5.246,NA,NA
3498,2/23/2016,963,H0834,F,0.8,CMM,30.971,9.568,5.147,4.577,2.845,4.494,3.632,3.872,6.674,6.094,NA,NA
3921,5/26/2016,1090,H0834,F,1.12,CMM,35.331,10.401,5.386,4.464,3.174,5.86,4.444,4.803,7.684,7.307,NA,NA
4519,9/10/2016,1247,H0834,F,1.42,CMM,36.71,10.759,5.82,5.033,3.888,6.538,4.28,4.492,8.939,7.489,NA,NA
2200,9/3/2015,622,H0836,M,0.29,CMM,21.307,7.247,3.764,2.885,1.863,2.869,1.931,2.342,4.126,3.764,NA,NA
2284,9/24/2015,644,H0836,M,0.33,CMM,24.293,8.214,3.858,3.125,2.243,3.501,2.466,2.843,4.792,4.439,NA,NA
2927,11/30/2015,803,H0836,M,0.62,CMM,28.137,9.226,5.045,NA,2.929,4.507,2.878,3.539,6.113,5.354,NA,NA
3500,2/23/2016,964,H0836,M,1.06,CMM,33.71,11.029,5.448,4.713,3.412,4.964,3.624,3.909,7.616,7.048,NA,NA
3923,5/26/2016,1091,H0836,M,1.52,CMM,38.602,11.834,6.097,5.413,3.595,6.346,4.624,5.173,9.037,8.083,NA,NA
4520,9/10/2016,1248,H0836,M,2.76,CMM,43.406,12.576,7.18,6.099,4.836,8.436,5.697,5.589,10.391,9.278,NA,NA
5828,8/24/2017,1612,H0836,M,4.24,CMM,49.302,13.39,9.103,6.601,5.102,8.199,6.281,7.241,11.842,9.874,NA,NA
2194,9/3/2015,621,H0838,F,0.25,RH,20.531,6.733,3.914,2.518,2.043,2.587,2.187,2.099,4.039,3.657,AS - Remeasured Pectoral,RM Set 1
2411,10/1/2015,680,H0838,F,0.41,CMM,25.296,8.409,4.316,3.711,2.618,3.631,2.537,3.333,5.037,4.658,NA,NA
2919,11/30/2015,801,H0838,F,0.58,CMM,28.89,9.656,4.548,4.044,2.62,3.754,3.14,3.44,5.898,5.603,NA,NA
3493,2/23/2016,962,H0838,F,1,CMM,33.628,10.824,5.211,4.762,3.258,4.923,3.405,4.018,7.247,6.702,NA,NA
3916,5/26/2016,1089,H0838,F,1.4,CMM,37.888,11.39,5.369,5.229,3.996,6.556,4.587,4.777,7.906,7.632,NA,NA
4514,9/10/2016,1246,H0838,F,1.4,CMM,37.149,11.513,5.699,5.247,4.427,6.427,4.294,4.658,8.398,7.764,NA,NA
2190,9/3/2015,620,H0840,M,0.23,CMM,20.582,6.973,3.715,2.862,1.732,2.599,NA,2.039,4.129,3.656,NA,NA
2407,10/1/2015,679,H0840,M,0.35,CMM,24.262,7.927,3.842,NA,2.083,3.038,1.953,2.228,5.273,4.74,NA,NA
2916,11/30/2015,801,H0840,M,0.58,CMM,28.427,9.264,4.899,4.313,3.126,5.062,3.012,3.409,6.31,5.434,NA,NA
3566,3/10/2016,984,H0840,M,1.25,CMM,35.129,11.239,6.019,5.438,3.85,5.757,4.058,4.476,8.488,7.256,NA,NA
3915,5/26/2016,1089,H0840,M,1.61,CMM,38.766,12.139,6.105,5.778,4.041,7.075,4.841,4.928,9.018,8.172,NA,NA
4540,9/18/2018,1253,H0840,M,2.85,CMM,48.067,14.508,7.019,6.67,4.736,7.964,6.111,6.071,10.824,9.659,NA,NA
5865,9/1/2017,1619,H0840,M,6.09,CMM,57.129,15.541,9.923,7.653,5.805,9.408,6.915,7.962,13.47,12.14,NA,NA
2197,9/3/2015,621,H0841,M,0.27,RH,21.163,7.001,3.914,2.649,1.764,2.402,1.975,2.087,4.245,3.721,AS - Remeasured Pectoral,RM Set 1
5825,8/24/2017,1611,H0841,M,5.07,CMM,52.91,15.222,9.129,7.017,5.217,8.075,3.772,3.816,12.512,10.719,AS - Remeasured Radius and Ulna,RM Set 1
2280,9/24/2015,644,H0841,M,0.35,CMM,23.482,8.02,4.705,3.636,2.122,3.104,2.233,2.398,5.279,4.421,NA,NA
2923,11/30/2015,802,H0841,M,0.69,CMM,29.382,9.309,4.854,4.308,2.864,4.33,2.889,3.264,6.513,5.884,NA,NA
3497,2/23/2016,963,H0841,M,1.21,CMM,34.16,10.899,5.703,5.139,3.447,5.345,3.737,4.233,8.169,7.18,NA,NA
3920,5/26/2016,1090,H0841,M,1.77,CMM,40.755,12.973,6.127,5.733,3.59,6.931,4.358,4.424,8.708,8.528,NA,NA
4518,9/10/2016,1247,H0841,M,2.94,CMM,44.859,13.635,6.657,6.882,4.836,7.231,4.833,5.387,11.404,9.881,NA,NA
2196,9/3/2015,621,H0842,M,0.23,RH,20.15,6.983,4.083,2.885,1.957,2.745,1.933,2.049,3.979,3.684,NA,NA
2281,9/24/2015,644,H0842,M,0.31,CMM,23.929,8.078,3.937,3.033,2.278,3.118,2.265,2.459,5.015,4.694,NA,NA
2922,11/30/2015,802,H0842,M,0.54,CMM,28.292,9.256,4.999,4.05,2.77,4.115,2.433,3.233,6.148,5.521,NA,NA
3496,2/23/2016,963,H0842,M,1.08,CMM,34.583,10.827,5.496,4.912,3.794,4.843,3.619,4.164,8.245,7.387,NA,NA
3919,5/26/2016,1090,H0842,M,1.58,CMM,38.588,12.3,6.44,5.868,3.946,6.279,4.811,4.891,9.413,8.287,NA,NA
4517,9/10/2016,1247,H0842,M,2.3,CMM,41.32,12.913,6.353,6.149,3.987,7.108,5.086,5.52,10.103,9.455,NA,NA
2201,9/3/2015,622,H0844,F,0.29,CMM,22.039,7.573,3.9,2.707,2.057,2.746,2.276,2.366,4.36,4.044,NA,NA
2285,9/24/2015,645,H0844,F,0.32,CMM,23.137,7.735,4.229,3.709,2.233,3.199,1.991,2.538,5.03,4.592,NA,NA
2925,11/30/2015,803,H0844,F,0.62,CMM,28.974,9.592,4.74,3.875,2.56,4.411,2.458,2.693,6.035,5.481,NA,NA
3499,2/23/2016,964,H0844,F,0.99,CMM,33.21,10.347,5.317,4.885,3.207,5.287,3.912,4.032,7.155,6.804,NA,NA
3924,5/26/2016,1091,H0844,F,1.24,CMM,36.779,11.502,5.784,5.001,3.665,5.884,4.486,4.609,8.131,7.419,NA,NA
4522,9/10/2016,1248,H0844,F,1.56,CMM,37.152,11.402,6.05,5.27,4.341,6.14,4.238,4.444,8.805,7.978,NA,NA
5827,8/24/2017,1612,H0844,F,2.27,CMM,39.797,11.898,6.248,5.336,4.363,6.755,3.861,4.66,9.021,7.76,NA,NA
2191,9/3/2015,620,H0845,M,0.27,CMM,20.448,6.809,3.846,3.016,1.931,2.937,1.708,1.873,3.847,3.57,NA,NA
2406,10/1/2015,679,H0845,M,0.42,CMM,24.815,7.899,4.732,3.666,2.718,3.861,2.236,2.483,5.1,4.581,NA,NA
2917,11/30/2015,801,H0845,M,0.57,CMM,28.933,9.435,5.055,3.895,2.652,3.995,2.703,3.367,6.181,5.75,NA,NA
3565,3/10/2016,983,H0845,M,1.33,CMM,37.254,11.266,5.995,5.01,3.538,5.209,3.969,4.265,8.19,7.489,NA,NA
2199,9/3/2015,622,H0847,M,0.27,CMM,20.879,7.126,3.512,2.84,1.85,2.684,2.04,2.2,4.267,3.65,NA,NA
2283,9/24/2015,644,H0847,M,0.33,CMM,23.625,8.107,4.304,3.526,2.249,3.378,2.429,2.455,4.423,4.074,NA,NA
2926,11/30/2015,803,H0847,M,0.58,CMM,30.001,9.732,4.711,3.903,3.01,4.483,3.2,3.317,6.181,5.449,NA,NA
3501,2/23/2016,964,H0847,M,1.02,CMM,34.263,11.027,5.208,4.932,3.308,5.173,3.771,4.431,7.321,6.613,NA,NA
3922,5/26/2016,1091,H0847,M,1.45,CMM,39.791,12.07,5.85,5.134,3.631,6.652,4.482,4.821,8.519,7.74,NA,NA
4521,9/10/2016,1248,H0847,M,2.4,CMM,42.442,12.797,6.673,6.197,4.328,8.274,5.422,5.359,9.702,8.697,NA,NA
5826,8/24/2017,1611,H0847,M,4.11,CMM,48.105,12.71,8.924,6.301,4.59,8.547,5.553,6.68,11.444,8.765,NA,NA
2195,9/3/2015,621,H0850,M,0.28,RH,20.572,7.25,4.011,2.895,1.94,2.655,1.035,1.552,4.313,3.874,"AS - Remeasured Humerus, Radius, and Ulna",RM Set 1
2412,10/1/2015,680,H0850,M,0.52,CMM,25.389,8.638,4.199,3.66,2.531,3.755,2.301,3.053,5.388,5.099,NA,NA
2920,11/30/2015,802,H0850,M,0.64,CMM,29.03,9.82,4.862,4.424,2.794,4.889,3.311,3.393,6.409,6.112,NA,NA
3495,2/23/2016,963,H0850,M,1.16,CMM,34.868,11.063,5.639,5.302,3.615,5.606,3.961,4.446,7.752,7.053,NA,NA
3917,5/26/2016,1089,H0850,M,1.7,CMM,40.992,12.581,6.428,6.055,3.831,7.067,5.079,5.487,10.014,9.101,NA,NA
4515,9/10/2016,1246,H0850,M,3.08,CMM,45.131,13.641,6.997,7.238,4.754,8.071,5.065,5.38,10.925,9.787,NA,NA
5864,9/1/2017,1619,H0850,M,6.21,CMM,51.274,14.459,10.283,8.083,5.478,9.566,6.27,6.676,13.617,11.975,NA,NA
2215,9/10/2015,626,H0851,M,0.24,CMM,21.35,6.769,4.081,2.716,1.927,3.073,1.825,2.279,4.332,3.926,NA,NA
2426,10/8/2015,683,H0851,M,0.36,CMM,23.904,7.825,4.145,3.461,2.437,3.499,2.095,2.465,5.014,4.608,NA,NA
2999,12/2/2015,821,H0851,M,0.47,RH,26.947,8.972,4.996,4.143,2.933,4.347,2.963,3.117,6.128,5.411,NA,NA
3558,3/10/2016,982,H0851,M,1.09,CMM,32.952,10.688,5.637,4.839,3.393,4.995,3.82,4.261,7.711,6.93,NA,NA
4012,6/12/2016,1114,H0851,M,1.42,CMM,37.503,12.214,6.074,5.154,3.551,5.855,4.668,4.915,8.89,7.942,NA,NA
4567,9/25/2016,1261,H0851,M,2.81,CMM,41.969,13.05,7.064,6.387,4.499,7.016,5.235,5.326,10.431,8.779,NA,NA
5929,9/8/2017,1631,H0851,M,4.11,CMM,53.167,15.218,6.025,6.513,5.437,7.529,7.065,7.686,12.374,11.071,NA,NA
2252,9/17/2015,636,H0852,M,0.3,CMM,22.882,7.369,4.052,NA,2.277,3.093,2.022,2.545,4.341,3.99,NA,NA
2424,10/8/2015,683,H0852,M,0.32,CMM,24.666,8.063,3.974,3.278,2.029,3.288,2.616,2.782,5.082,4.632,NA,NA
3038,12/6/2015,831,H0852,M,0.41,CMM,26.827,8.655,4.575,3.561,2.293,3.829,3.006,3.082,5.998,5.175,NA,NA
3556,3/10/2016,981,H0852,M,0.82,CMM,32.386,10.263,4.915,4.541,3.205,4.853,3.567,3.93,7.372,6.787,NA,NA
4010,6/12/2016,1113,H0852,M,1.35,CMM,37.099,11.608,5.69,5.531,3.798,6.24,4.108,5.126,8.047,7.387,NA,NA
4565,9/25/2016,1260,H0852,M,2.8,CMM,43.45,12.594,6.77,6.665,4.814,7.741,4.766,4.789,10.247,8.745,NA,NA
5925,9/8/2017,1630,H0852,M,4.84,CMM,56.113,14.824,6.811,7.334,5.615,9.487,6.867,6.465,11.974,11.138,NA,NA
5934,9/8/2017,1633,H0853,M,5.37,CMM,39.571,11.128,5.006,4.385,3.846,5.52,3.939,4.465,8.154,7.346,JG remeasured SVL,Mass/SVL check
2219,9/10/2015,627,H0853,M,0.27,CMM,20.889,7.097,3.996,3.027,2.026,2.632,1.703,1.877,4.444,3.825,NA,NA
2402,10/1/2015,678,H0853,M,0.48,CMM,24.544,7.888,3.971,3.447,1.994,3.276,2.348,2.501,5.006,4.423,NA,NA
2994,12/2/2015,820,H0853,M,0.57,CMM,29.155,9.517,4.906,3.898,2.769,4.521,2.898,3.126,6.071,5.708,NA,NA
3561,3/10/2016,982,H0853,M,1.22,CMM,36.996,11.507,5.697,5.173,3.642,5.962,4.421,4.799,8.194,7.47,NA,NA
4015,6/12/2016,1114,H0853,M,2.13,CMM,43.935,12.981,6.336,6.088,4.271,7.267,5.331,5.462,10.042,9.303,NA,NA
4534,9/18/2018,1251,H0853,M,2.73,CMM,47.323,13.986,6.85,6.822,4.672,8.62,6.049,5.924,11.132,9.92,NA,NA
2216,9/10/2015,626,H0854,F,0.25,CMM,20.796,6.752,3.727,2.917,1.802,2.961,NA,1.988,4.268,3.768,NA,NA
2401,10/1/2015,678,H0854,F,0.4,CMM,23.853,7.849,3.971,3.265,2.105,3.142,2.343,2.648,4.951,4.302,NA,NA
2993,12/2/2015,820,H0854,F,0.54,CMM,27.142,8.84,4.613,3.911,2.501,3.644,2.961,3.254,5.839,5.399,NA,NA
3562,3/10/2016,983,H0854,F,0.84,CMM,32.422,10.055,4.791,4.373,2.856,4.475,3.721,4.258,7.013,6.767,NA,NA
4016,6/12/2016,1115,H0854,F,1.15,CMM,35.977,11.137,5.342,4.554,3.181,5.66,4.193,4.588,7.794,7.449,NA,NA
4535,9/18/2018,1252,H0854,F,1.5,CMM,36.235,10.753,5.811,4.978,3.826,5.615,3.753,3.894,8.358,7.757,NA,NA
5932,9/8/2017,1632,H0854,F,2.16,CMM,41.544,11.602,5.079,4.825,4.15,5.746,4.43,4.507,8.717,7.525,NA,NA
2221,9/10/2015,627,H0855,M,0.29,CMM,21.953,7.213,4.032,2.945,1.915,2.8,1.986,2.094,4.444,3.854,NA,NA
2404,10/1/2015,679,H0855,M,0.41,CMM,24.543,7.811,4.139,3.284,2.171,2.923,1.957,2.501,4.843,4.247,NA,NA
2997,12/2/2015,821,H0855,M,0.52,RH,27.957,9.25,4.744,3.886,2.719,4.026,2.507,2.861,5.967,5.385,NA,NA
3564,3/10/2016,983,H0855,M,1.26,CMM,36.091,11.656,5.468,4.672,3.414,5.593,3.907,4.288,7.717,6.939,NA,NA
4018,6/12/2016,1115,H0855,M,1.52,CMM,37.749,12.058,6.332,5.485,4.018,6.727,4.553,5.143,8.76,7.522,NA,NA
4537,9/18/2018,1252,H0855,M,2.5,CMM,44.776,13.222,6.833,6.235,4.478,7.323,5.111,5.433,9.115,8.531,NA,NA
5863,9/1/2017,1619,H0855,M,4.95,CMM,52.82,14.792,9.639,6.686,5.121,9.197,6.446,7.351,11.361,9.921,NA,NA
2193,9/3/2015,620,H0856,F,0.27,CMM,20.363,6.631,3.784,2.654,1.804,2.42,1.786,1.985,3.619,3.681,NA,NA
2410,10/1/2015,680,H0856,F,0.37,CMM,24.322,7.981,4.073,3.086,2.242,3.299,2.216,2.338,5.173,4.455,NA,NA
2921,11/30/2015,802,H0856,F,0.38,CMM,25.091,8.376,4.388,3.631,2.594,3.823,2.703,3.14,5.8,4.949,NA,NA
3494,2/23/2016,962,H0856,F,0.85,CMM,30.728,10.049,4.996,4.32,2.909,4.403,2.999,3.394,6.695,6.204,NA,NA
3918,5/26/2016,1090,H0856,F,1.15,CMM,34.371,10.613,5.557,4.77,3.454,5.598,4.263,4.297,7.192,6.705,NA,NA
4516,9/10/2016,1246,H0856,F,1.42,CMM,35.062,10.699,5.794,5.059,3.945,5.918,4.14,4.019,7.757,6.765,NA,NA
2995,12/2/2015,820,H0857,M,0.51,CMM,27.448,9.006,4.989,4.14,2.709,3.959,2.511,2.99,6.446,6.139,"AS - Remeasured Pectoral, Pelvic, Humerus, Radius, and Femur",RM Set 1
2218,9/10/2015,626,H0857,M,0.26,CMM,21.177,7.213,3.88,2.95,1.84,2.876,1.935,2.149,4.077,3.703,NA,NA
2403,10/1/2015,678,H0857,M,0.41,CMM,22.782,7.615,4.083,3.685,2.288,3.264,2.268,2.477,4.627,4.119,NA,NA
3559,3/10/2016,982,H0857,M,1.08,CMM,33.244,10.725,5.612,5.076,3.468,5.255,3.803,3.946,7.323,6.366,NA,NA
4014,6/12/2016,1114,H0857,M,1.67,CMM,37.758,11.8,6.11,5.821,4.151,6.344,3.988,4.403,8.367,7.943,NA,NA
4533,9/18/2018,1251,H0857,M,2.51,CMM,45.244,13.269,6.476,6.716,4.68,7.363,5.463,5.714,9.84,9.213,NA,NA
5927,9/8/2017,1630,H0857,M,4.78,CMM,50.157,13.845,6.572,6.785,5.69,7.574,5.636,5.809,10.751,9.095,NA,NA
2217,9/10/2015,626,H0858,F,0.29,CMM,20.966,6.871,3.965,NA,1.974,3.054,2.239,2.359,3.925,3.759,NA,NA
2400,10/1/2015,678,H0858,F,0.47,CMM,25.567,8.148,4.239,3.608,2.478,3.207,2.423,2.632,5.245,4.915,NA,NA
2992,12/2/2015,820,H0858,F,0.6,CMM,29.615,9.87,5.02,4.009,2.855,4.132,2.885,3.57,6.733,6.215,NA,NA
3560,3/10/2016,982,H0858,F,0.97,CMM,34.106,10.872,5.037,4.785,3.263,4.847,3.594,4.081,7.09,6.837,NA,NA
4017,6/12/2016,1115,H0858,F,1.24,CMM,35.506,11.095,5.438,4.846,3.351,5.047,3.553,3.904,7.954,7.32,NA,NA
4536,9/18/2018,1252,H0858,F,1.47,CMM,35.815,11.116,5.662,5.008,3.4,6.496,4.203,4.473,7.56,7.234,NA,NA
5926,9/8/2017,1630,H0858,F,1.84,CMM,40.112,12.09,4.819,4.764,3.635,5.494,3.491,3.387,7.962,7.515,NA,NA
2220,9/10/2015,627,H0860,F,0.28,CMM,22.543,6.826,4.05,3.121,1.977,2.987,1.891,2.243,4.4,4.032,NA,NA
2405,10/1/2015,679,H0860,F,0.44,CMM,25.255,8.055,4.055,NA,2.117,3.21,2.478,2.784,4.824,4.711,NA,NA
2998,12/2/2015,821,H0860,F,0.56,RH,28.001,9.382,4.916,4.006,2.827,4.353,3.374,3.671,6.029,5.453,NA,NA
3563,3/10/2016,983,H0860,F,1.08,CMM,34.373,10.244,5.544,5.273,3.337,4.88,3.443,3.93,7.01,6.592,NA,NA
4019,6/12/2016,1115,H0860,F,1.38,CMM,38.263,11.524,5.72,5.195,3.635,5.98,4.326,4.864,8.375,7.571,NA,NA
4538,9/18/2018,1253,H0860,F,1.66,CMM,39.975,11.875,5.86,4.315,4.907,5.66,3.938,4.711,7.965,7.451,NA,NA
2414,10/8/2015,681,H0862,M,0.32,CMM,24.008,7.823,3.778,3.299,2.33,3.145,2.255,2.527,4.814,3.677,AS - Remeasured Tibia,RM Set 1
2241,9/17/2015,633,H0862,M,0.24,CMM,22.038,7.024,3.843,2.934,1.953,2.838,1.907,2.328,4.533,3.395,NA,NA
3029,12/6/2015,828,H0862,M,0.26,CMM,23.956,NA,NA,NA,NA,NA,NA,NA,NA,NA,NA,NA
5936,9/8/2017,1633,H0863,F,2.09,CMM,51.873,14.165,7.644,6.879,5.444,7.477,6.27,6.297,12.356,10.935,JG remeasured SVL,Mass/SVL check
2249,9/17/2015,635,H0863,F,0.28,CMM,20.554,6.828,4.177,3.113,2.07,2.662,2.026,2.185,3.856,3.014,NA,NA
2421,10/8/2015,682,H0863,F,0.33,CMM,22.953,7.753,3.974,3.133,2.108,3.402,2.397,2.48,4.708,4.259,NA,NA
3035,12/6/2015,830,H0863,F,0.37,CMM,25.331,8.3,4.6,3.33,2.429,3.82,2.987,3.177,5.32,4.903,NA,NA
3552,3/10/2016,980,H0863,F,0.73,CMM,30.091,9.818,4.957,4.239,2.813,4.781,3.225,3.757,6.547,6.124,NA,NA
4007,6/12/2016,1112,H0863,F,1.06,CMM,34.077,10.559,5.423,4.594,3.309,5.5,3.831,4.106,7.489,6.855,NA,NA
4562,9/25/2016,1259,H0863,F,1.32,CMM,36.104,11.421,5.506,4.714,3.803,6.154,4.121,4.25,7.669,7.007,NA,NA
5937,9/8/2017,1634,H0865,F,2.77,CMM,44.817,12.589,6.404,5.65,4.736,7.014,3.086,4.137,9.306,8.154,AS - Remeasured Radius,RM Set 1
2253,9/17/2015,636,H0865,F,0.31,CMM,23.222,7.31,4.425,3.341,2.137,3.073,2.11,2.225,4.789,3.974,NA,NA
2425,10/8/2015,683,H0865,F,0.42,CMM,25.36,7.967,4.205,3.559,2.518,2.74,2.032,2.593,5.233,4.599,NA,NA
3039,12/6/2015,831,H0865,F,0.58,CMM,29.997,9.343,4.644,3.931,2.833,3.958,2.733,2.897,6.301,5.684,NA,NA
3555,3/10/2016,981,H0865,F,1.19,CMM,36.04,10.897,5.572,5.174,3.358,5.263,3.973,4.39,7.48,6.669,NA,NA
4011,6/12/2016,1113,H0865,F,1.53,CMM,38.818,12.076,5.848,5.681,3.704,6.485,3.819,3.955,7.929,7.464,NA,NA
4566,9/25/2016,1261,H0865,F,1.89,CMM,40.448,12.074,6.298,5.71,3.93,6.849,4.34,4.408,8.714,8.099,NA,NA
2245,9/17/2015,634,H0866,F,0.26,CMM,21.283,7.413,3.765,NA,1.878,2.763,1.698,2.148,3.961,3.785,NA,NA
2417,10/8/2015,681,H0866,F,0.28,CMM,22.179,7.764,3.773,3.255,2.131,2.822,2.05,2.452,4.547,4.247,NA,NA
3030,12/6/2015,829,H0866,F,0.37,CMM,25.49,8.585,4.217,3.437,2.308,3.471,2.911,3.08,5.466,4.931,NA,NA
3547,3/10/2016,979,H0866,F,0.73,CMM,29.384,9.516,4.965,4.153,3.003,4.457,3.334,3.589,6.522,5.903,NA,NA
4002,6/12/2016,1111,H0866,F,0.89,CMM,31.744,10.163,5.358,4.333,3.359,5.202,3.842,4.37,7.239,6.408,NA,NA
4557,9/25/2016,1258,H0866,F,1.28,CMM,34.365,10.879,5.267,5.124,3.28,5.258,4.02,4.412,7.437,6.654,NA,NA
5931,9/8/2017,1632,H0866,F,1.8,CMM,39.947,11.973,4.711,4.877,3.682,5.304,4.397,4.723,8.25,7.65,NA,NA
2214,9/10/2015,625,H0867,F,0.2,CMM,20.033,6.794,3.271,2.826,2.022,2.723,1.891,2.185,4.139,3.334,NA,NA
2427,10/8/2015,683,H0867,F,0.35,CMM,23.354,7.9,4.131,3.674,2.599,3.244,2.365,2.706,4.94,4.556,NA,NA
2996,12/2/2015,821,H0867,F,0.46,RH,27.883,9.148,4.708,3.966,3.075,3.981,3.196,3.473,5.846,5.381,NA,NA
3557,3/10/2016,981,H0867,F,0.91,CMM,33.265,10.532,4.949,5.201,3.387,5.36,3.968,4.089,7.248,6.822,NA,NA
4013,6/12/2016,1114,H0867,F,1.22,CMM,35.246,11.059,5.676,5.221,3.394,5.737,4.7,5.024,8.118,7.15,NA,NA
4568,9/25/2016,1261,H0867,F,1.75,CMM,36.674,11.368,6.357,5.825,4.164,6.306,4.503,4.741,8.861,7.843,NA,NA
5933,9/8/2017,1632,H0867,F,2.36,CMM,42.099,12.512,4.875,5.173,4.084,6.748,5.318,5.016,8.967,7.755,NA,NA
2247,9/17/2015,634,H0870,M,0.29,CMM,21.673,7.064,3.856,3.186,1.93,2.69,1.738,1.892,3.968,3.971,NA,NA
2422,10/8/2015,682,H0870,M,0.43,CMM,24.781,7.748,4.024,3.487,2.215,3.609,2.257,3.058,5.109,4.771,NA,NA
3036,12/6/2015,830,H0870,M,0.6,CMM,29.615,9.277,4.818,3.361,2.332,4.61,3.271,3.706,6.29,6.233,NA,NA
3553,3/10/2016,980,H0870,M,1.38,CMM,36.976,11.451,5.518,4.9,3.545,5.665,4.562,4.987,8.632,8.268,NA,NA
4008,6/12/2016,1113,H0870,M,2.02,CMM,41.932,12.611,6.28,5.611,4.277,7.555,5.445,5.601,9.694,8.936,NA,NA
4563,9/25/2016,1260,H0870,M,3.29,CMM,45.479,13.118,6.561,5.734,4.584,7.905,4.927,5.247,10.235,9.687,NA,NA
5930,9/8/2017,1631,H0871,M,5.5,CMM,50.221,14.726,6.185,6.313,5.743,8.426,6.523,6.569,9.932,8.408,AS - Remeasured Tibia,RM Set 1
2243,9/17/2015,634,H0871,M,0.23,CMM,19.915,6.657,3.726,2.961,1.99,2.762,1.591,2.097,3.868,3.32,NA,NA
2416,10/8/2015,681,H0871,M,0.35,CMM,23.078,7.613,3.741,3.487,2.042,2.674,2.268,2.744,4.477,4.172,NA,NA
3031,12/6/2015,829,H0871,M,0.58,CMM,28.058,8.812,4.56,3.747,2.567,4.278,3.335,3.433,6.39,6.077,NA,NA
3548,3/10/2016,979,H0871,M,1.19,CMM,35.384,11.205,5.773,5.327,3.411,5.17,4.02,4.266,8.57,7.818,NA,NA
4004,6/12/2016,1112,H0871,M,1.91,CMM,41.032,12.339,6.24,6.004,4.42,6.981,5.209,5.357,10.272,9.21,NA,NA
4559,9/25/2016,1258,H0871,M,2.57,CMM,42.32,12.379,6.856,6.139,4.312,7.796,5.583,5.63,9.737,9.047,NA,NA
2244,9/17/2015,634,H0872,F,0.21,CMM,19.421,6.453,3.438,NA,1.733,2.898,1.784,2.013,3.8,3.381,NA,NA
2418,10/8/2015,682,H0872,F,0.41,CMM,22.842,7.556,3.96,3.881,2.447,3.688,2.038,2.287,5.314,4.244,NA,NA
3032,12/6/2015,829,H0872,F,0.6,CMM,27.518,8.895,4.869,3.979,2.639,4.235,3.123,3.216,6.296,6.18,NA,NA
3549,3/10/2016,979,H0872,F,1.22,CMM,33.919,10.852,5.363,4.45,3.325,5.365,3.914,4.162,7.587,7.435,NA,NA
4003,6/12/2016,1111,H0872,F,1.56,CMM,36.683,11.257,5.845,4.952,3.852,5.961,4.04,4.471,8.271,7.493,NA,NA
4558,9/25/2016,1258,H0872,F,1.87,CMM,38.242,11.125,5.952,5.558,3.614,6.288,4.067,4.279,8.277,7.615,NA,NA
2338,9/24/2015,659,H0873,M,0.19,CMM,18.953,6.739,3.537,2.277,1.856,2.671,1.622,1.965,3.362,3.518,NA,NA
2558,10/20/2015,714,H0873,M,0.33,CMM,22.798,7.276,4.019,3.305,2.509,3.365,2.284,2.682,4.524,3.996,NA,NA
3106,12/31/2015,847,H0873,M,0.86,CMM,30.393,9.701,5.11,4.289,2.949,4.653,3.444,3.569,6.115,6.161,NA,NA
3591,3/17/2016,990,H0873,M,1.21,CMM,35.553,11.094,5.52,4.932,3.445,5.325,4.284,4.213,7.628,7.347,NA,NA
4085,6/23/2016,1132,H0873,M,1.54,CMM,37.896,11.541,6.078,5.504,3.694,6.18,4.656,4.867,8.841,7.503,NA,NA
4589,11/13/2016,1271,H0873,M,3.91,CMM,45.292,12.808,7.205,6.824,4.974,8.027,5.546,5.75,9.576,9.033,NA,NA
5993,9/19/2017,1647,H0873,M,4.62,CMM,47.924,13.372,7.773,6.592,5.246,7.651,4.723,5.278,10.658,9.526,NA,NA
2251,9/17/2015,635,H0878,F,0.29,CMM,21.826,7.388,3.562,3.253,2.039,3.186,2.151,2.277,4.199,4.148,NA,NA
2423,10/8/2015,683,H0878,F,0.45,CMM,24.343,8.102,4.124,NA,2.138,3.953,2.334,2.61,5.122,4.939,NA,NA
3037,12/6/2015,830,H0878,F,0.62,CMM,27.91,8.702,4.828,3.983,2.599,4.363,3.201,3.421,5.751,5.62,NA,NA
3554,3/10/2016,981,H0878,F,1.17,CMM,33.215,10.015,5.303,4.754,3.356,5.4,3.735,3.828,6.86,6.362,NA,NA
4009,6/12/2016,1113,H0878,F,1.51,CMM,36.005,10.985,5.768,5.016,3.917,6.3,4.623,4.328,7.758,6.872,NA,NA
4564,9/25/2016,1260,H0878,F,1.68,CMM,37.767,11.262,5.608,4.948,3.876,6.405,4.461,4.904,8.094,6.774,NA,NA
5938,9/8/2017,1634,H0878,F,1.46,CMM,40.718,10.521,6.893,4.898,4.082,6.514,4.195,4.909,8.541,7.31,NA,NA
2248,9/17/2015,635,H0881,F,0.26,CMM,20.755,6.56,3.641,2.87,2.008,2.429,1.779,2.232,3.815,3.601,NA,NA
2419,10/8/2015,682,H0881,F,0.37,CMM,23.907,7.427,3.534,3.494,2.379,3.409,2.245,2.683,5.237,4.355,NA,NA
3033,12/6/2015,829,H0881,F,0.41,CMM,26.717,8.454,4.113,3.309,2.351,3.697,2.664,2.907,5.81,5.338,NA,NA
3550,3/10/2016,980,H0881,F,0.97,CMM,32.578,9.755,5.046,4.425,3.229,4.767,3.603,3.825,7.357,6.803,NA,NA
4005,6/12/2016,1112,H0881,F,1.4,CMM,35.738,10.996,5.48,4.697,3.694,5.685,4.048,4.11,7.677,6.923,NA,NA
4560,9/25/2016,1259,H0881,F,1.71,CMM,38.868,11.311,5.832,5.004,3.558,6.621,4.828,4.778,7.935,7.579,NA,NA
5935,9/8/2017,1633,H0881,F,2.08,CMM,40.45,10.326,4.717,5.053,4.244,5.053,3.974,4.434,8.85,7.904,NA,NA
2242,9/17/2015,634,H0882,M,0.23,CMM,19.686,6.83,3.756,2.921,1.777,2.739,1.602,1.864,4.154,3.544,NA,NA
2415,10/8/2015,681,H0882,M,0.35,CMM,22.414,7.414,3.87,3.171,2.043,3.05,1.903,2.671,4.599,4.171,NA,NA
3028,12/6/2015,828,H0882,M,0.42,CMM,26.437,NA,NA,NA,NA,NA,NA,NA,NA,NA,NA,NA
3546,3/10/2016,979,H0882,M,1.2,CMM,34.936,10.94,5.412,5.231,3.48,5.229,4.208,4.336,7.645,6.834,NA,NA
4001,6/12/2016,1111,H0882,M,1.74,CMM,40.533,12.231,6.393,6.243,4.01,6.584,4.968,5.342,9.204,8.155,NA,NA
4556,9/25/2016,1257,H0882,M,2.13,CMM,41.264,12.465,6.32,5.84,4.018,7.08,5.263,5.326,9.717,9.183,NA,NA
5987,9/19/2017,1645,H0882,M,5.17,CMM,48.016,13.095,9.656,7.274,5.415,8.561,5.539,6.596,10.987,9.968,NA,NA
2240,9/17/2015,633,H0884,F,0.25,CMM,20.898,6.822,3.875,3.142,1.997,2.923,NA,1.996,4.405,3.793,NA,NA
2413,10/8/2015,681,H0884,F,0.37,CMM,23.31,7.294,4.195,3.454,2.486,3.144,2.308,2.72,4.747,4.504,NA,NA
3027,12/6/2015,828,H0884,F,0.43,CMM,26.388,NA,NA,NA,NA,NA,NA,NA,NA,NA,NA,NA
3545,3/10/2016,978,H0884,F,1.08,CMM,32.054,9.785,5.454,4.968,3.05,4.682,3.139,3.91,6.93,6.455,NA,NA
4000,6/12/2016,1111,H0884,F,1.38,CMM,36.565,10.65,5.641,5.134,3.393,5.16,4.013,4.215,7.965,7.567,NA,NA
4555,9/25/2016,1257,H0884,F,1.56,CMM,37.012,11.158,5.953,5.123,3.949,5.791,4.067,4.269,8.156,7.498,NA,NA
5997,9/19/2017,1648,H0884,F,2.49,CMM,39.242,11.525,6.194,5.519,4.351,6.872,4.836,5.292,9.173,7.966,NA,NA
4593,11/13/2016,1273,H0885,M,3.77,CMM,48.089,13.349,7.208,6.544,4.508,8.199,5.573,6.464,10.076,9.642,AS - Remeasured Tibia,RM Set 1
2339,9/24/2015,659,H0885,M,0.17,CMM,18.65,6.161,3.579,2.537,1.745,2.146,NA,1.782,3.593,3.267,NA,NA
2557,10/20/2015,714,H0885,M,0.31,CMM,23.119,7.532,3.907,2.825,1.918,3.106,2.288,2.588,4.464,3.912,NA,NA
3104,12/31/2015,847,H0885,M,0.71,CMM,30.475,9.873,4.548,3.791,2.699,4.254,3.192,3.853,5.906,5.722,NA,NA
3590,3/17/2016,990,H0885,M,1.33,CMM,37.448,11.289,5.478,5.046,3.2,5.149,3.86,4.346,7.639,7.362,NA,NA
4084,6/23/2016,1131,H0885,M,1.96,CMM,42.353,11.851,6.047,5.372,3.716,6.919,5.142,5.525,9.484,7.52,NA,NA
2238,9/17/2015,633,H0886,M,0.19,CMM,19.895,6.447,3.891,2.915,1.939,2.866,2.14,2.158,4.035,3.603,NA,NA
2566,10/20/2015,716,H0886,M,0.4,AN,25.392,8.132,4.064,3.587,2.212,3.501,2.196,2.517,5.005,4.489,NA,NA
3024,12/6/2015,827,H0886,M,0.49,CMM,26.82,NA,NA,NA,NA,NA,NA,NA,NA,NA,NA,NA
3542,3/10/2016,978,H0886,M,1.42,CMM,37.58,11.758,5.534,5.526,3.74,5.822,3.89,4.39,7.893,7.2,NA,NA
4093,6/23/2016,1134,H0886,M,2.1,CMM,41.832,12.063,6.972,6.099,4.112,7.527,5.455,5.381,9.308,8.415,NA,NA
4598,11/13/2016,1276,H0886,M,4.98,CMM,47.899,12.402,9.009,7.126,5.149,9.05,5.509,5.844,10.801,9.395,NA,NA
2246,9/17/2015,634,H0887,M,0.21,CMM,20.239,6.718,3.573,2.948,1.748,2.477,NA,2.187,3.803,3.669,NA,NA
2420,10/8/2015,682,H0887,M,0.35,CMM,23.426,7.248,4.154,3.423,2.132,3.38,2.13,2.411,4.445,4.416,NA,NA
3034,12/6/2015,830,H0887,M,0.43,CMM,26.74,8.474,4.428,3.431,2.205,4.124,3.14,3.231,5.337,5.278,NA,NA
3551,3/10/2016,980,H0887,M,1.19,CMM,35.524,10.55,5.65,5.058,3.689,5.329,4.169,4.68,8.119,7.355,NA,NA
4006,6/12/2016,1112,H0887,M,2.13,CMM,42.699,11.94,6.317,5.871,4.474,6.93,5.439,5.614,9.461,9.375,NA,NA
4561,9/25/2016,1259,H0887,M,2.53,CMM,43.849,12.315,6.327,5.832,4.249,7.325,5.82,5.504,10.052,9.56,NA,NA
5928,9/8/2017,1631,H0887,M,4.61,CMM,47.607,14.122,5.912,6.499,5.554,8.17,6.71,6.538,10.712,9.454,NA,NA
2250,9/17/2015,635,H0888,F,0.18,CMM,18.9,6.106,3.478,2.768,1.616,2.713,1.821,1.885,3.657,3.415,NA,NA
2336,9/24/2015,659,H0890,F,0.23,CMM,19.408,6.339,3.721,2.834,1.827,2.674,1.61,1.845,3.84,3.462,NA,NA
2556,10/20/2015,714,H0890,F,0.31,CMM,21.703,7.175,4.192,3.152,2.179,2.901,1.719,2.188,4.063,3.82,NA,NA
3103,12/31/2015,847,H0890,F,0.66,CMM,28.792,9.109,4.549,4.092,2.815,4.358,2.714,3.053,5.927,5.57,NA,NA
3588,3/17/2016,990,H0890,F,1,CMM,31.633,9.759,4.801,4.517,3.238,4.935,3.628,3.984,6.563,5.752,NA,NA
4087,6/23/2016,1132,H0890,F,1.2,CMM,34.49,10.033,5.519,4.787,3.311,5.584,3.86,4.376,7.039,6.564,NA,NA
4591,11/13/2016,1272,H0890,F,1.69,CMM,38.616,11.509,5.52,5.312,3.89,5.781,3.879,4.205,8.297,7.145,NA,NA
5989,9/19/2017,1645,H0890,F,2.22,CMM,38.585,10.995,5.986,5.426,4.287,5.961,4.421,5.017,7.711,6.192,NA,NA
2325,9/24/2015,657,H0891,F,0.21,CMM,19.154,6.412,3.526,2.617,1.608,2.906,NA,1.781,3.662,3.759,NA,NA
2545,10/20/2015,712,H0891,F,0.36,CMM,23.02,7.636,4.273,3.52,2.575,3.728,2.169,2.516,4.736,4.368,NA,NA
3091,12/31/2015,844,H0891,F,0.68,CMM,29.031,8.993,5.103,3.983,3.091,4.376,2.783,3.216,5.996,5.895,NA,NA
3576,3/17/2016,987,H0891,F,1.1,CMM,33.716,9.865,5.363,4.514,3.075,4.99,3.899,4.156,7.507,6.899,NA,NA
4073,6/23/2016,1129,H0891,F,1.42,CMM,34.958,10.09,4.668,4.566,3.956,4.982,3.483,3.936,7.181,6.602,NA,NA
4650,11/17/2016,1294,H0891,F,1.78,CMM,37.557,11.024,7.327,5.552,3.247,5.894,4.006,4.566,8.092,6.958,NA,NA
6000,9/19/2017,1649,H0891,F,1.98,CMM,39.49,10.816,6.251,5.225,4.038,6.367,4.628,5.412,7.696,6.356,NA,NA
2318,9/24/2015,655,H0892,F,0.2,CMM,19.497,6.278,3.656,2.666,1.681,2.247,1.713,1.894,3.867,3.465,NA,NA
2597,10/21/2015,724,H0892,F,0.35,CMM,22.594,7.2,4.208,3.047,2.06,3.526,NA,NA,4.519,4.153,NA,NA
3083,12/31/2015,842,H0892,F,0.61,CMM,29.071,9.147,4.439,3.816,2.638,3.987,2.829,3.441,5.89,5.477,NA,NA
3568,3/17/2016,985,H0892,F,1.16,CMM,34.06,9.899,5.437,4.907,3.286,4.863,3.562,3.818,6.923,6.403,NA,NA
4065,6/23/2016,1127,H0892,F,1.27,CMM,37.791,10.979,5.339,4.476,3.607,5.617,4.361,4.673,7.774,7.165,NA,NA
4621,11/17/2016,1286,H0892,F,1.75,CMM,39.926,11.619,6.369,5.13,4.393,5.742,4.298,4.48,8.499,7.709,NA,NA
2323,9/24/2015,656,H0893,M,0.19,CMM,19.497,6.311,3.747,2.644,1.7,2.915,NA,2.303,3.79,3.399,NA,NA
2543,10/20/2015,711,H0893,M,0.35,CMM,23.083,7.381,3.833,3.456,2.259,3.217,2.732,3.207,4.379,4.229,NA,NA
3088,12/31/2015,843,H0893,M,0.74,CMM,31.345,9.937,4.912,4.304,3.087,4.655,3.218,3.431,6.453,6.227,NA,NA
3573,3/17/2016,986,H0893,M,1.34,CMM,36.743,11.242,5.502,5.13,3.876,5.659,3.884,4.269,7.983,7.615,NA,NA
4069,6/23/2016,1128,H0893,M,2.17,CMM,43.876,12.118,6.608,6.112,4.259,7.088,4.847,5.025,9.428,8.889,NA,NA
4645,11/17/2016,1293,H0893,M,4.35,CMM,50.963,13.777,8.635,6.867,5.052,7.953,5.675,5.961,10.935,9.658,NA,NA
6010,9/21/2017,1652,H0893,M,5.93,CMM,50.084,14.136,8.122,7.162,5.464,8.601,6.687,6.872,12.226,10.683,NA,NA
2322,9/24/2015,656,H0894,M,0.25,CMM,19.996,6.691,4.022,NA,1.77,2.813,2.026,2.35,3.937,3.722,NA,NA
2539,10/20/2015,711,H0894,M,0.29,CMM,23.487,7.504,4.019,3.095,2.034,2.987,2.629,2.815,5.105,4.496,NA,NA
3085,12/31/2015,842,H0894,M,0.74,CMM,30.194,10.047,4.89,4.309,3.138,4.53,3.03,3.403,7.531,6.366,NA,NA
3570,3/17/2016,985,H0894,M,1.34,CMM,36.098,11.35,5.682,5.182,3.358,5.002,4.083,4.492,8.325,7.035,NA,NA
4067,6/23/2016,1127,H0894,M,2.03,CMM,41.556,12.239,7.005,6.182,4.093,6.536,5.037,5.117,9.891,9.159,NA,NA
4643,11/17/2016,1292,H0894,M,3.8,CMM,48.601,13.262,7.642,6.679,4.873,8.276,6.256,6.74,11.321,10.489,NA,NA
6012,9/21/2017,1653,H0894,M,5.07,CMM,50.993,14.416,8.651,7.3,5.529,9.069,6.517,7.073,12.763,10.329,NA,NA
2321,9/24/2015,656,H0895,F,0.21,CMM,19.801,6.717,3.704,2.637,1.765,2.484,NA,NA,3.69,3.396,NA,NA
2540,10/20/2015,711,H0895,F,0.31,CMM,22.244,7.119,3.883,2.945,2.056,3.241,1.72,1.961,4.652,4.448,NA,NA
3087,12/31/2015,843,H0895,F,0.55,CMM,26.133,8.753,4.665,3.966,2.426,4.101,2.832,3.048,5.543,4.745,NA,NA
3572,3/17/2016,986,H0895,F,0.98,CMM,31.681,9.612,5.245,4.884,3.295,5.32,3.093,3.614,6.727,6.25,NA,NA
4068,6/23/2016,1127,H0895,F,1.46,CMM,36.638,10.533,5.564,5.079,3.597,5.056,3.778,4.21,7.895,7.336,NA,NA
4646,11/17/2016,1293,H0895,F,1.81,CMM,38.712,11.111,7.309,5.555,3.464,5.59,3.837,4.299,8.21,7.217,NA,NA
6011,9/21/2017,1653,H0895,F,2.66,CMM,40.196,11.246,6.493,5.076,4.333,6.757,4.459,4.691,9.38,7.566,NA,NA
2327,9/24/2015,657,H0900,F,0.22,CMM,20.049,6.221,3.419,2.89,1.9,2.779,2.013,2.233,3.904,3.403,NA,NA
2546,10/20/2015,712,H0900,F,0.33,CMM,23.488,7.208,4.108,3.237,2.217,3.214,2.315,2.671,4.948,4.058,NA,NA
3093,12/31/2015,844,H0900,F,0.58,CMM,28.522,9.256,4.566,3.751,2.981,4.134,3.156,3.658,6.163,5.486,NA,NA
3578,3/17/2016,987,H0900,F,1,CMM,33.592,10.066,5.086,4.632,3.162,5.014,3.828,3.699,7.272,6.951,NA,NA
4074,6/23/2016,1129,H0900,F,1.26,CMM,36.556,10.832,5.262,4.589,3.408,5.759,4.519,4.531,8.026,6.693,NA,NA
4581,11/13/2016,1268,H0900,F,1.65,CMM,37.987,11.098,6.152,5.541,3.844,6.673,4.486,4.573,8.605,7.406,NA,NA
6002,9/19/2017,1650,H0900,F,2.01,CMM,42.14,11.837,6.118,5.267,4.421,6.518,4.695,5.374,9.048,7.848,NA,NA
2333,9/24/2015,658,H0902,M,0.21,CMM,19.568,6.446,3.921,2.826,1.719,2.48,1.809,2.026,3.876,3.491,NA,NA
2552,10/20/2015,713,H0902,M,0.28,CMM,22.365,7.461,3.925,3.101,1.966,3.356,1.97,2.304,4.648,4.382,NA,NA
3100,12/31/2015,846,H0902,M,0.65,CMM,29.65,9.167,4.569,3.87,2.553,4.1,3.122,3.589,6.143,5.939,NA,NA
3584,3/17/2016,989,H0902,M,1.24,CMM,35.819,10.693,5.628,5.063,3.179,5.407,4.244,4.294,7.687,7.405,NA,NA
4081,6/23/2016,1131,H0902,M,1.84,CMM,39.851,10.913,6.184,5.503,3.739,6.095,4.578,4.714,8.829,7.041,NA,NA
4587,11/13/2016,1270,H0902,M,3.81,CMM,45.558,12.179,7.934,6.618,4.584,8.367,5.548,6.079,10.469,9.777,NA,NA
5999,9/19/2017,1649,H0902,M,4.21,CMM,47.499,12.848,8.957,6.743,4.839,8.84,5.138,5.821,11.737,9.217,NA,NA
2319,9/24/2015,655,H0905,F,0.21,CMM,18.613,6.146,3.597,2.656,1.636,2.302,1.596,1.724,3.484,3.186,NA,NA
2537,10/20/2015,710,H0905,F,0.31,CMM,21.977,7.059,3.944,2.89,1.87,2.747,2.055,2.631,4.221,3.939,NA,NA
4083,6/23/2016,1131,H0909,M,1.96,CMM,42.494,12.729,5.161,5.81,4.113,7.576,3.528,4.127,10.543,8.445,"AS - Remeasured Head Length, Pectoral, Pelvic, Humerus, Femur, and Tibia",RM Set 1
2337,9/24/2015,659,H0909,M,0.25,CMM,21.145,6.791,3.594,3.145,1.993,2.544,1.754,1.965,4.244,3.733,NA,NA
2555,10/20/2015,714,H0909,M,0.44,CMM,24.967,7.815,4.145,3.614,2.559,4.15,2.649,2.955,5.152,4.523,NA,NA
3102,12/31/2015,846,H0909,M,0.79,CMM,31.469,10.061,4.731,4.172,3.015,4.541,3.579,3.919,6.571,6.101,NA,NA
3587,3/17/2016,989,H0909,M,1.39,CMM,35.99,11.147,5.847,5.155,3.631,6.206,4.198,4.438,7.703,6.845,NA,NA
4588,11/13/2016,1271,H0909,M,4.27,CMM,47.007,13.256,7.553,6.735,5.198,8.972,6.15,6.342,10.748,9.431,NA,NA
2320,9/24/2015,655,H0910,F,0.25,CMM,20.628,6.703,3.768,NA,1.878,2.537,1.814,2.28,4.008,3.417,NA,NA
2538,10/20/2015,710,H0910,F,0.27,CMM,21.543,7.185,4.07,3.175,1.931,3.501,2.385,2.592,4.758,3.809,NA,NA
3086,12/31/2015,843,H0910,F,0.64,CMM,27.695,8.491,5.074,4.092,2.628,4.403,2.548,2.974,5.964,5.825,NA,NA
3571,3/17/2016,985,H0910,F,1.14,CMM,33.506,10.062,5.305,4.951,3.333,4.648,3.787,3.817,7.392,6.821,NA,NA
4066,6/23/2016,1127,H0910,F,1.49,CMM,36.579,10.468,5.674,4.643,3.697,5.064,3.813,4.006,8.091,7.615,NA,NA
4644,11/17/2016,1292,H0910,F,1.9,CMM,38.751,10.997,6.431,5.313,3.962,5.646,4.489,4.955,8.432,7.644,NA,NA
6001,9/19/2017,1649,H0911,F,2.01,CMM,41.299,11.318,5.907,5.251,4.323,7.098,4.374,5.204,7.935,7.789,AS - Remeasured Tibia,RM Set 1
2330,9/24/2015,658,H0911,F,0.23,CMM,19.305,6.241,3.499,2.732,1.925,3.051,NA,1.744,3.718,3.46,NA,NA
2548,10/20/2015,712,H0911,F,0.37,CMM,23.565,7.612,4.09,3.257,2.202,3.267,2.165,2.656,4.484,4.736,NA,NA
3096,12/31/2015,845,H0911,F,0.55,CMM,27.554,NA,NA,NA,NA,NA,NA,NA,NA,NA,NA,NA
3581,3/17/2016,988,H0911,F,1.18,CMM,34.452,10.492,5.221,4.886,3.546,5.456,3.752,4.092,7.034,7.015,NA,NA
4076,6/23/2016,1129,H0911,F,1.39,CMM,36.499,10.427,5.382,4.641,3.43,5.524,3.799,3.998,7.273,6.95,NA,NA
4580,11/13/2016,1268,H0911,F,1.6,CMM,38.31,11.674,5.749,5.565,4.138,5.82,4.126,4.807,7.985,7.217,NA,NA
2340,9/24/2015,660,H0913,M,0.22,CMM,20.318,6.672,3.392,3.079,1.942,3.177,1.939,2.256,3.933,3.515,NA,NA
2559,10/20/2015,715,H0913,M,0.33,CMM,23.405,7.516,4.12,3.017,2.004,3.376,2.369,2.364,4.695,4.448,NA,NA
3105,12/31/2015,847,H0913,M,0.82,CMM,30.421,9.4,5.078,4.418,2.97,4.792,3.813,4.171,7.037,6.118,NA,NA
3589,3/17/2016,990,H0913,M,1.23,CMM,34.903,10.76,5.5,4.931,3.454,5.892,3.863,4.129,8.237,7.085,NA,NA
4086,6/23/2016,1132,H0913,M,1.83,CMM,42.167,12.116,6.299,5.314,3.847,7.279,5.451,5.662,9.619,8.643,NA,NA
4590,11/13/2016,1272,H0913,M,3.88,CMM,48.16,13.775,7,6.416,4.739,8.828,6.028,6.193,11.227,10.22,NA,NA
2398,10/1/2015,677,H0914,M,0.25,CMM,21.178,6.899,4.036,3.043,1.908,2.748,1.931,2.198,4.032,3.651,NA,NA
2594,10/21/2015,723,H0914,M,0.37,CMM,23.196,7.67,4.454,2.948,2.393,3.231,2.252,2.579,4.481,3.904,NA,NA
3144,1/2/2016,859,H0914,M,0.78,CMM,31.018,9.907,4.841,4.007,2.658,4.67,3.609,3.848,6.336,5.589,NA,NA
3626,3/24/2016,1002,H0914,M,1.44,CMM,38.065,11.596,5.787,5.042,3.443,5.714,4.182,4.518,8.67,7.811,NA,NA
4063,6/23/2016,1126,H0914,M,2.22,CMM,44.075,12.395,6.348,5.562,3.794,6.345,5.586,5.539,9.455,8.44,NA,NA
4619,11/17/2016,1286,H0914,M,4.33,CMM,49.144,14.325,7.618,6.74,4.732,8.452,5.737,6.385,11.117,10.577,NA,NA
5996,9/19/2017,1648,H0915,F,4.82,CMM,39.92,11.334,6.346,5.423,4.295,6.596,3.675,4.234,8.977,7.424,JG remeasured SVL,Mass/SVL check
2331,9/24/2015,658,H0915,F,0.2,CMM,19.954,6.706,3.591,NA,1.882,2.762,1.605,1.847,3.606,3.284,NA,NA
2550,10/20/2015,713,H0915,F,0.42,CMM,23.444,7.43,4.112,NA,2.37,3.225,1.672,2.147,4.382,4.264,NA,NA
3098,12/31/2015,845,H0915,F,0.58,CMM,28.173,NA,NA,NA,NA,NA,NA,NA,NA,NA,NA,NA
3583,3/17/2016,988,H0915,F,0.98,CMM,32.367,9.964,4.872,4.83,3.252,4.696,3.658,3.795,6.483,6.159,NA,NA
4079,6/23/2016,1130,H0915,F,1.26,CMM,35.6,10.279,5.31,4.808,3.278,4.919,3.828,4.082,7.076,6.619,NA,NA
4583,11/13/2016,1269,H0915,F,1.96,CMM,38.669,11.215,5.988,5.443,4.094,6.012,4.24,4.343,8.108,7.447,NA,NA
6007,9/19/2017,1651,H0915,F,2.45,CMM,41.137,11.05,6.948,5.162,4.461,7.063,4.852,5.521,8.379,7.01,NA,NA
2345,9/24/2015,661,H0916,F,0.19,CMM,19.18,6.333,3.454,2.731,1.817,2.972,2.001,2.179,3.892,3.63,NA,NA
2541,10/20/2015,711,H0916,F,0.32,CMM,22.731,7.65,3.866,3.368,2.055,3.152,NA,NA,4.314,4.183,NA,NA
3089,12/31/2015,843,H0916,F,0.6,CMM,27.592,8.73,4.639,NA,2.377,4.285,2.681,3.111,5.833,5.249,NA,NA
3575,3/17/2016,986,H0916,F,1.11,CMM,32.847,10.061,5.166,4.536,3.089,4.683,3.278,3.518,7.16,6.775,NA,NA
4070,6/23/2016,1128,H0916,F,1.56,CMM,37.294,10.39,5.618,5.548,3.485,5.645,3.954,4.093,8.128,7.413,NA,NA
4647,11/17/2016,1293,H0916,F,1.78,CMM,37.77,10.39,7.188,5.733,3.934,6.317,3.713,4.18,8.414,7.072,NA,NA
2324,9/24/2015,656,H0917,M,0.22,CMM,19.691,6.513,3.761,2.817,1.758,2.986,1.65,1.818,3.838,3.297,NA,NA
2542,10/20/2015,711,H0917,M,0.38,CMM,24.53,8.125,4.026,3.246,2.093,3.219,2.312,2.747,4.459,3.992,NA,NA
3090,12/31/2015,843,H0917,M,0.74,CMM,32.55,9.888,5.27,4.785,3.302,4.905,3.323,3.634,6.83,5.959,NA,NA
3574,3/17/2016,986,H0917,M,1.38,CMM,36.972,11.573,5.989,5.518,4.052,5.862,3.966,4.32,8.144,6.944,NA,NA
4071,6/23/2016,1128,H0917,M,2.09,CMM,43.283,11.751,6.234,5.949,4.167,7.387,4.649,4.89,9.723,8.847,NA,NA
4648,11/17/2016,1294,H0917,M,3.92,CMM,48.892,13.073,8.807,6.574,4.618,7.301,5.026,5.375,10.46,8.993,NA,NA
6009,9/21/2017,1652,H0917,M,6.06,CMM,51.244,13.677,8.005,6.868,5.649,8.926,6.339,6.682,11.956,9.845,NA,NA
2335,9/24/2015,659,H0918,F,0.2,CMM,20.092,6.393,3.681,2.775,1.743,2.638,1.801,2.083,3.973,3.587,NA,NA
2554,10/20/2015,714,H0918,F,0.34,CMM,23.239,7.525,4.139,2.571,2.139,3.078,2.133,2.567,4.846,4.32,NA,NA
3101,12/31/2015,846,H0918,F,0.53,CMM,26.339,8.257,4.688,3.866,2.728,3.838,2.593,3.085,5.794,5.325,NA,NA
3586,3/17/2016,989,H0918,F,0.77,CMM,29.512,9.254,4.799,4.284,3.082,3.996,3.021,3.131,6.813,6.285,NA,NA
4082,6/23/2016,1131,H0918,F,0.94,CMM,32.521,9.513,5.161,4.079,2.624,4.897,3.528,4.127,7.265,6.737,NA,NA
4586,11/13/2016,1270,H0918,F,1.4,CMM,34.187,9.96,5.345,5.149,4.274,5.535,3.528,3.532,7.519,6.833,NA,NA
5995,9/19/2017,1647,H0918,F,1.76,CMM,36.454,9.381,6.519,4.777,3.805,5.001,2.828,3.179,8.084,7.251,NA,NA
2316,9/24/2015,655,H0921,F,0.22,CMM,19.429,6.376,3.885,3.037,2.066,2.542,1.926,2.123,3.974,3.464,NA,NA
2596,10/21/2015,724,H0921,F,0.5,CMM,24.804,7.722,4.181,3.868,2.305,3.854,2.157,2.494,5.083,4.895,NA,NA
3084,12/31/2015,842,H0921,F,0.75,CMM,29.276,8.81,5.078,4.349,2.935,5.028,3.036,3.836,6.508,5.978,NA,NA
3569,3/17/2016,985,H0921,F,1.12,CMM,33.959,10.378,5.245,4.774,3.017,4.876,3.92,4.086,7.048,6.735,NA,NA
4064,6/23/2016,1126,H0921,F,1.45,CMM,36.935,10.417,5.453,4.753,3.451,5.707,4.618,4.917,7.696,6.913,NA,NA
4620,11/17/2016,1286,H0921,F,1.59,CMM,37.932,10.862,6.04,4.762,4.03,5.933,4.647,4.831,8.358,7.614,NA,NA
6013,9/21/2017,1653,H0921,F,1.94,CMM,38.708,11.066,6.576,5.495,4.251,5.063,4.001,4.33,9.511,8.331,NA,NA
2346,9/24/2015,661,H0923,F,0.25,CMM,20.308,7.007,3.56,2.999,1.95,2.971,1.791,1.984,4.117,3.514,NA,NA
2563,10/20/2015,715,H0923,F,0.3,CMM,22.239,6.989,4.074,3.24,2.448,3.428,2.208,2.514,5.147,4.409,NA,NA
3110,12/31/2015,848,H0923,F,0.66,CMM,27.511,8.501,4.585,4.017,2.787,4.25,3.228,3.43,6.129,5.267,NA,NA
3593,3/17/2016,991,H0923,F,1.16,CMM,35.293,10.277,5.075,5.029,3.086,5.053,3.938,4.167,7.209,6.847,NA,NA
4089,6/23/2016,1133,H0923,F,1.28,CMM,36.815,10.964,5.144,4.811,3.741,5.757,3.793,3.98,7.963,7.693,NA,NA
4597,11/13/2016,1275,H0923,F,1.88,CMM,37.507,10.731,5.87,5.415,3.967,5.625,3.67,4.144,8.574,7.248,NA,NA
2329,9/24/2015,657,H0924,M,0.22,CMM,19.931,6.979,3.683,2.616,1.76,2.891,1.878,2.231,3.891,3.533,NA,NA
2549,10/20/2015,713,H0924,M,0.34,CMM,23.533,7.447,4.182,3.354,2.541,3.191,2.22,2.563,4.83,4.42,NA,NA
3095,12/31/2015,845,H0924,M,0.62,CMM,28.679,NA,NA,NA,NA,NA,NA,NA,NA,NA,NA,NA
3580,3/17/2016,988,H0924,M,1.27,CMM,36.187,11.489,5.503,5.099,3.398,5.714,4.517,4.523,7.667,7.26,NA,NA
4077,6/23/2016,1130,H0924,M,1.77,CMM,40.032,10.359,6.265,5.069,3.617,6.374,4.928,5.194,9.315,8.505,NA,NA
4582,11/13/2016,1268,H0924,M,3.73,CMM,46.31,12.979,6.81,6.385,4.734,7.448,5.328,5.452,10.993,9.708,NA,NA
6004,9/19/2017,1650,H0924,M,5.23,CMM,51.895,13.903,7.737,6.473,5.431,9.282,6.579,7.694,11.18,9.911,NA,NA
4596,11/13/2016,1275,H0925,M,3.28,CMM,43.559,12.169,6.382,5.518,4.001,5.826,3.892,4.191,8.24,7.394,AS - Remeasured Head Length,RM Set 1
2341,9/24/2015,660,H0925,M,0.24,CMM,20.125,6.926,3.752,2.797,2.191,2.875,1.815,1.734,3.92,3.33,NA,NA
2560,10/20/2015,715,H0925,M,0.3,CMM,22.175,7.387,4.135,3.273,2.198,3.306,1.996,2.324,4.397,4.064,NA,NA
3107,12/31/2015,848,H0925,M,0.71,CMM,28.025,9.22,5.048,4.285,3.127,4.485,2.868,3.368,6.271,5.553,NA,NA
3592,3/17/2016,991,H0925,M,1.18,CMM,33.488,10.483,5.565,5.134,3.45,5.422,3.939,4.09,7.407,6.452,NA,NA
4088,6/23/2016,1132,H0925,M,1.97,CMM,39.658,10.954,6.614,5.936,3.763,6.676,4.585,4.842,8.319,8.15,NA,NA
5991,9/19/2017,1646,H0925,M,4.67,CMM,47.066,13.253,9.428,6.594,5.095,7.217,4.941,5.573,10.981,9.314,NA,NA
2344,9/24/2015,660,H0926,F,0.26,CMM,20.76,6.886,4.009,3.05,1.876,2.671,2.013,2.13,4.519,3.733,NA,NA
2561,10/20/2015,715,H0926,F,0.32,CMM,22.556,7.808,3.709,3.109,2.232,3.145,2.25,2.442,4.848,4.449,NA,NA
3109,12/31/2015,848,H0926,F,0.52,CMM,25.91,8.717,4.303,3.314,2.464,3.816,2.246,2.588,5.651,5.2,NA,NA
3594,3/17/2016,991,H0926,F,1,CMM,31.754,10.058,4.863,4.858,3.216,5.205,3.695,3.833,6.97,6.661,NA,NA
4091,6/23/2016,1133,H0926,F,1.24,CMM,33.564,10.647,5.936,5.248,3.47,6.119,3.993,3.79,8.175,7.481,NA,NA
4595,11/13/2016,1274,H0926,F,1.67,CMM,37.414,11.623,5.765,5.464,4.058,6.041,4.39,4.582,8.369,7.574,NA,NA
5994,9/19/2017,1647,H0926,F,2.24,CMM,38.925,11.315,6.189,5.543,4.335,6.851,4.56,4.997,8.991,7.989,NA,NA
2332,9/24/2015,658,H0927,F,0.26,CMM,20.931,6.704,3.81,3.038,1.722,2.793,2.139,2.352,4.527,4.121,NA,NA
2551,10/20/2015,713,H0927,F,0.31,CMM,23.654,7.539,3.946,NA,2.097,3.069,2.028,2.576,4.871,4.452,NA,NA
3097,12/31/2015,845,H0927,F,0.56,CMM,29.246,NA,NA,NA,NA,NA,NA,NA,NA,NA,NA,NA
3582,3/17/2016,988,H0927,F,0.99,CMM,33.233,10.191,5.1,4.887,3.446,4.805,3.643,4.194,7.678,6.702,NA,NA
4078,6/23/2016,1130,H0927,F,1.28,CMM,35.195,10.289,5.376,4.685,3.089,5.425,3.965,4.223,8.103,6.954,NA,NA
4585,11/13/2016,1269,H0927,F,1.85,CMM,39.924,11.747,5.771,5.555,3.887,6.461,4.551,4.766,9.049,8.135,NA,NA
6006,9/19/2017,1651,H0927,F,2.15,CMM,41.394,11.773,6.028,5.541,3.981,7.305,5.101,5.33,9.39,7.71,NA,NA
2342,9/24/2015,660,H0928,M,0.26,CMM,21.382,6.94,4.277,3.468,2.229,2.716,NA,2.078,4.253,3.667,NA,NA
2562,10/20/2015,715,H0928,M,0.41,CMM,24.025,7.853,4.119,3.465,2.424,3.436,2.413,2.503,4.938,4.503,NA,NA
3108,12/31/2015,848,H0928,M,0.52,CMM,27.785,9.248,4.945,4.096,2.923,4.527,2.574,2.973,5.84,5.325,NA,NA
3595,3/17/2016,991,H0928,M,1.07,CMM,34.245,11.254,5.199,4.748,3.376,5.008,3.741,4.136,7.663,6.955,NA,NA
4092,6/23/2016,1133,H0928,M,1.32,CMM,37.327,12.038,5.694,5.029,3.439,6.45,4.685,4.868,8.715,8.004,NA,NA
4592,11/13/2016,1273,H0928,M,3.46,CMM,47.295,13.424,7.386,7.037,4.745,8.219,5.75,5.812,10.294,9.395,NA,NA
6005,9/19/2017,1651,H0928,M,4.69,CMM,49.613,13.498,9.389,7.509,5.248,9.251,6.083,7.046,11.318,9.936,NA,NA
2334,9/24/2015,658,H0930,F,0.25,CMM,20.949,6.88,3.747,2.736,1.949,2.727,1.829,2.15,4.021,3.837,AS - Remeasured Pectoral,RM Set 1
5998,9/19/2017,1648,H0930,F,2.38,CMM,50.309,13.842,9.254,7.051,5.267,8.566,6.277,7.268,11.851,10.49,JG remeasured SVL,Mass/SVL check
2553,10/20/2015,713,H0930,F,0.43,CMM,23.896,7.875,4.084,3.42,2.117,3.091,2.371,2.746,4.792,4.343,NA,NA
3099,12/31/2015,846,H0930,F,0.59,CMM,27.772,8.82,4.62,3.82,2.6,4.085,2.713,2.849,6.002,5.734,NA,NA
3585,3/17/2016,989,H0930,F,1.1,CMM,32.723,10.34,5.182,4.708,3.042,4.984,3.564,3.673,6.996,6.849,NA,NA
4080,6/23/2016,1130,H0930,F,1.64,CMM,35.072,10.117,5.86,5.291,3.639,5.811,4.032,4.268,7.592,7.214,NA,NA
4584,11/13/2016,1269,H0930,F,1.71,CMM,37.339,11.036,6.039,5.32,4.514,6.05,3.84,4.314,8.483,7.616,NA,NA
2567,10/20/2015,716,H0931,M,0.33,AN,27.926,7.925,3.633,3.248,2.094,3.032,2.41,2.733,4.94,4.292,"AS - Remeasured Pectoral, Femur, and Tibia",RM Set 1
2343,9/24/2015,660,H0931,M,0.25,CMM,21.729,7.476,3.921,2.86,1.925,3.105,2.116,2.134,4.325,4.111,NA,NA
3111,12/31/2015,849,H0931,M,0.43,CMM,24.872,8.424,4.57,3.242,2.442,3.968,2.593,2.909,5.459,4.982,NA,NA
3606,3/18/2016,996,H0931,M,0.89,CMM,31.424,10.191,5.233,4.323,3.043,4.884,3.347,3.479,7.23,6.265,NA,NA
4090,6/23/2016,1133,H0931,M,1.28,CMM,36.945,11.472,6.057,5.106,3.731,6.134,4.612,4.723,9.123,7.714,NA,NA
4594,11/13/2016,1274,H0931,M,2.92,CMM,44.673,12.648,6.694,6.157,4.47,7.164,5.814,5.78,10.39,9.327,NA,NA
5992,9/19/2017,1646,H0931,M,4.25,CMM,51.018,14.017,7.877,6.542,5.4,9.186,5.295,6.347,12.392,10.092,NA,NA
3999,6/12/2016,1110,H0932,M,1.52,CMM,40.243,12.153,5.87,5.257,3.614,6.265,4.617,4.885,9.146,7.727,JG remeasured SVL,Mass/SVL check
2239,9/17/2015,633,H0932,M,0.2,CMM,20.535,6.968,3.627,2.723,1.825,NA,NA,NA,4.002,3.828,NA,NA
2564,10/20/2015,716,H0932,M,0.32,AN,25.371,8.12,3.643,3.137,2.22,3.467,2.27,2.752,4.992,4.423,NA,NA
3026,12/6/2015,828,H0932,M,0.46,CMM,27.774,NA,NA,NA,NA,NA,NA,NA,NA,NA,NA,NA
3544,3/10/2016,978,H0932,M,1.01,CMM,34.221,10.928,5.347,4.6,3.176,5.558,3.782,4.179,7.376,6.631,NA,NA
4600,11/13/2016,1277,H0932,M,3.38,CMM,45.731,13.15,6.918,6.697,4.668,8.661,5.337,5.667,10.66,9.18,NA,NA
5988,9/19/2017,1645,H0932,M,4.41,CMM,50.067,14.571,7.765,6.809,5.295,9.336,6.28,7.161,11.781,10.167,NA,NA
2565,10/20/2015,716,H0935,F,0.33,AN,23.519,7.86,3.766,3.455,2.276,3.223,2.416,2.853,4.527,4.117,JG remeasured SVL,Mass/SVL check
2237,9/17/2015,633,H0935,F,0.24,CMM,20.108,6.388,3.786,3.14,2.068,2.504,NA,NA,3.959,3.681,NA,NA
3025,12/6/2015,827,H0935,F,0.38,CMM,26.149,NA,NA,NA,NA,NA,NA,NA,NA,NA,NA,NA
3543,3/10/2016,978,H0935,F,0.94,CMM,31.589,9.971,5.322,4.81,3.166,5.187,3.249,3.946,7.173,6.38,NA,NA
4094,6/23/2016,1134,H0935,F,1.26,CMM,34.704,10.457,5.861,5.112,3.599,5.453,3.484,3.977,8.176,7.723,NA,NA
4599,11/13/2016,1276,H0935,F,1.71,CMM,37.806,11.262,6.011,5.79,4.124,5.877,3.567,3.94,8.316,7.78,NA,NA
5990,9/19/2017,1646,H0935,F,2.68,CMM,41.843,12.361,6.701,5.675,4.288,7.484,5.145,5.836,9.5,8.139,NA,NA
2326,9/24/2015,657,H0936,F,0.27,CMM,20.699,6.951,3.853,3.064,1.939,3.022,2.014,2.268,3.999,3.986,NA,NA
2544,10/20/2015,712,H0936,F,0.35,CMM,23.248,7.693,4.115,3.525,2.081,3.436,1.937,2.507,5.032,4.509,NA,NA
3092,12/31/2015,844,H0936,F,0.62,CMM,28.934,9.378,4.903,4.288,3.02,3.996,2.841,3.271,6.199,5.76,NA,NA
3577,3/17/2016,987,H0936,F,1.2,CMM,34.36,10.766,4.987,5.029,3.107,4.9,3.336,3.48,7.319,7.214,NA,NA
4072,6/23/2016,1128,H0936,F,1.35,CMM,37.425,11.134,5.33,4.711,3.686,5.27,4.063,4.403,7.882,7.785,NA,NA
4649,11/17/2016,1294,H0936,F,1.65,CMM,39.025,10.964,7.372,5.528,3.535,5.76,4.162,4.573,8.706,7.812,NA,NA
2328,9/24/2015,657,H0937,M,0.25,CMM,21.372,7.013,3.677,2.975,1.937,2.857,1.955,2.334,4.027,3.647,NA,NA
2547,10/20/2015,712,H0937,M,0.32,CMM,23.405,7.975,3.928,3.419,2.063,2.92,2.219,2.57,4.848,4.289,NA,NA
3094,12/31/2015,844,H0937,M,0.57,CMM,27.142,8.89,4.868,3.829,2.441,3.85,2.668,3.129,5.895,5.354,NA,NA
3579,3/17/2016,987,H0937,M,1.05,CMM,32.57,10.449,5.377,4.847,3.248,4.925,3.557,3.748,7.442,6.648,NA,NA
4075,6/23/2016,1129,H0937,M,1.42,CMM,37.462,12.048,5.819,5.397,3.527,4.954,3.825,3.388,8.164,7.884,NA,NA
4651,11/17/2016,1295,H0937,M,3.2,CMM,45.532,13.34,9.283,7.134,4.164,7.856,4.571,5.07,10.926,9.964,NA,NA
6003,9/19/2017,1650,H0937,M,4.61,CMM,50.539,14.33,9.717,7.623,5.134,9.567,5.803,7.068,12.048,9.825,NA,NA
2382,10/1/2015,674,H0939,F,0.25,CMM,20.617,6.633,4.223,NA,1.961,2.931,1.869,2.141,4.408,3.807,NA,NA
2708,10/28/2015,749,H0939,F,0.35,RH,24.205,7.669,4.115,3.417,2.344,3.164,2.433,2.734,5.101,4.582,NA,NA
3129,1/2/2016,855,H0939,F,0.6,CMM,26.738,8.402,4.728,4.066,2.679,4.168,3.033,3.525,5.966,5.26,NA,NA
3613,3/24/2016,999,H0939,F,1.07,CMM,33.224,9.953,5.065,4.851,3.183,5.156,3.392,3.792,7.147,6.444,NA,NA
4107,6/23/2016,1139,H0939,F,1.26,CMM,34.562,10.34,4.902,5.009,3.45,4.923,4.199,4.429,8.211,6.802,NA,NA
4741,12/1/2016,1327,H0939,F,1.86,CMM,39.836,11.768,5.703,5.373,3.996,6.198,4.756,4.847,8.425,8.113,NA,NA
2397,10/1/2015,677,H0941,F,0.29,CMM,21.746,7.55,3.805,3.008,1.964,2.955,2.318,2.287,4.27,3.885,NA,NA
2592,10/21/2015,723,H0941,F,0.37,CMM,22.991,7.305,3.95,3.364,1.831,3.268,2.511,2.819,4.624,4.234,NA,NA
3142,1/2/2016,858,H0941,F,0.5,CMM,26.732,8.91,4.362,3.295,2.379,4.026,2.981,3.15,5.231,4.861,NA,NA
3627,3/24/2016,1002,H0941,F,0.88,CMM,31.585,10.03,4.641,4.356,2.845,4.56,4.024,4.088,6.834,6.593,NA,NA
4061,6/23/2016,1126,H0941,F,1,CMM,31.916,10.196,5.408,4.692,3.11,4.935,3.335,3.441,7.402,6.742,NA,NA
4617,11/17/2016,1285,H0941,F,1.31,CMM,36.244,11.354,5.925,4.543,3.14,4.965,4.002,4.29,7.695,7.346,NA,NA
6008,9/21/2017,1652,H0941,F,1.89,CMM,39.441,11.117,6.308,4.96,3.981,5.583,4.622,4.71,8.582,7.806,NA,NA
2388,10/1/2015,675,H0943,M,0.15,CMM,19.131,6.377,3.19,2.462,1.805,2.338,NA,NA,3.764,3.639,NA,NA
6018,9/21/2017,1655,H0946,F,1.97,CMM,38.428,10.652,6.128,4.885,4.036,6.236,2.872,3.326,8.726,6.34,AS - Remeasured Radius and Ulna,RM Set 1
2396,10/1/2015,677,H0946,F,0.24,CMM,19.509,6.576,3.656,3.113,1.787,NA,NA,NA,4.02,3.429,NA,NA
2593,10/21/2015,723,H0946,F,0.32,CMM,21.966,7.477,4.011,3.357,2.182,2.922,2.422,2.925,4.53,4.061,NA,NA
3145,1/2/2016,859,H0946,F,0.59,CMM,27.509,8.628,4.416,3.939,2.664,3.432,2.747,3.23,5.291,5.327,NA,NA
3628,3/24/2016,1002,H0946,F,0.93,CMM,30.467,9.318,4.786,4.528,3.172,4.665,3.42,3.644,6.453,5.912,NA,NA
4062,6/23/2016,1126,H0946,F,1.01,CMM,33.518,9.905,5.276,4.271,2.823,5.156,4.043,3.944,6.55,6.318,NA,NA
4618,11/17/2016,1285,H0946,F,1.75,CMM,36.466,10.778,5.676,5.364,4.1,6.285,4.283,4.558,8.021,7.459,NA,NA
2409,10/1/2015,680,H0948,F,0.23,CMM,20.034,6.76,3.778,NA,1.94,2.621,NA,NA,3.921,3.825,NA,NA
2591,10/21/2015,723,H0948,F,0.36,CMM,23.155,7.371,4.015,2.756,2.311,2.998,2.045,2.469,4.387,4.007,NA,NA
3140,1/2/2016,858,H0948,F,0.69,CMM,28.176,8.866,4.64,4.29,2.566,4.346,2.743,3.168,5.757,5.675,NA,NA
3624,3/24/2016,1001,H0948,F,1.16,CMM,33.861,10.199,5.272,4.938,3.393,5.263,3.099,3.9,7.417,6.764,NA,NA
4059,6/23/2016,1125,H0948,F,1.42,CMM,35.148,10.043,5.725,4.995,3.394,5.618,3.942,4.231,7.769,7.254,NA,NA
4672,11/17/2016,1303,H0948,F,2.05,CMM,39.037,10.545,7.298,5.495,3.686,5.904,3.972,4.162,7.854,7.225,NA,NA
2386,10/1/2015,674,H0949,M,0.16,CMM,19.098,6.494,3.05,2.35,1.851,NA,1.86,2.226,4.009,3.47,NA,NA
2582,10/21/2015,721,H0949,M,0.24,RH,20.529,6.985,3.959,2.7,1.89,2.667,1.729,2.258,4.151,3.784,NA,NA
3143,1/2/2016,859,H0949,M,0.61,CMM,26.931,8.483,4.555,3.923,2.794,4.126,2.545,2.77,5.94,5.161,NA,NA
3617,3/24/2016,1000,H0949,M,1.36,CMM,34.686,11.019,5.334,5.385,3.319,5.692,3.842,4.367,7.522,7.189,NA,NA
4110,6/23/2016,1139,H0949,M,1.85,CMM,40.444,11.929,6.242,5.488,3.616,5.934,4.875,5.478,9.239,8.624,NA,NA
4664,11/17/2016,1300,H0949,M,3.35,CMM,44.949,12.111,9.095,6.768,4.639,7.49,5.236,5.628,10.49,9.46,NA,NA
2385,10/1/2015,674,H0953,M,0.21,CMM,19.953,6.371,3.766,NA,1.753,2.81,2.137,2.386,4.022,3.377,NA,NA
2583,10/21/2015,721,H0953,M,0.29,RH,23.023,7.352,3.955,2.731,1.996,2.964,2.231,2.553,4.501,4.298,NA,NA
3131,1/2/2016,855,H0953,M,0.69,CMM,28.588,9.523,4.788,4.154,2.633,4.247,3.324,3.536,6.198,5.486,NA,NA
3615,3/24/2016,999,H0953,M,1.38,CMM,36.537,11.172,5.701,5.49,3.757,6.599,4.555,5.016,8.552,8.269,NA,NA
4111,6/23/2016,1140,H0953,M,1.71,CMM,40.055,11.915,6.533,5.317,3.745,6.302,5.192,5.647,9.38,8.344,NA,NA
2481,10/8/2015,697,H0954,F,0.2,CMM,20.218,6.761,3.789,2.397,1.929,2.627,1.748,2.245,3.833,3.475,AS - Remeasured Pectoral,RM Set 1
2703,10/28/2015,748,H0954,F,0.32,RH,23.267,7.318,3.936,3.131,2.06,3.14,2.258,2.76,4.422,4.132,NA,NA
3195,1/10/2016,873,H0954,F,0.49,CMM,27.274,8.46,4.465,3.564,2.433,3.638,2.667,3.286,5.432,5.421,NA,NA
3657,3/31/2016,1011,H0954,F,1.08,CMM,33.489,9.974,4.894,4.374,3.067,5.026,4.191,4.247,7.304,7.156,NA,NA
4141,7/14/2016,1148,H0954,F,1.36,CMM,37.576,10.777,5.223,4.789,3.466,5.601,4.37,4.41,7.417,7.566,NA,NA
4731,12/1/2016,1324,H0954,F,2.41,CMM,40.193,11.268,6.385,5.87,4.161,6.23,4.036,4.676,8.304,7.388,NA,NA
2392,10/1/2015,676,H0955,F,0.22,CMM,19.218,6.226,3.69,3.441,1.783,2.347,NA,2.131,4.136,3.539,NA,NA
2586,10/21/2015,722,H0955,F,0.28,CMM,21.101,6.843,3.985,3.036,1.867,2.924,1.931,2.266,4.397,3.983,NA,NA
3137,1/2/2016,857,H0955,F,0.57,CMM,26.88,8.114,4.766,3.988,2.715,4.118,3.098,3.144,5.357,5.292,NA,NA
3621,3/24/2016,1001,H0955,F,1,CMM,30.796,9.348,5.27,4.465,3.282,5.582,4.015,3.863,7.238,6.81,NA,NA
4114,6/23/2016,1140,H0955,F,1.16,CMM,32.919,10.037,5.67,4.755,3.183,5.287,3.815,4.321,7.465,6.74,NA,NA
4668,11/17/2016,1301,H0955,F,1.68,CMM,35.35,10.109,7.082,5.291,3.504,6.006,3.116,3.365,7.905,6.886,NA,NA
6015,9/21/2017,1654,H0955,F,1.74,CMM,37.223,9.645,6.233,4.932,4.025,5.598,4.058,3.987,9.004,7.563,NA,NA
3625,3/24/2016,1002,H0956,F,1.3,CMM,35.47,10.323,5.104,4.739,3.328,5.276,2.811,3.665,7.988,7.044,"AS - Remeasured Head Width, Pelvic, Pectoral, Humerus, Radius, Ulna, Femur, and Tibia",RM Set 1
2395,10/1/2015,676,H0956,F,0.26,CMM,21.663,6.897,3.812,NA,2.035,3.136,1.686,2.04,4.421,3.998,NA,NA
2590,10/21/2015,723,H0956,F,0.37,CMM,23.564,7.397,4.259,NA,2.043,3.239,2.339,2.573,4.573,4.241,NA,NA
3141,1/2/2016,858,H0956,F,0.72,CMM,29.372,8.825,4.731,4.164,2.784,4.521,3.521,3.844,6.146,5.513,NA,NA
4058,6/23/2016,1125,H0956,F,1.53,CMM,38.212,11.195,5.241,4.879,3.41,5.638,4.38,4.592,8.032,7.752,NA,NA
4673,11/17/2016,1303,H0956,F,1.79,CMM,38.899,10.464,6.794,5.267,3.584,5.629,3.373,3.96,7.762,7.248,NA,NA
2399,10/1/2015,678,H0957,F,0.2,CMM,19.176,6.171,3.765,NA,1.867,2.76,1.777,2.098,3.915,3.502,NA,NA
2595,10/21/2015,724,H0957,F,0.25,CMM,21.264,6.848,3.79,2.571,2.007,2.599,2.026,2.465,4.559,4.123,NA,NA
3146,1/2/2016,859,H0957,F,0.61,CMM,28.255,8.774,4.439,3.641,2.382,4.381,3.023,3.539,5.904,5.646,NA,NA
3629,3/24/2016,1003,H0957,F,1.01,CMM,32.928,10.092,4.921,4.786,3.234,5.438,3.912,4.042,7.621,6.552,NA,NA
4060,6/23/2016,1125,H0957,F,1.04,CMM,33.245,9.701,5.177,4.623,3.069,5.248,3.42,3.642,8.175,6.894,NA,NA
4616,11/17/2016,1285,H0957,F,1.4,CMM,35.915,10.431,6.06,5.408,3.573,5.886,3.857,4.01,8.514,7.523,NA,NA
2391,10/1/2015,675,H0959,F,0.25,CMM,20.219,6.567,3.91,3.123,2.025,NA,1.878,1.985,4.159,3.498,NA,NA
2587,10/21/2015,722,H0959,F,0.38,CMM,23.796,7.297,4.055,3.538,2.216,3.162,1.954,2.499,4.874,4.498,NA,NA
3136,1/2/2016,857,H0959,F,0.59,CMM,27.377,8.631,4.708,4.114,2.657,4.313,3.004,3.345,5.955,5.643,NA,NA
3620,3/24/2016,1000,H0959,F,1.1,CMM,33.648,10.142,5.291,4.661,3.206,4.897,3.547,3.775,7.236,6.879,NA,NA
4115,6/23/2016,1141,H0959,F,1.34,CMM,36.212,10.597,5.632,4.482,3.206,5.648,4.557,4.656,7.51,6.94,NA,NA
2383,10/1/2015,674,H0962,F,0.24,CMM,20.052,6.377,3.769,2.704,1.838,NA,1.518,1.888,3.733,3.42,NA,NA
2705,10/28/2015,749,H0962,F,0.33,RH,23.538,7.402,4.118,3.019,2.129,3.479,2.505,2.801,4.535,4.268,NA,NA
3130,1/2/2016,855,H0962,F,0.57,CMM,26.794,8.449,4.481,4.017,2.687,4.336,2.574,3.059,5.558,5.019,NA,NA
3612,3/24/2016,998,H0962,F,1.1,CMM,34.497,9.989,5.127,4.642,3.099,4.824,4.12,4.153,6.912,6.625,NA,NA
4108,6/23/2016,1139,H0962,F,1.49,CMM,37.04,10.196,5.972,5.205,3.252,6.228,4.442,4.709,7.615,7.52,NA,NA
4740,12/1/2016,1327,H0962,F,2.12,CMM,41.658,11.711,5.974,5.543,3.929,6.894,5.102,4.894,8.234,7.782,NA,NA
2389,10/1/2015,675,H0967,M,0.23,CMM,19.899,6.667,3.797,2.818,2.058,NA,NA,1.663,4.211,3.664,NA,NA
2581,10/21/2015,721,H0967,M,0.2,RH,21.839,7.254,4.325,3.228,2.152,2.997,2.031,2.4,4.479,4.056,NA,NA
3134,1/2/2016,856,H0967,M,0.65,CMM,29.487,9.334,4.792,4.117,2.716,4.301,3.421,3.351,6.278,5.713,NA,NA
3618,3/24/2016,1000,H0967,M,1.56,CMM,37.768,11.351,5.872,4.909,3.603,5.525,4.121,4.42,8.225,7.761,NA,NA
4113,6/23/2016,1140,H0967,M,2.09,CMM,43.074,12.614,6.725,5.478,4.112,7.055,4.893,5.322,9.233,8.534,NA,NA
4666,11/17/2016,1301,H0967,M,3.75,CMM,49.035,13.285,8.611,6.554,5.334,7.24,4.549,4.854,10.745,9.256,NA,NA
2394,10/1/2015,676,H0968,F,0.24,CMM,20.123,6.553,3.757,2.784,1.965,2.605,1.795,2.015,4.013,3.456,NA,NA
2588,10/21/2015,722,H0968,F,0.31,CMM,22.62,7.505,3.822,2.884,2.029,3.408,2.286,2.237,4.328,4.024,NA,NA
3139,1/2/2016,858,H0968,F,0.54,CMM,27.113,8.779,4.631,4.117,2.545,4.446,3.018,3.296,5.804,5.155,NA,NA
3622,3/24/2016,1001,H0968,F,1.13,CMM,35.063,10.503,5.279,4.719,3.434,4.767,3.929,4.194,7.512,7.474,NA,NA
4117,6/23/2016,1141,H0968,F,1.54,CMM,36.584,10.56,6.009,5.045,3.433,6.335,4.43,4.828,8.144,7.118,NA,NA
4670,11/17/2016,1302,H0968,F,1.99,CMM,40.248,10.56,7.328,5.327,3.867,5.901,4.452,4.763,8.715,7.165,NA,NA
2478,10/8/2015,696,H0969,M,0.3,CMM,21.094,6.959,3.969,3.031,1.985,2.929,2.204,2.452,4.337,3.677,NA,NA
2696,10/28/2015,747,H0969,M,0.41,CMM,25.139,8.24,4.327,3.544,2.27,3.47,2.583,2.737,4.824,4.447,NA,NA
3191,1/10/2016,872,H0969,M,0.68,CMM,28.959,9.232,5.056,4.191,2.865,4.351,3.466,3.577,6.273,5.467,NA,NA
3653,3/31/2016,1010,H0969,M,1.55,CMM,36.095,11.187,5.969,5.291,3.61,5.864,4.571,4.926,8.245,7.465,NA,NA
4147,7/14/2016,1149,H0969,M,1.62,CMM,40.635,12.167,6.212,5.686,3.61,6.321,5.468,5.486,8.788,8.542,NA,NA
4730,12/1/2016,1324,H0969,M,4.73,CMM,47.746,13.129,8.2,6.961,5.071,8.377,5.849,6.338,11.857,8.806,NA,NA
4669,11/17/2016,1302,H0970,M,2.49,CMM,39.255,11.26,7.35,5.781,3.879,6.004,3.772,4.135,7.734,7.175,AS - Remeasured Head Length,RM Set 1
2390,10/1/2015,675,H0970,M,0.2,CMM,18.977,6.002,3.637,2.45,1.699,NA,1.727,2.031,3.951,3.177,NA,NA
2585,10/21/2015,722,H0970,M,0.36,CMM,22.052,7.366,4.063,3.402,2.094,3.339,1.992,2.302,4.505,4.069,NA,NA
3135,1/2/2016,857,H0970,M,0.69,CMM,29.069,9.029,4.879,4.15,2.68,4.366,3.399,3.514,5.956,5.935,NA,NA
3619,3/24/2016,1000,H0970,M,1.17,CMM,34.214,10.523,5.198,4.898,3.235,4.641,3.466,4.04,7.694,7.099,NA,NA
4116,6/23/2016,1141,H0970,M,1.53,CMM,35.683,10.224,5.751,4.565,3.377,5.794,3.618,4.167,8.014,7.441,NA,NA
6014,9/21/2017,1654,H0970,F,1.82,CMM,39.265,10.781,6.51,5.509,4.415,6.022,4.146,4.765,8.511,7.261,NA,NA
2393,10/1/2015,676,H0971,M,0.19,CMM,19.488,6.331,3.672,NA,1.669,2.495,1.689,1.947,4.176,3.304,NA,NA
2589,10/21/2015,722,H0971,M,0.4,CMM,22.665,7.279,4.233,3.463,2.323,3.423,2.429,2.568,4.544,4.064,NA,NA
3138,1/2/2016,857,H0971,M,0.81,CMM,30.015,9.644,5.103,4.486,3.135,4.592,3.408,3.44,6.609,5.739,NA,NA
3623,3/24/2016,1001,H0971,M,1.48,CMM,37.49,11.275,5.733,5.229,3.669,5.757,4.412,4.95,8.772,7.775,NA,NA
4057,6/23/2016,1125,H0971,M,2.17,CMM,40.935,11.657,6.572,6.04,3.821,6.036,4.456,4.932,9.369,8.894,NA,NA
4671,11/17/2016,1302,H0971,M,4.55,CMM,49.891,13.302,8.861,7.105,4.45,7.94,4.828,5.076,10.855,9.643,NA,NA
6019,9/21/2017,1655,H0971,M,4.9,CMM,51.123,14.256,7.943,7.025,5.806,8.456,6.602,7.012,12.333,9.266,NA,NA
2384,10/1/2015,674,H0972,F,0.25,CMM,20.613,6.561,3.826,2.971,1.837,2.537,1.854,2.308,3.956,3.729,NA,NA
2580,10/21/2015,721,H0972,F,0.3,RH,22.907,7.202,4.06,2.818,2.113,3.312,2.182,2.547,4.403,4.217,NA,NA
3132,1/2/2016,856,H0972,F,0.55,CMM,26.628,8.448,4.559,4.118,2.751,3.829,2.598,3.135,5.503,5.056,NA,NA
3614,3/24/2016,999,H0972,F,1.09,CMM,34.416,10.159,5.454,5.351,3.41,5.269,3.573,3.951,7.334,6.692,NA,NA
4112,6/23/2016,1140,H0972,F,1.45,CMM,37.84,10.54,5.708,4.912,3.393,5.817,4.493,4.726,8.186,7.509,NA,NA
4667,11/17/2016,1301,H0972,F,1.88,CMM,39.138,10.577,7.076,5.587,3.862,6.334,3.949,4.045,7.757,7.343,NA,NA
2387,10/1/2015,675,H0975,M,0.26,CMM,20.212,6.989,3.582,NA,1.912,2.689,1.896,1.834,4.268,3.57,NA,NA
2584,10/21/2015,721,H0975,M,0.35,RH,22.436,7.565,4.343,3.485,2.405,3.451,2.041,2.353,4.444,3.935,NA,NA
3133,1/2/2016,856,H0975,M,0.66,CMM,28.46,9.149,4.882,3.679,2.62,4.154,3.307,3.214,5.741,5.18,NA,NA
3616,3/24/2016,999,H0975,M,1.29,CMM,35.942,11.21,5.667,5.026,3.384,5.833,4.202,4.783,7.899,7.428,NA,NA
4109,6/23/2016,1139,H0975,M,1.86,CMM,41.445,12.557,6.617,5.534,3.766,6.755,5.155,5.59,9.311,8.112,NA,NA
4665,11/17/2016,1300,H0975,M,3.6,CMM,45.553,12.412,9.08,6.933,4.711,8.081,4.964,5.042,10.411,8.815,NA,NA
2317,9/24/2015,655,H0981,F,NA,CMM,NA,NA,NA,NA,NA,NA,NA,NA,NA,NA,dead,NA
4157,7/14/2016,1152,H0983,M,1.16,CMM,34.667,10.712,5.659,4.935,3.673,6.034,3.513,4.341,8.153,6.898,AS - Remeasured Radius and Ulna,RM Set 1
2467,10/8/2015,694,H0983,M,0.26,CMM,21.274,6.648,3.589,2.429,1.646,2.417,1.876,1.846,3.726,3.522,NA,NA
2685,10/28/2015,745,H0983,M,0.26,CMM,22.429,7.61,3.996,2.833,2.058,2.833,2.246,2.464,4.958,4.322,NA,NA
3181,1/10/2016,869,H0983,M,0.46,AN,26.693,8.612,4.044,3.694,2.569,3.996,2.63,2.793,5.512,4.982,NA,NA
3644,3/31/2016,1008,H0983,M,0.82,CMM,30.885,10.03,4.951,4.445,2.952,4.605,3.627,3.823,7.075,6.359,NA,NA
4718,12/1/2016,1319,H0983,M,3.14,CMM,45.78,12.813,6.728,6.989,5.101,7.516,5.76,6.016,10.197,9.056,NA,NA
2457,10/8/2015,692,H0984,M,0.27,CMM,21.001,6.925,3.892,3.307,2.223,2.833,1.454,1.861,4.12,3.653,AS - Remeasured Radius,RM Set 1
2784,11/4/2015,769,H0984,M,0.28,CMM,22.601,7.836,4.546,3.342,2.359,2.882,2.499,2.552,4.639,4.195,NA,NA
3245,1/11/2016,887,H0984,M,0.48,RH,26.308,8.857,5.001,3.982,2.764,3.771,2.695,2.959,5.744,5.069,NA,NA
3638,3/31/2016,1006,H0984,M,1.06,CMM,31.818,10.366,5.416,4.739,3.294,4.815,3.336,3.785,7.052,6.189,NA,NA
4163,7/14/2016,1153,H0984,M,1.52,CMM,38.325,12.229,6.045,5.716,3.698,5.914,4.777,4.892,8.856,8.236,NA,NA
4921,12/5/2016,1368,H0984,M,2.35,CMM,43.9,13.278,8.425,5.988,4.311,7.493,5.438,5.676,10.181,8.822,NA,NA
6073,10/3/2017,1670,H0984,M,5.07,CMM,52.66,15.438,8.568,7.844,5.732,8.402,6.691,7.538,13.324,11.459,NA,NA
2477,10/8/2015,696,H0985,F,0.21,CMM,20.348,6.586,3.592,2.986,2.034,2.664,1.925,2.021,3.895,3.723,NA,NA
2695,10/28/2015,747,H0985,F,0.27,CMM,21.556,7.079,3.739,NA,2.245,3.26,2.317,2.602,4.753,4.066,NA,NA
3193,1/10/2016,872,H0985,F,0.47,CMM,26.863,8.465,4.169,3.51,2.823,3.841,2.529,2.923,5.376,4.956,NA,NA
3656,3/31/2016,1011,H0985,F,0.72,CMM,30.399,9.649,4.774,4.443,2.953,4.426,3.382,3.695,6.914,6.156,NA,NA
4146,7/14/2016,1149,H0985,F,1,CMM,35.097,10.7,5.62,4.782,3.262,5.246,3.634,4.294,7.873,6.827,NA,NA
4727,12/1/2016,1322,H0985,F,1.52,CMM,37.583,10.928,5.803,5.357,3.609,6.212,4.38,4.557,8.504,7.491,NA,NA
2479,10/8/2015,697,H0987,F,0.25,CMM,21.129,7.035,3.773,2.961,1.918,2.482,1.927,2.05,4.044,3.934,NA,NA
2699,10/28/2015,747,H0987,F,0.3,CMM,23.637,7.559,3.92,NA,2.123,2.985,1.954,2.349,4.342,3.941,NA,NA
3196,1/10/2016,873,H0987,F,0.48,CMM,27.984,9.127,4.734,3.995,2.717,3.886,2.603,3.134,5.561,5.233,NA,NA
3660,3/31/2016,1012,H0987,F,0.98,CMM,32.618,10.244,4.963,3.559,3.099,4.856,3.429,3.831,6.983,6.019,NA,NA
4143,7/14/2016,1148,H0987,F,1.32,CMM,37.03,11.058,5.597,5.031,3.52,5.467,3.672,4.262,8.115,7.336,NA,NA
4734,12/1/2016,1325,H0987,F,1.56,CMM,39.111,11.473,5.833,5.273,4.171,5.611,4.176,4.403,8.301,7.16,NA,NA
2463,10/8/2015,693,H0988,F,0.16,CMM,20.386,6.695,3.829,NA,2.163,3.006,NA,NA,4.108,3.856,NA,NA
2681,10/28/2015,744,H0988,F,0.26,CMM,21.155,7.033,3.945,NA,1.89,2.869,1.838,2.306,4.087,3.855,NA,NA
3177,1/10/2016,868,H0988,F,0.49,CMM,26.278,8.481,4.085,3.43,2.3,3.216,2.666,3.071,5.51,4.961,NA,NA
3641,3/31/2016,1007,H0988,F,0.96,CMM,32.707,10.183,5.208,4.651,2.841,4.881,3.43,3.679,7.256,6.431,NA,NA
4160,7/14/2016,1152,H0988,F,1.3,CMM,34.918,10.728,5.464,4.985,3.303,5.489,3.932,4.326,8.156,7.367,NA,NA
4715,12/1/2016,1318,H0988,F,1.98,CMM,39.811,11.537,6.243,5.253,3.886,6.371,4.902,4.822,8.972,8.025,NA,NA
2459,10/8/2015,693,H0989,M,0.25,CMM,20.424,6.636,3.617,2.938,1.952,NA,NA,NA,4.126,3.723,NA,NA
2785,11/4/2015,769,H0989,M,0.28,CMM,22.296,7.866,4.83,3.135,2.189,3.337,2.32,2.407,4.512,4.064,NA,NA
3246,1/11/2016,887,H0989,M,0.44,RH,25.021,8.308,4.697,3.821,2.553,3.42,2.485,2.695,5.55,5.206,NA,NA
3637,3/31/2016,1006,H0989,M,1.05,CMM,32.775,10.319,5.687,4.95,3.377,4.407,3.772,4.172,7.62,6.682,NA,NA
4164,7/14/2016,1153,H0989,M,1.88,CMM,40.328,12.111,6.018,6.139,3.895,6.379,4.985,5.577,9.299,8.532,NA,NA
4922,12/5/2016,1368,H0989,M,4.03,CMM,48.668,13.053,9.083,6.932,4.71,8.153,5.318,6.012,10.778,9.354,NA,NA
6067,10/3/2017,1668,H0989,M,4.62,CMM,55.03,15.562,8.971,7.059,5.555,8.868,6.457,7.032,13.363,11.563,NA,NA
2483,10/8/2015,697,H0994,F,0.19,CMM,19.577,6.707,3.806,3.176,2.113,3.145,1.897,2.062,3.869,3.484,NA,NA
2702,10/28/2015,748,H0994,F,0.24,RH,21.542,7.07,3.894,3.313,2.22,NA,2.066,2.396,4.219,3.831,NA,NA
3197,1/10/2016,873,H0994,F,0.52,CMM,26.872,8.615,4.805,4.226,2.816,3.794,2.874,3.146,5.392,5.028,NA,NA
3663,3/31/2016,1012,H0994,F,1.01,CMM,32.834,10.414,4.753,4.594,3.016,4.838,3.825,4.583,7.103,6.263,NA,NA
4142,7/14/2016,1148,H0994,F,1.18,CMM,34.661,10.505,5.762,4.838,4.05,6.646,4.39,4.846,7.62,7.132,NA,NA
4732,12/1/2016,1324,H0994,F,1.69,CMM,36.051,10.879,5.82,4.821,4.115,5.92,4.302,4.3,7.699,7.001,NA,NA
2486,10/8/2015,698,H0997,F,0.23,CMM,19.502,6.623,3.582,2.838,2.123,3.027,NA,1.869,3.846,3.438,NA,NA
2706,10/28/2015,749,H0997,F,0.29,RH,22.148,7.169,4.188,3.329,2.097,2.948,2.249,2.742,4.685,4.353,NA,NA
3636,3/31/2016,1006,H0998,M,NA,CMM,NA,NA,NA,NA,NA,NA,NA,NA,NA,NA,dead,NA
2458,10/8/2015,692,H0998,M,0.28,CMM,20.601,6.929,3.874,2.906,1.711,2.563,1.822,2.246,3.834,3.63,NA,NA
2786,11/4/2015,769,H0998,M,0.33,CMM,23.545,7.924,4.335,3.455,2.521,3.379,2.365,2.419,4.743,4.623,NA,NA
3244,1/11/2016,886,H0998,M,0.57,RH,27.737,8.823,4.966,3.799,2.899,4.479,3.241,3.5,5.948,5.375,NA,NA
2465,10/8/2015,694,H0999,M,0.25,CMM,19.81,6.421,3.946,2.834,1.936,2.88,1.461,1.906,3.93,3.76,NA,NA
2682,10/28/2015,744,H0999,M,0.36,CMM,23.375,7.914,4.154,3.274,2.294,3.187,2.401,2.771,4.719,4.083,NA,NA
3178,1/10/2016,868,H0999,M,0.57,CMM,26.925,8.698,5.026,3.946,2.681,3.899,2.873,3.067,5.486,5.33,NA,NA
2456,10/8/2015,692,H1000,M,0.28,CMM,21.049,6.802,4.081,2.46,2.098,NA,NA,NA,3.944,NA,NA,NA
2781,11/4/2015,768,H1000,M,0.38,CMM,24.557,8.101,4.447,3.587,2.317,3.374,2.717,2.571,4.867,4.538,NA,NA
3242,1/11/2016,886,H1000,M,0.45,RH,26.819,8.522,4.673,3.487,2.465,3.633,2.537,2.757,5.543,4.913,NA,NA
3713,4/8/2016,1030,H1000,M,1.11,CMM,35.204,10.99,5.553,4.912,3.499,5.102,4.096,4.704,7.554,6.863,NA,NA
4205,7/14/2016,1163,H1000,M,1.74,CMM,38.642,11.695,6.121,4.825,3.457,6.312,4.561,4.792,8.189,7.994,NA,NA
4918,12/5/2016,1367,H1000,M,4.38,CMM,48.783,12.535,9.338,6.944,4.635,8.432,5.742,5.932,10.848,9.614,NA,NA
2466,10/8/2015,694,H1001,M,0.26,CMM,20.429,7.195,3.501,NA,1.96,2.866,2.198,2.607,4.086,3.694,NA,NA
2686,10/28/2015,745,H1001,M,0.31,CMM,23.303,7.851,4.329,3.55,2.236,3.243,2.678,3.246,4.91,4.602,NA,NA
3183,1/10/2016,870,H1001,M,0.52,AN,27.585,9.135,4.478,4.321,2.718,3.673,3.05,3.293,6.11,5.545,NA,NA
3646,3/31/2016,1008,H1001,M,1.15,CMM,34.656,10.988,5.521,4.867,3.195,5.441,4.386,4.965,7.69,7.041,NA,NA
4156,7/14/2016,1151,H1001,M,1.65,CMM,38.731,12.067,6.363,5.748,4.013,7.559,5.13,5.143,9.557,8.294,NA,NA
4722,12/1/2016,1321,H1001,M,3.65,CMM,48.485,13.549,7.514,6.548,5.089,8.274,6.326,6.547,10.514,9.878,NA,NA
2470,10/8/2015,695,H1002,F,0.26,CMM,21.72,7.206,3.741,3.259,1.945,2.72,2.256,2.638,4.232,3.801,NA,NA
2690,10/28/2015,746,H1002,F,0.29,CMM,23.603,7.687,4.004,2.983,2.111,3.77,2.641,2.979,4.45,4.256,NA,NA
3185,1/10/2016,870,H1002,F,0.48,AN,26.914,8.749,4.164,3.991,2.699,3.809,3.18,3.535,5.656,5.61,NA,NA
3647,3/31/2016,1008,H1002,F,1.09,CMM,33.87,10.775,4.78,4.608,3.104,5.048,4.088,4.177,6.818,6.246,NA,NA
4152,7/14/2016,1150,H1002,F,1.35,CMM,36.073,11.072,5.539,4.821,3.438,5.767,4.487,4.322,7.654,7.135,NA,NA
4723,12/1/2016,1321,H1002,F,1.83,CMM,39.726,11.916,5.517,5.011,3.681,6.125,4.516,4.687,7.806,6.955,NA,NA
2487,10/8/2015,698,H1003,F,0.26,CMM,21.216,6.941,3.637,3.133,2.072,3.203,2.292,2.384,4.277,3.717,NA,NA
2707,10/28/2015,749,H1003,F,0.31,RH,23.069,7.386,4.237,3.14,2.105,3.277,2.548,2.94,4.893,4.397,NA,NA
3201,1/10/2016,874,H1003,F,0.58,CMM,27.517,8.855,4.615,3.491,2.537,4.25,3.22,3.427,6.055,5.731,NA,NA
3659,3/31/2016,1011,H1003,F,1.08,CMM,32.812,9.914,5.02,4.333,3.018,5.63,4.227,4.966,7.145,7.294,NA,NA
4144,7/14/2016,1148,H1003,F,1.25,CMM,36.17,10.738,5.444,4.737,3.394,5.966,4.548,4.602,7.924,7.762,NA,NA
4733,12/1/2016,1325,H1003,F,1.84,CMM,38.48,11.455,5.799,5.233,3.638,6.34,4.596,4.879,7.929,7.846,NA,NA
2460,10/8/2015,693,H1007,F,0.23,CMM,20.466,6.156,3.32,2.755,1.673,2.55,2.002,2.458,3.465,3.38,AS - Remeasured Radius and Ulna,RM Set 1
2787,11/4/2015,770,H1007,F,0.26,CMM,22.367,7.768,4.062,3.233,2.24,3.419,2.51,2.771,4.72,4.167,NA,NA
3175,1/10/2016,868,H1007,F,0.55,CMM,26.087,8.319,4.608,4.175,2.609,3.776,2.64,3.122,5.451,5.067,NA,NA
3639,3/31/2016,1006,H1007,F,1,CMM,31.416,9.795,4.789,4.175,3.08,4.919,3.676,3.709,7.182,6.256,NA,NA
4162,7/14/2016,1153,H1007,F,1.27,CMM,33.467,10.28,5.717,5.364,3.334,5.221,3.955,4.185,7.526,6.7,NA,NA
4713,12/1/2016,1318,H1007,F,1.5,CMM,35.995,10.473,6.139,5.566,3.744,6.26,4.547,4.686,7.622,7.35,NA,NA
6065,10/3/2017,1667,H1007,F,1.94,CMM,40.146,10.741,6.51,5.223,4.254,5.464,3.552,3.693,9.102,7.663,NA,NA
2469,10/8/2015,695,H1008,M,0.3,CMM,22.049,7.211,3.777,2.888,2.105,2.567,2.063,2.492,4.085,3.676,NA,NA
2687,10/28/2015,745,H1008,M,0.4,CMM,24.229,7.976,3.806,3.621,2.403,3.531,2.507,2.663,4.598,4.336,NA,NA
3184,1/10/2016,870,H1008,M,0.53,AN,27.917,9.206,4.441,3.913,2.58,4.384,2.981,3.281,5.834,5.375,NA,NA
3648,3/31/2016,1009,H1008,M,1.3,CMM,35.688,10.958,5.525,4.976,3.615,5.454,4.184,4.295,7.551,7.074,NA,NA
4155,7/14/2016,1151,H1008,M,1.84,CMM,40.377,11.912,5.992,5.632,4.11,6.278,5.209,5.418,8.818,8.162,NA,NA
4721,12/1/2016,1320,H1008,M,4.48,CMM,49.542,13.82,7.272,6.972,4.744,7.92,5.965,6.933,11.106,9.734,NA,NA
2475,10/8/2015,696,H1009,M,0.32,CMM,21.442,6.851,3.79,3.335,2.007,3.007,2.195,2.345,4.164,3.828,NA,NA
2693,10/28/2015,746,H1009,M,0.3,CMM,22.861,7.822,3.742,3.268,2.274,3.512,2.101,2.593,4.972,4.127,NA,NA
3189,1/10/2016,871,H1009,M,0.53,CMM,26.941,8.7,4.688,4.009,2.744,3.483,2.778,3.141,5.895,5.188,NA,NA
3654,3/31/2016,1010,H1009,M,1.29,CMM,34.543,10.234,5.576,4.782,3.39,5.524,4.074,4.332,7.152,7.41,NA,NA
4145,7/14/2016,1149,H1009,M,1.65,CMM,41.521,12.318,6.005,5.364,3.963,6.236,4.961,5.078,9.235,8.047,NA,NA
4728,12/1/2016,1323,H1009,M,4.54,CMM,49.445,13.461,7.461,6.488,5.519,6.854,5.279,6.469,11.147,10.048,NA,NA
2464,10/8/2015,694,H1010,M,0.25,CMM,19.972,6.677,3.545,3.083,1.824,2.909,1.589,2.11,3.974,3.268,NA,NA
2684,10/28/2015,744,H1010,M,0.29,CMM,22.735,7.33,4.108,3.264,2.375,3.257,2.135,2.265,4.787,4.132,NA,NA
3180,1/10/2016,869,H1010,M,0.48,AN,27.499,8.737,4.174,4.032,2.617,3.591,2.743,3.21,5.399,5.353,NA,NA
3642,3/31/2016,1007,H1010,M,1.11,CMM,35.659,10.785,5.045,4.599,3.242,5.033,4.323,4.246,7.525,7.213,NA,NA
4159,7/14/2016,1152,H1010,M,1.64,CMM,38.814,11.542,6.312,5.386,4.02,6.073,5.04,5.296,8.34,8.011,NA,NA
4716,12/1/2016,1319,H1010,M,4.05,CMM,48.281,13.06,7.029,7.241,4.975,8.806,5.814,6.226,10.511,9.762,NA,NA
2482,10/8/2015,697,H1011,F,0.28,CMM,21.434,6.976,3.881,3.058,1.97,2.417,1.804,2.082,3.778,3.818,NA,NA
2704,10/28/2015,748,H1011,F,0.37,RH,23.674,7.443,4.2,3.272,2.031,3.528,2.461,2.623,4.78,4.183,NA,NA
3200,1/10/2016,874,H1011,F,0.53,CMM,27.487,8.465,4.571,NA,2.365,3.987,3.123,3.373,5.458,4.672,NA,NA
3664,3/31/2016,1013,H1011,F,1.02,CMM,34.188,10.5,4.951,4.695,3.243,5.075,4.061,3.832,6.933,6.822,NA,NA
4139,7/14/2016,1147,H1011,F,1.28,CMM,35.908,10.47,6.431,4.968,3.631,5.319,3.199,3.781,7.49,6.894,NA,NA
4737,12/1/2016,1326,H1011,F,1.79,CMM,37.967,11.43,6.04,5.056,3.865,5.522,3.315,3.826,8.369,7.668,NA,NA
2484,10/8/2015,698,H1012,M,0.29,CMM,21.841,7.142,4.351,2.859,2.211,NA,NA,NA,4.297,4.125,NA,NA
2700,10/28/2015,748,H1012,M,0.36,RH,23.79,7.495,4.418,3.296,2.378,3.495,2.168,2.403,4.54,4.088,NA,NA
3198,1/10/2016,873,H1012,M,0.65,CMM,29.823,9.339,4.837,4,2.986,4.017,3.463,3.741,6.047,5.545,NA,NA
3661,3/31/2016,1012,H1012,M,1.28,CMM,36.792,11.223,5.401,4.78,3.525,5.945,4.69,5.312,7.744,7.412,NA,NA
4138,7/14/2016,1147,H1012,M,1.9,CMM,42.021,12.371,7.507,5.699,3.916,6.867,4.644,5.546,9.922,8.711,NA,NA
4739,12/1/2016,1327,H1012,M,4.09,CMM,49.646,13.73,7.037,6.881,4.67,8.185,5.835,6.421,10.308,10.045,NA,NA
2485,10/8/2015,698,H1013,M,0.21,CMM,18.452,6.385,3.726,2.923,2.003,2.535,1.462,1.784,3.659,3.229,NA,NA
2701,10/28/2015,748,H1013,M,0.3,RH,21.923,7.302,4.12,3.139,2.243,3.204,2.213,2.377,4.419,4.175,NA,NA
3199,1/10/2016,874,H1013,M,0.65,CMM,27.567,9.2,5.39,4.235,2.964,4.132,2.813,3.284,6.161,5.291,NA,NA
3662,3/31/2016,1012,H1013,M,1.24,CMM,35.832,11.326,5.27,5.222,3.377,5.189,4.223,4.499,8.327,7.256,NA,NA
4137,7/14/2016,1147,H1013,M,2.12,CMM,41.413,12.017,6.299,5.826,3.715,6.798,4.044,4.936,9.949,8.646,NA,NA
4738,12/1/2016,1326,H1013,M,3.77,CMM,46.385,12.994,7.688,7.209,5.265,8.055,5.186,5.946,11.091,9.556,NA,NA
2472,10/8/2015,695,H1016,M,0.24,CMM,19.973,6.876,3.324,2.852,1.816,2.75,NA,2.034,3.914,3.424,NA,NA
2691,10/28/2015,746,H1016,M,0.31,CMM,22.462,7.423,4.16,3.091,2.421,3.005,2.067,2.25,5.128,4.246,NA,NA
3187,1/10/2016,871,H1016,M,0.58,CMM,27.832,8.811,5.036,3.812,2.75,4.11,3.231,3.382,6.096,5.449,NA,NA
3650,3/31/2016,1009,H1016,M,1.32,CMM,35.886,10.498,5.681,4.888,3.132,6.027,3.934,3.922,8.148,7.244,NA,NA
4151,7/14/2016,1150,H1016,M,1.89,CMM,39.749,11.563,6.036,5.518,3.483,6.063,4.722,5.321,9.072,8.377,NA,NA
4724,12/1/2016,1321,H1016,M,4.07,CMM,46.841,13.515,7.227,6.914,4.881,7.555,4.811,5.115,10.449,10.461,NA,NA
2480,10/8/2015,697,H1017,M,0.21,CMM,19.858,6.557,3.431,2.654,1.768,2.643,1.642,1.922,3.946,3.494,NA,NA
2698,10/28/2015,747,H1017,M,0.24,CMM,21.417,7.245,3.893,3.113,2.094,3.051,2.034,2.407,4.543,3.876,NA,NA
3194,1/10/2016,872,H1017,M,0.45,CMM,26.409,8.452,4.419,3.634,2.679,3.681,2.844,2.975,5.556,4.989,NA,NA
3658,3/31/2016,1011,H1017,M,1.31,CMM,36.415,10.891,5.214,4.603,3.439,5.312,4,4.449,7.736,6.987,NA,NA
4140,7/14/2016,1147,H1017,M,1.81,CMM,40.435,12.028,7.39,5.539,3.709,6.944,4.139,4.898,9.431,8.424,NA,NA
4735,12/1/2016,1325,H1017,M,4.51,CMM,49.616,13.794,7.715,6.688,4.694,8.785,5.997,6.491,10.791,10.229,NA,NA
2476,10/8/2015,696,H1018,F,0.27,CMM,21.031,6.96,3.596,NA,1.766,NA,NA,NA,4.015,3.475,NA,NA
2697,10/28/2015,747,H1018,F,0.33,CMM,22.53,7.358,4.11,3.067,2.05,3.42,1.996,2.272,5.056,4.134,NA,NA
3192,1/10/2016,872,H1018,F,0.49,CMM,26.885,8.568,4.748,3.844,2.718,4.07,2.823,3.059,5.39,5.584,NA,NA
3655,3/31/2016,1010,H1018,F,0.87,CMM,30.483,9.451,4.884,4.223,3.055,5.177,3.434,3.62,6.873,6.567,NA,NA
4148,7/14/2016,1149,H1018,F,1.16,CMM,34.245,10.411,5.386,4.566,3.655,6.065,4.006,4.177,7.326,7.2,NA,NA
4729,12/1/2016,1323,H1018,F,1.87,CMM,39.152,11.236,5.585,4.618,3.805,6.166,4.995,5.234,7.72,6.839,NA,NA
2474,10/8/2015,696,H1019,F,0.25,CMM,21.339,7.057,3.69,2.804,1.72,2.644,2.039,2.277,3.625,3.474,NA,NA
2694,10/28/2015,746,H1019,F,0.34,CMM,24.604,7.51,4.124,3.135,2.147,3.341,2.505,2.863,4.642,4.512,NA,NA
3188,1/10/2016,871,H1019,F,0.6,CMM,29.049,8.866,4.802,4.055,3.06,4.112,2.713,3.188,5.975,5.921,NA,NA
3652,3/31/2016,1010,H1019,F,0.99,CMM,33.197,9.917,4.595,4.414,2.996,4.593,3.706,3.863,6.904,6.391,NA,NA
4150,7/14/2016,1150,H1019,F,1.57,CMM,35.733,9.989,5.796,5.246,3.734,5.702,4.014,3.939,7.994,7.217,NA,NA
4725,12/1/2016,1322,H1019,F,1.75,CMM,38.448,10.778,5.957,5.448,4.246,5.269,3.64,4.056,7.654,6.965,NA,NA
2471,10/8/2015,695,H1020,F,0.23,CMM,19.875,6.873,3.541,2.846,1.985,2.856,NA,NA,3.956,3.454,NA,NA
2688,10/28/2015,745,H1020,F,0.31,CMM,23.002,7.39,4.561,3.224,2.361,3.223,2.18,2.198,4.551,4.096,NA,NA
3182,1/10/2016,869,H1020,F,0.51,AN,27.111,8.522,4.389,3.91,2.899,3.733,2.957,3.27,5.846,5.114,NA,NA
3645,3/31/2016,1008,H1020,F,1.1,CMM,34.172,10.106,5.254,4.755,3.229,5.257,4.124,4.47,7.095,6.697,NA,NA
4154,7/14/2016,1151,H1020,F,1.38,CMM,35.374,10.516,5.423,4.75,3.441,5.998,4.478,4.69,7.284,6.963,NA,NA
4719,12/1/2016,1320,H1020,F,2.02,CMM,39.699,11.405,5.839,5.422,4.039,6.209,4.933,5.357,8.641,7.418,NA,NA
2461,10/8/2015,693,H1022,F,0.21,CMM,19.712,6.609,3.36,NA,1.824,2.582,NA,NA,3.955,3.355,AS - 2 X-Rays Labeled 1022,RM Set 1
2680,10/28/2015,744,H1022,F,0.27,CMM,21.787,7.143,3.993,3.15,2.005,3.14,2.356,2.43,4.723,3.928,NA,NA
3179,1/10/2016,869,H1022,F,0.46,AN,27.248,9.506,4.01,3.593,2.93,4.129,3.058,3.264,5.639,5.084,NA,NA
3643,3/31/2016,1007,H1022,F,1.12,CMM,32.686,10.028,4.998,4.897,3.416,4.633,3.184,3.562,7.035,6.521,NA,NA
4158,7/14/2016,1152,H1022,F,1.56,CMM,35.971,10.692,5.317,5.343,3.783,5.48,3.547,3.746,8.049,7.129,NA,NA
4717,12/1/2016,1319,H1022,F,1.8,CMM,39.011,11.277,5.767,5.088,4.048,5.512,3.523,3.922,8.403,7.536,NA,NA
2468,10/8/2015,694,H1023,M,0.22,CMM,19.996,6.684,3.684,2.625,1.616,2.572,1.89,2.004,3.764,3.368,NA,NA
2689,10/28/2015,745,H1023,M,0.28,CMM,21.746,7.2,4.007,3.048,2.13,3.089,2.079,2.196,4.605,4.236,NA,NA
3186,1/10/2016,870,H1023,M,0.52,AN,28.218,9.009,4.262,3.673,2.704,3.545,2.582,2.731,5.731,5.485,NA,NA
3649,3/31/2016,1009,H1023,M,1.04,CMM,33.613,11.067,5.511,4.745,3.458,5.445,4.316,4.367,7.731,7.014,NA,NA
4153,7/14/2016,1151,H1023,M,1.81,CMM,40.931,12.28,6.166,5.252,3.906,6.21,5.016,5.134,9.416,8.15,NA,NA
4720,12/1/2016,1320,H1023,M,3.97,CMM,47.06,13.029,7.714,6.445,4.545,7.106,4.746,5.478,10.863,9.729,NA,NA
2462,10/8/2015,693,H1024,M,0.21,CMM,19.535,6.842,3.709,NA,1.63,3.067,2,2.282,3.941,3.662,NA,NA
2683,10/28/2015,744,H1024,M,0.28,CMM,21.766,7.139,3.81,2.956,2.064,2.844,2.082,2.335,4.483,4.161,NA,NA
3176,1/10/2016,868,H1024,M,0.6,CMM,28.637,9.267,4.633,3.97,2.741,4.086,2.993,3.365,6.042,5.615,NA,NA
3640,3/31/2016,1007,H1024,M,1.26,CMM,35.312,11.171,5.503,5.082,3.332,5.374,4.412,4.341,7.19,6.811,NA,NA
4161,7/14/2016,1153,H1024,M,1.67,CMM,39.288,11.522,5.726,5.536,3.822,6.094,4.783,4.539,9.117,8.197,NA,NA
4714,12/1/2016,1318,H1024,M,3.88,CMM,47.78,12.978,7.692,6.662,4.588,7.771,5.691,5.995,10.718,9.977,NA,NA
2473,10/8/2015,695,H1028,M,0.24,CMM,20.687,6.848,3.813,3.02,2.098,2.844,1.978,2.323,4.054,3.702,NA,NA
2692,10/28/2015,746,H1028,M,0.33,CMM,23.564,7.668,3.827,3.005,2.193,3.159,2.246,2.759,4.726,4.401,NA,NA
3190,1/10/2016,871,H1028,M,0.53,CMM,28.352,9.112,4.444,3.999,2.804,3.849,3.07,3.805,5.901,5.148,NA,NA
3651,3/31/2016,1009,H1028,M,1.22,CMM,36.233,11.298,5.243,4.911,3.407,5.946,4.562,4.664,8.007,7.376,NA,NA
4149,7/14/2016,1150,H1028,M,1.73,CMM,41.82,12.388,6.354,5.668,4.094,7.367,5.557,5.79,9.3,8.656,NA,NA
4726,12/1/2016,1322,H1028,M,4.49,CMM,47.843,13.194,7.774,6.857,4.917,8.113,4.196,5.102,10.734,9.838,NA,NA
2509,10/19/2015,703,H1030,M,0.23,AN,20.958,7.165,3.543,2.773,1.843,2.518,1.855,2.292,3.713,3.541,JG remeasured SVL,Mass/SVL check
2766,11/4/2015,765,H1030,M,0.22,CMM,21.287,7.177,3.627,2.76,1.853,3.154,1.864,2.273,4.178,3.766,NA,NA
3226,1/11/2016,882,H1030,M,0.41,RH,26.154,8.525,4.353,3.357,2.453,3.73,2.705,2.986,5.217,5.158,NA,NA
3698,4/8/2016,1026,H1030,M,0.98,CMM,33.573,10.386,5.41,4.645,3.254,4.978,3.821,4.29,7.19,6.563,NA,NA
4190,7/14/2016,1160,H1030,M,1.39,CMM,36.58,11.31,5.439,5.133,3.321,4.834,2.937,3.278,7.908,7.175,NA,NA
4905,12/5/2016,1362,H1030,M,3.92,CMM,46.053,12.603,9.915,7.233,4.955,6.933,4.227,4.919,10.755,9.022,NA,NA
6091,10/12/2017,1673,H1034,M,4.83,CMM,55.332,16.404,8.711,7.658,5.77,7.806,5.715,6.391,13.656,11.747,AS - Remeasured Radius,RM Set 1
2502,10/19/2015,701,H1034,M,0.28,CMM,21.011,6.83,4.166,2.839,1.897,3.29,1.81,2.032,3.866,3.63,NA,NA
2850,11/10/2015,784,H1034,M,0.32,CMM,23.4,7.673,4.205,3.228,2.301,3.232,2.476,2.645,4.768,4.348,NA,NA
3217,1/11/2016,880,H1034,M,0.44,RH,26.178,8.814,4.837,3.932,2.689,3.371,2.78,3.289,5.409,4.976,NA,NA
3690,4/8/2016,1024,H1034,M,1.01,CMM,32.229,10.467,5.37,5.133,3.606,5.471,3.724,4.379,6.865,6.416,NA,NA
4183,7/14/2016,1158,H1034,M,1.51,CMM,37.778,11.877,5.32,4.981,3.458,5.316,4.596,4.23,8.196,7.828,NA,NA
4947,12/8/2016,1378,H1034,M,4.01,CMM,49.226,14.175,5.875,7.008,4.933,7.908,5.724,5.966,9.587,9.754,NA,NA
2519,10/19/2015,705,H1036,M,0.27,AN,22.225,7.518,3.874,3.118,2.195,2.831,2.255,2.713,4.283,3.922,JG remeasured SVL,Mass/SVL check
2775,11/4/2015,767,H1036,M,0.29,CMM,23.318,7.768,3.923,3.267,2.267,3.41,2.507,2.53,4.594,4.311,NA,NA
3235,1/11/2016,884,H1036,M,0.39,CMM,25.834,8.12,3.911,NA,2.405,3.678,2.823,2.862,5.108,5.068,NA,NA
3707,4/8/2016,1028,H1036,M,0.89,CMM,31.879,10.496,4.996,4.859,3.302,5.114,3.863,4.181,7.077,6.472,NA,NA
4199,7/14/2016,1162,H1036,M,1.18,CMM,36.631,11.747,5.576,5.064,3.75,5.72,4.533,4.985,8.281,7.922,NA,NA
4912,12/5/2016,1365,H1036,M,4,CMM,49.877,13.949,8.695,7.439,4.306,7.696,5.683,6.424,10.69,10.347,NA,NA
6063,10/3/2017,1666,H1036,M,5.32,CMM,55.145,14.697,7.984,7.271,5.381,8.806,6.21,6.962,13.025,11.574,NA,NA
4908,12/5/2016,1363,H1037,M,3.91,CMM,49.46,12.743,8.793,6.73,4.531,7.184,4.205,4.96,11.112,9.011,AS - Remeasured Ulna,RM Set 1
2517,10/19/2015,704,H1037,M,0.19,AN,19.413,6.247,3.42,2.328,1.743,2.635,1.562,2.072,3.72,3.272,JG remeasured SVL,Mass/SVL check
2771,11/4/2015,766,H1037,M,0.2,CMM,20.365,6.596,3.732,2.621,1.892,2.749,1.727,2.189,4.046,3.658,NA,NA
3231,1/11/2016,883,H1037,M,0.4,RH,26.36,8.401,4.379,3.332,2.275,3.647,3.204,3.314,5.431,4.892,NA,NA
3703,4/8/2016,1027,H1037,M,0.94,CMM,32.769,9.979,5.938,4.483,3.33,4.722,3.465,3.847,7.111,6.326,NA,NA
4195,7/14/2016,1161,H1037,M,1.4,CMM,40.236,11.449,5.851,5.186,3.59,5.963,4.234,4.615,9.427,8.27,NA,NA
6064,10/3/2017,1667,H1037,M,5.21,CMM,49.951,12.808,9.317,6.544,5.25,8.824,5.613,6.424,12.721,9.589,NA,NA
4200,7/14/2016,1162,H1038,F,1.31,CMM,35.124,9.84,5.134,5.31,3.196,5.441,3.807,3.785,8.122,6.68,AS - Remeasured Pectoral,RM Set 1
4914,12/5/2016,1365,H1038,F,1.74,CMM,39.464,10.936,7.082,5.318,3.561,5.955,3.933,4.361,7.885,7.085,AS - Remeasured Pelvic,RM Set 1
2520,10/19/2015,705,H1038,F,0.29,AN,21.087,6.875,3.646,3.179,2.311,3.001,1.996,2.42,3.85,3.501,JG remeasured SVL,Mass/SVL check
2776,11/4/2015,767,H1038,F,0.3,CMM,22.751,7.281,4.109,3.32,2.471,3.501,2.115,2.486,4.729,4.205,NA,NA
3236,1/11/2016,884,H1038,F,0.49,CMM,27.006,8.317,4.385,3.744,2.519,3.586,2.32,2.565,5.325,4.96,NA,NA
3708,4/8/2016,1029,H1038,F,1.03,CMM,32.628,9.788,5.102,4.927,3.156,5.067,3.497,4.394,6.947,5.813,NA,NA
4920,12/5/2016,1367,H1039,F,1.8,CMM,38.235,11.314,6.992,5.288,3.569,4.979,2.749,3.455,7.541,6.769,AS - Remeasured Radius,RM Set 1
2454,10/8/2015,692,H1039,F,0.2,CMM,19.499,6.625,3.673,2.845,1.835,2.382,NA,NA,3.624,3.509,NA,NA
2783,11/4/2015,769,H1039,F,0.31,CMM,24.184,7.747,4.213,3.062,2.313,3.131,2.468,2.542,4.655,4.498,NA,NA
3243,1/11/2016,886,H1039,F,0.46,RH,27.06,8.689,4.497,3.556,2.496,3.231,2.716,3.23,5.162,4.935,NA,NA
4207,7/14/2016,1164,H1039,F,1.53,CMM,36.309,10.472,5.455,4.921,3.648,5.801,4.205,4.817,7.84,6.896,NA,NA
6075,10/3/2017,1670,H1039,F,2.19,CMM,40.544,11.191,5.922,4.879,4.992,5.903,4.566,4.823,8.872,7.695,NA,NA
2508,10/19/2015,703,H1040,M,0.25,AN,24.445,7.524,3.635,2.991,2.172,2.747,1.775,2.484,4.119,3.81,AS - Remeasured Head Length,RM Set 1
2767,11/4/2015,766,H1040,M,0.31,CMM,23.568,7.279,4.065,3.287,2.13,3.399,2.016,2.281,4.548,4.198,NA,NA
3227,1/11/2016,882,H1040,M,0.45,RH,27.392,8.498,4.707,3.518,2.623,3.68,3.061,3.08,5.653,4.724,NA,NA
3700,4/8/2016,1027,H1040,M,1.26,CMM,36.398,10.638,5.467,5.01,3.59,5.234,3.777,4.209,7.656,7.005,NA,NA
4192,7/14/2016,1160,H1040,M,1.83,CMM,42.033,11.802,5.602,5.384,3.865,6.587,5.071,4.672,9.196,8.511,NA,NA
4903,12/5/2016,1362,H1040,M,4.86,CMM,48.443,12.397,10.285,7.546,5.002,8.52,5.439,5.805,10.624,9.506,NA,NA
2518,10/19/2015,705,H1041,M,0.3,AN,22.537,7.602,3.486,3.537,2.426,2.754,1.77,2.248,4.284,3.938,JG remeasured SVL,Mass/SVL check
2777,11/4/2015,768,H1041,M,0.36,CMM,23.731,7.544,5.02,3.63,2.015,3.32,2.378,2.677,4.767,4.708,NA,NA
3238,1/11/2016,885,H1041,M,0.52,RH,27.391,8.447,4.906,3.999,2.829,3.891,2.77,2.938,5.714,5.098,NA,NA
3709,4/8/2016,1029,H1041,M,1.02,CMM,35.038,10.665,5.27,5.026,3.206,5.488,4.237,4.606,7.321,6.968,NA,NA
4201,7/14/2016,1162,H1041,M,1.51,CMM,37.466,11.112,5.864,5.056,3.542,6.742,4.542,4.992,8.544,7.83,NA,NA
4913,12/5/2016,1365,H1041,M,3.73,CMM,48.036,12.997,8.355,6.532,4.623,7.858,5.038,5.403,10.342,8.886,NA,NA
6062,10/3/2017,1666,H1041,M,5.75,CMM,53.307,13.873,8.373,7.21,5.443,7.119,5.694,6.499,11.807,10.316,NA,NA
2512,10/19/2015,703,H1042,M,0.21,AN,19.694,6.567,3.519,2.945,1.955,2.783,2.162,2.346,3.865,3.374,JG remeasured SVL,Mass/SVL check
2858,11/10/2015,786,H1042,M,0.28,CMM,22.184,7.272,4.077,3.131,2.135,3.767,1.984,2.187,4.459,3.769,NA,NA
3224,1/11/2016,881,H1042,M,0.48,RH,26.582,8.309,4.81,3.761,2.648,3.443,2.963,2.321,5.301,4.738,NA,NA
3696,4/8/2016,1026,H1042,M,1.34,CMM,34.13,10.473,5.964,5.2,3.234,5.515,3.414,4.024,7.195,6.522,NA,NA
4188,7/14/2016,1159,H1042,M,1.82,CMM,41.712,12.053,5.925,6.053,4.351,6.453,4.881,5.005,9.015,8.009,NA,NA
4901,12/5/2016,1361,H1042,M,4.13,CMM,48.584,12.67,9.115,7.778,5.447,8.538,5.164,5.946,9.68,9.369,NA,NA
3753,4/17/2016,1042,H1043,M,1.46,CMM,36.598,12.031,4.738,3.986,3.704,6.074,3.218,3.398,8.309,7.892,"AS - Remeasured Head Length, Pevlic, Humerus, Femur, and Tibia",RM Set 1
2501,10/19/2015,701,H1043,M,0.24,CMM,19.923,7.046,3.864,2.777,1.954,2.564,NA,NA,3.927,3.723,NA,NA
2849,11/10/2015,784,H1043,M,0.29,CMM,22.04,7.4,4.197,3.242,2.405,3.313,2.258,2.568,4.722,4.15,NA,NA
3312,1/25/2016,906,H1043,M,0.58,CMM,27.984,9.152,4.384,4.01,2.595,4.013,3.344,3.265,5.773,5.654,NA,NA
4255,7/20/2016,1176,H1043,M,1.98,CMM,40.849,10.844,7.629,5.876,3.698,6.968,4.798,4.969,9.154,8.137,NA,NA
4943,12/8/2016,1376,H1043,M,4.71,CMM,49.751,13.88,5.641,5.987,4.829,6.591,4.58,4.999,10.471,9.714,NA,NA
6108,10/12/2017,1678,H1043,M,6.02,CMM,52.129,15.275,8.192,7.493,5.759,6.896,4.678,5.619,12.451,10.092,NA,NA
2507,10/19/2015,702,H1044,M,0.22,AN,19.396,6.724,3.54,2.317,2.057,2.756,1.471,2.031,4.015,3.735,JG remeasured SVL,Mass/SVL check
2856,11/10/2015,786,H1044,M,0.24,CMM,21.402,7.008,4.005,2.753,2.011,2.724,1.833,1.978,4.603,3.869,NA,NA
3223,1/11/2016,881,H1044,M,0.42,RH,26.121,7.986,4.521,4.204,2.614,4.086,2.969,3.075,5.38,4.774,NA,NA
3695,4/8/2016,1025,H1044,M,1.21,CMM,34.856,10.521,5.738,5.033,3.595,5.75,3.838,4.059,7.936,6.984,NA,NA
4187,7/14/2016,1159,H1044,M,1.64,CMM,40.065,11.796,5.944,5.521,4.186,6.542,5.159,5.261,9.433,8.228,NA,NA
4949,12/8/2016,1379,H1044,M,4.09,CMM,48.906,13.221,5.85,6.289,4.645,6.792,5.011,5.199,10.274,10.015,NA,NA
2503,10/19/2015,702,H1045,M,0.24,AN,20.409,6.88,3.425,NA,2.024,2.573,2.026,2.373,3.977,3.433,JG remeasured SVL; Pectoral unclear,Mass/SVL check
2851,11/10/2015,785,H1045,M,0.3,CMM,22.493,7.375,3.901,3.286,1.989,3.063,2.132,2.37,4.666,4.231,NA,NA
3219,1/11/2016,880,H1045,M,0.39,RH,25.552,8.403,4.258,3.4,2.211,3.666,2.88,3.084,5.515,5.125,NA,NA
3689,4/8/2016,1024,H1045,M,1.1,CMM,34.998,10.79,5.169,4.885,3.443,5.194,4.019,4.53,7.772,6.826,NA,NA
4182,7/14/2016,1158,H1045,M,1.48,CMM,38.147,11.04,5.509,5.171,3.289,6.007,4.704,4.348,8.517,8.436,NA,NA
4946,12/8/2016,1378,H1045,M,4.35,CMM,47.107,13.104,6.131,6.694,4.678,7.449,5.883,5.418,9.464,10.126,NA,NA
6093,10/12/2017,1673,H1045,M,5.09,CMM,52.192,14.43,9.034,6.601,5.682,8.498,6.636,7.446,13.352,11.373,NA,NA
2511,10/19/2015,703,H1046,M,0.28,AN,21.059,6.718,3.517,3.093,1.949,2.711,2.191,2.648,3.812,3.399,NA,NA
2857,11/10/2015,786,H1046,M,0.32,CMM,22.869,7.563,4.011,3.16,2.123,3.5,2.49,2.833,5.207,4.659,NA,NA
3225,1/11/2016,882,H1046,M,0.48,RH,27.152,8.933,4.606,3.676,2.482,3.811,2.941,3.433,5.808,5.326,NA,NA
3697,4/8/2016,1026,H1046,M,1.24,CMM,34.012,10.587,5.652,5.228,3.783,5.458,4.238,4.407,7.582,7.09,NA,NA
4189,7/14/2016,1159,H1046,M,1.68,CMM,39.412,12.233,6.207,5.695,3.901,6.224,4.994,5.023,9.153,8.632,NA,NA
4902,12/5/2016,1361,H1046,M,4.11,CMM,45.869,12.631,9.358,7.203,5.045,8.013,5.885,6.28,11.67,9.755,NA,NA
6111,10/12/2017,1679,H1046,M,5.53,CMM,51.566,15.116,8.562,7.3,5.719,8.979,6.821,7.856,13.366,10.576,NA,NA
2515,10/19/2015,704,H1047,F,0.29,AN,24.141,6.962,3.624,2.838,1.949,2.856,2.214,2.673,4.131,3.853,NA,NA
2768,11/4/2015,766,H1047,F,0.35,CMM,24.353,8.062,3.994,2.719,2.152,3.442,2.646,3.085,5.311,4.83,NA,NA
3228,1/11/2016,882,H1047,F,0.41,RH,25.735,8.397,4.818,3.544,2.642,3.611,2.943,2.967,5.644,5.301,NA,NA
3699,4/8/2016,1026,H1047,F,1,CMM,32.66,10.268,4.723,4.219,3.252,5.336,3.869,4.425,7.198,6.482,NA,NA
4906,12/5/2016,1363,H1047,F,1.81,CMM,38.479,11.087,7.532,5.602,3.547,6.584,4.191,4.552,8.346,7.617,NA,NA
6084,10/3/2017,1672,H1047,F,2.81,CMM,43.558,11.448,7.254,5.79,4.716,6.288,5.019,5.531,10.107,8.382,NA,NA
4191,7/14/2016,1160,H1047,F,1.42,CMM,35.863,10.991,5.136,5.279,3.682,5.957,4.643,4.407,7.86,7.471,radius + ulna somewhat unclear,NA
2522,10/19/2015,705,H1048,F,0.28,AN,24.91,6.943,3.371,3.078,2.064,2.909,1.758,2.247,4.189,3.7,AS - Remeasured Femur,RM Set 1
2774,11/4/2015,767,H1048,F,0.31,CMM,22.565,7.352,3.945,NA,2.323,3.064,2.182,2.252,4.854,4.159,NA,NA
3234,1/11/2016,884,H1048,F,0.42,CMM,25.007,7.919,4.353,3.565,2.543,3.841,2.75,2.916,5.342,4.852,NA,NA
3706,4/8/2016,1028,H1048,F,0.86,CMM,30.853,9.716,5.046,4.336,3.116,4.997,3.396,3.7,6.498,6.521,NA,NA
4198,7/14/2016,1162,H1048,F,1.12,CMM,32.858,10.207,5.598,4.543,3.148,5.125,4.036,4.065,7.506,7.382,NA,NA
4911,12/5/2016,1364,H1048,F,1.56,CMM,35.948,10.253,7.122,5.032,3.099,5.249,3.616,3.757,7.376,6.934,NA,NA
6066,10/3/2017,1667,H1048,F,2.1,CMM,38.128,10.811,6.375,4.764,4.032,5.958,4.267,4.878,8.102,6.342,NA,NA
4948,12/8/2016,1379,H1049,M,4.16,CMM,48.266,12.794,5.699,6.279,4.805,7.171,4.422,4.81,10.744,9.76,AS - Remeasured Humerus and Ulna,RM Set 1
2505,10/19/2015,702,H1049,M,0.28,AN,21.781,7.371,3.744,3.111,1.895,2.998,2.344,2.604,4.078,3.675,JG remeasured SVL,Mass/SVL check
2853,11/10/2015,785,H1049,M,0.35,CMM,24.871,7.97,4.358,3.311,2.3,3.449,2.498,2.811,4.667,4.519,NA,NA
3220,1/11/2016,880,H1049,M,0.44,RH,26.647,8.593,4.637,3.402,2.372,3.656,2.755,2.998,5.52,5.222,NA,NA
3692,4/8/2016,1025,H1049,M,1.14,CMM,34.855,10.424,5.683,4.743,3.424,5.536,4.124,4.531,7.377,6.752,NA,NA
4186,7/14/2016,1159,H1049,M,1.62,CMM,38.513,11.315,5.837,5.15,3.996,6.351,5.028,4.49,8.399,7.73,NA,NA
6109,10/12/2017,1679,H1049,M,4.71,CMM,49.658,12.955,8.168,6.653,5.244,8.682,6.15,6.776,11.472,10.194,NA,NA
2513,10/19/2015,704,H1054,F,0.19,AN,18.839,6.672,3.422,2.311,2.098,2.709,1.515,1.937,3.724,3.291,JG remeasured SVL,Mass/SVL check
2770,11/4/2015,766,H1054,F,0.23,CMM,21.235,7.213,3.881,2.817,2.016,2.938,1.473,2.033,4.226,3.683,NA,NA
3230,1/11/2016,883,H1054,F,0.4,RH,25.765,8.741,4.484,3.287,2.236,3.633,2.912,3.33,4.988,5.156,NA,NA
3702,4/8/2016,1027,H1054,F,0.88,CMM,31.849,9.439,5.129,4.269,2.748,4.698,3.595,3.829,6.848,6.592,NA,NA
4194,7/14/2016,1161,H1054,F,1.17,CMM,34.254,10.072,5.828,4.822,3.249,5.685,3.983,4.342,7.339,6.725,NA,NA
4907,12/5/2016,1363,H1054,F,1.8,CMM,37.955,10.62,7.414,5.438,3.163,5.714,3.84,4.176,7.594,6.666,NA,NA
6068,10/3/2017,1668,H1054,F,2.19,CMM,40.576,10.88,6.376,4.843,3.938,5.887,4.222,4.916,8.402,6.577,NA,NA
2514,10/19/2015,704,H1055,M,0.26,AN,20.815,6.564,3.547,2.842,1.84,2.581,2.074,2.462,3.898,3.569,JG remeasured SVL,Mass/SVL check
2772,11/4/2015,767,H1055,M,0.25,CMM,22.543,6.857,3.999,2.948,1.961,3.117,1.949,2.009,4.357,4.132,NA,NA
3232,1/11/2016,883,H1055,M,0.42,RH,25.235,8.009,4.721,3.751,2.697,3.682,2.644,2.982,5.309,4.739,NA,NA
3704,4/8/2016,1028,H1055,M,1.12,CMM,33.895,10.239,5.185,4.938,3.229,4.697,3.227,4.028,7.293,6.552,NA,NA
4196,7/14/2016,1161,H1055,M,1.36,CMM,38.394,11.392,5.836,5.166,3.529,5.791,4.398,5.398,8.755,8.3,NA,NA
4909,12/5/2016,1364,H1055,M,3.79,CMM,46.975,12.213,8.179,7.018,4.848,7.552,4.647,5.231,9.364,8.772,NA,NA
6070,10/3/2017,1669,H1055,M,5.7,CMM,49.417,13.218,8.255,7.148,5.317,8.688,5.261,5.27,11.599,9.266,NA,NA
2510,10/19/2015,703,H1056,F,0.24,AN,20.48,6.589,3.711,2.951,2.025,2.759,1.956,2.44,3.859,3.645,JG remeasured SVL,Mass/SVL check
2855,11/10/2015,785,H1056,F,0.26,CMM,22.627,7.182,4.094,3.396,2.174,3.565,2.205,2.576,4.42,4.231,NA,NA
3221,1/11/2016,881,H1056,F,0.4,RH,25.904,8.385,4.474,3.675,2.48,3.736,3.04,3.561,5.607,4.706,NA,NA
3693,4/8/2016,1025,H1056,F,1.15,CMM,33.791,10.333,5.016,4.995,3.548,5.56,3.548,4.127,7.133,6.831,NA,NA
4185,7/14/2016,1158,H1056,F,1.58,CMM,35.609,10.376,5.655,5.469,3.941,5.377,3.33,3.306,7.474,7.43,NA,NA
4945,12/8/2016,1377,H1056,F,2.24,CMM,40.011,11.33,5.125,5.416,3.587,5.667,4.46,4.347,7.843,7.406,NA,NA
6094,10/12/2017,1674,H1056,F,2.69,CMM,42.188,11.895,6.251,5.307,4.03,5.569,4.324,4.916,8.621,7.952,NA,NA
2524,10/19/2015,706,H1059,F,0.29,AN,22.253,7.441,3.826,3.276,2.166,2.823,2.021,2.348,4.293,3.857,JG remeasured SVL,Mass/SVL check
2778,11/4/2015,768,H1059,F,0.3,CMM,22.724,7.582,4.344,3.459,2.331,3.676,2.237,2.353,4.49,4.278,NA,NA
3237,1/11/2016,885,H1059,F,0.46,RH,26.612,8.245,4.382,3.594,2.452,3.694,2.716,2.927,5.546,5.037,NA,NA
3710,4/8/2016,1029,H1059,F,0.88,CMM,33.043,10.341,4.856,4.551,3.152,4.735,3.267,3.595,7.011,6.621,NA,NA
4202,7/14/2016,1163,H1059,F,1.28,CMM,36.305,10.957,5.752,5.434,3.709,6.092,4.005,4.25,7.897,7.063,NA,NA
4915,12/5/2016,1366,H1059,F,1.68,CMM,40.108,11.637,6.839,5.288,3.927,6.195,4.255,4.672,8.136,7.393,NA,NA
2516,10/19/2015,704,H1062,F,0.25,AN,20.352,7.426,3.501,3.312,2.024,2.539,1.649,2.071,3.606,3.287,JG remeasured SVL,Mass/SVL check
2769,11/4/2015,766,H1062,F,0.28,CMM,21.473,7.007,4.202,3.127,2.217,2.984,1.856,2.196,4.311,3.841,NA,NA
3229,1/11/2016,883,H1062,F,0.43,RH,26.13,8.627,4.355,3.601,2.325,3.378,2.967,3.492,5.405,5.153,NA,NA
3701,4/8/2016,1027,H1062,F,1.02,CMM,32.032,9.962,5.215,4.927,3.187,4.808,3.331,3.529,7.948,6.691,NA,NA
4193,7/14/2016,1160,H1062,F,1.31,CMM,35.826,10.871,4.961,4.893,3.161,5.042,4.11,4.187,7.142,6.819,NA,NA
4904,12/5/2016,1362,H1062,F,1.72,CMM,37.08,11.027,7.282,5.206,3.69,6.08,4.164,4.505,7.826,7.355,NA,NA
6072,10/3/2017,1669,H1062,F,2.19,CMM,41.495,11.534,6.122,4.942,4.096,6.146,4.368,4.816,8.64,7.359,NA,NA
2455,10/8/2015,692,H1063,F,0.23,CMM,20.331,6.714,3.608,2.923,1.735,2.716,NA,2.339,4.284,3.702,NA,NA
2782,11/4/2015,769,H1063,F,0.28,CMM,22.401,7.369,4.133,3.258,2.05,3.585,2.165,2.102,4.417,4.047,NA,NA
3241,1/11/2016,886,H1063,F,0.43,RH,26.111,8.319,4.762,3.651,2.27,3.826,3.11,3.439,5.298,4.93,NA,NA
3714,4/8/2016,1030,H1063,F,0.86,CMM,30.827,9.469,4.772,4.25,3.065,4.601,3.601,3.658,6.932,6.308,NA,NA
4206,7/14/2016,1164,H1063,F,1.42,CMM,34.642,10.024,5.834,4.785,3.268,6.208,4.123,4.705,7.257,6.658,NA,NA
4919,12/5/2016,1367,H1063,F,1.71,CMM,39.424,10.928,6.906,4.86,3.608,5.988,3.99,4.277,8.115,7.323,NA,NA
6061,10/3/2017,1666,H1063,F,2.28,CMM,41.213,11.029,6.197,4.517,4.498,6.597,4.879,4.707,8.259,7.119,NA,NA
2523,10/19/2015,706,H1065,F,0.27,AN,21.841,7.394,3.603,3.387,2.176,2.891,2.098,2.453,3.993,3.46,JG remeasured SVL,Mass/SVL check
2779,11/4/2015,768,H1065,F,0.31,CMM,23.552,7.58,4.132,2.973,2.457,3.382,2.526,2.554,4.396,4.024,NA,NA
3240,1/11/2016,885,H1065,F,0.47,RH,27.125,8.432,4.394,3.66,2.571,3.448,2.973,3.076,5.384,4.854,NA,NA
3712,4/8/2016,1030,H1065,F,0.97,CMM,31.365,9.663,5.24,4.755,3.417,5.318,3.598,3.758,6.984,5.774,NA,NA
4204,7/14/2016,1163,H1065,F,1.23,CMM,34.924,10.325,5.523,4.785,3.366,4.887,4.123,4.117,7.23,6.85,NA,NA
4917,12/5/2016,1366,H1065,F,1.71,CMM,36.416,10.48,7.387,5.542,3.182,5.229,3.587,4.18,7.843,6.682,NA,NA
6069,10/3/2017,1668,H1065,F,2.35,CMM,41.229,11.829,6.484,4.993,4.339,6.622,4.952,5.112,8.71,7.498,NA,NA
2521,10/19/2015,705,H1068,F,0.19,AN,20.841,6.281,3.567,2.873,1.882,2.33,1.568,1.978,3.475,3.36,NA,NA
2773,11/4/2015,767,H1068,F,0.27,CMM,22.319,7.229,3.762,2.814,1.985,2.89,2.133,2.545,4.358,3.925,NA,NA
3233,1/11/2016,884,H1068,F,0.41,CMM,25.027,7.963,4.302,3.674,2.58,3.134,2.57,2.925,5.174,4.823,NA,NA
3705,4/8/2016,1028,H1068,F,0.96,CMM,32.403,9.765,4.927,4.408,2.908,4.617,3.326,3.637,6.853,6.221,NA,NA
4197,7/14/2016,1161,H1068,F,1.16,CMM,35.916,10.979,5.271,4.662,3.223,5.76,4.459,4.563,7.693,7.685,NA,NA
4910,12/5/2016,1364,H1068,F,1.76,CMM,38.263,11.071,7.031,5.542,3.351,5.478,3.524,3.877,8.061,7.046,NA,NA
6071,10/3/2017,1669,H1068,F,2.16,CMM,42.931,11.918,6.041,5.027,4.128,6.528,5.275,5.705,9.341,8.14,NA,NA
2525,10/19/2015,706,H1069,F,0.27,AN,24.06,6.914,3.604,3.104,1.998,2.661,1.946,2.456,4.091,3.667,AS - Remeasured Femur,RM Set 1
2780,11/4/2015,768,H1069,F,0.33,CMM,23.42,7.733,4.155,3.231,2.217,3.282,2.163,2.312,4.478,4.164,NA,NA
3239,1/11/2016,885,H1069,F,0.54,RH,27.659,8.87,4.717,3.649,2.374,3.402,2.818,3.595,5.524,5.53,NA,NA
3711,4/8/2016,1029,H1069,F,1.03,CMM,32.959,10.491,5.063,4.472,2.892,4.581,3.571,3.755,6.604,6.337,NA,NA
4203,7/14/2016,1163,H1069,F,1.19,CMM,33.866,10.589,5.461,4.844,3.31,6.078,4.542,4.555,7.44,6.616,NA,NA
4916,12/5/2016,1366,H1069,F,1.82,CMM,37.425,10.998,7.388,5.1,3.439,5.897,4.101,4.343,7.928,7.126,NA,NA
6074,10/3/2017,1670,H1069,F,2.07,CMM,38.297,11.011,6.4,5.081,3.715,6.029,4.569,5.101,7.376,6.597,NA,NA
2506,10/19/2015,702,H1070,M,0.22,AN,23.009,6.759,3.484,2.917,1.978,2.837,1.674,2.025,3.841,3.422,AS - Remeasured Tibia,RM Set 1
2852,11/10/2015,785,H1070,M,0.28,CMM,22.012,7.104,4.346,3.401,2.205,2.945,2.104,2.383,4.65,4.006,NA,NA
3218,1/11/2016,880,H1070,M,0.37,RH,26.042,8.492,4.413,3.604,2.306,3.449,2.662,3.14,5.112,4.727,NA,NA
3691,4/8/2016,1024,H1070,M,1.26,CMM,35.445,10.851,5.215,4.608,2.961,5.094,3.268,3.411,7.704,7.04,NA,NA
4184,7/14/2016,1158,H1070,M,1.52,CMM,39.068,11.761,5.3,5.158,3.773,6.196,4.12,4.164,8.045,7.818,NA,NA
4944,12/8/2016,1377,H1070,M,3.66,CMM,45.942,12.64,5.486,6.099,4.432,5.795,4.447,4.898,9.369,9.042,NA,NA
2504,10/19/2015,702,H1072,M,0.23,AN,22.532,7.014,3.602,3.139,2.044,2.803,2.061,2.297,4.013,3.612,NA,NA
2854,11/10/2015,785,H1072,M,0.28,CMM,21.796,7.064,3.942,3.215,2.02,3.314,2.193,2.562,4.787,4.071,NA,NA
3222,1/11/2016,881,H1072,M,0.36,RH,25.542,8.142,4.102,3.278,2.228,3.702,2.742,3.214,5.537,5.185,NA,NA
3694,4/8/2016,1025,H1072,M,1.01,CMM,34.454,10.709,5.255,4.984,3.384,5.308,3.772,4.334,7.393,6.777,NA,NA
4234,7/20/2016,1171,H1073,F,1.42,CMM,37.183,11.043,6.297,4.852,3.73,4.881,3.355,3.911,7.369,6.352,AS - Remeasured Head Length,RM Set 1
2640,10/23/2015,736,H1073,F,0.19,CMM,19.434,6.406,3.83,2.797,1.634,2.296,1.591,1.587,3.699,3.436,NA,NA
2827,11/10/2015,780,H1073,F,0.27,CMM,21.971,7.197,3.829,2.787,1.939,2.755,2.242,2.47,4.144,3.702,NA,NA
3292,1/25/2016,901,H1073,F,0.53,CMM,27.741,8.643,4.412,3.675,2.355,3.844,2.933,3.243,5.454,5.214,NA,NA
3732,4/17/2016,1037,H1073,F,1.1,CMM,33.738,9.819,5.164,4.399,2.889,5.09,4.017,4.318,6.693,6.893,NA,NA
6097,10/12/2017,1675,H1073,F,2.36,CMM,39.979,10.791,6.617,4.855,4.214,6.214,3.907,4.006,8.786,7.286,NA,NA
2678,10/28/2015,743,H1074,M,0.18,CMM,18.994,6.304,3.471,2.447,1.492,2.465,2.359,2.063,3.847,3.46,AS - Remeasured Pectoral,RM Set 1
2905,11/19/2015,798,H1074,M,0.22,CMM,21.371,6.81,3.699,2.663,1.853,2.679,1.935,2.301,4.339,3.785,NA,NA
3332,1/26/2016,912,H1074,M,0.49,CMM,25.308,8.026,4.32,3.757,2.697,3.676,2.558,2.705,5.504,4.825,NA,NA
3789,4/21/2016,1054,H1074,M,1.11,CMM,34.293,10.39,5.122,4.471,3.204,5.328,3.831,4.481,7.99,6.851,NA,NA
4374,8/4/2016,1208,H1074,M,1.68,CMM,42.004,12.324,5.877,5.536,3.999,7.675,5.457,5.856,9.709,8.97,NA,NA
6165,10/19/2017,1691,H1074,M,5.56,CMM,50.898,14.253,8.201,7.238,5.134,8.151,6.084,7.248,12.025,9.86,NA,NA
6196,11/7/2017,1699,H1074,M,4.85,CMM,51.726,14.372,8.253,7.15,5.086,7.749,5.633,6.744,12.326,10.025,NA,NA
2635,10/23/2015,735,H1075,M,0.24,CMM,20.708,6.967,3.761,2.527,2.052,2.666,1.774,2.012,3.888,3.705,NA,NA
2832,11/10/2015,781,H1075,M,0.29,CMM,22.532,7.379,4.271,2.912,1.973,2.862,1.939,2.331,4.715,4.2,NA,NA
2642,10/23/2015,736,H1076,M,0.24,CMM,20.662,6.933,3.725,2.82,2.086,2.89,1.686,2.2,4.073,3.53,NA,NA
2825,11/10/2015,779,H1076,M,0.26,CMM,21.619,7.046,3.977,3.107,1.95,3.144,1.944,2.019,4.463,3.966,NA,NA
3288,1/25/2016,900,H1076,M,0.49,CMM,26.103,8.538,4.496,3.659,2.421,3.802,2.733,2.919,5.626,5.164,NA,NA
3727,4/17/2016,1036,H1076,M,1.07,CMM,34.014,10.402,5.287,4.75,3.31,5.129,3.529,3.817,7.361,6.638,NA,NA
4229,7/20/2016,1170,H1076,M,1.51,CMM,37.473,9.689,7.476,5.296,3.09,6.471,4.134,4.587,8.743,7.654,NA,NA
6153,10/19/2017,1687,H1076,M,5.55,CMM,52.182,13.907,8.612,6.432,5.616,8.435,4.93,5.314,12.293,10.271,NA,NA
4230,7/20/2016,1170,H1077,M,1.31,CMM,38.334,11.732,6.716,4.987,3.564,6.231,3.996,4.596,8.931,7.848,AS - Remeasured Head Length,RM Set 1
2643,10/23/2015,736,H1077,M,0.24,CMM,20.557,6.573,3.873,3.006,1.999,2.963,1.853,2.132,3.946,3.789,NA,NA
2823,11/10/2015,779,H1077,M,0.27,CMM,22.539,7.594,3.802,2.588,2.168,3.035,1.934,2.264,4.564,3.952,NA,NA
3286,1/25/2016,900,H1077,M,0.42,CMM,26.497,8.542,4.232,3.508,2.346,3.864,2.655,3.047,5.66,5.195,NA,NA
3728,4/17/2016,1036,H1077,M,0.9,CMM,33.968,10.344,4.872,4.462,3.264,4.95,3.905,4.228,7.183,6.762,NA,NA
6155,10/19/2017,1688,H1077,M,6.53,CMM,50.985,14.711,8.511,6.687,5.145,7.681,6.315,7.338,11.822,9.689,NA,NA
2629,10/23/2015,733,H1078,M,0.21,CMM,20.773,6.871,3.479,2.596,1.828,2.85,1.954,2.093,3.911,3.623,AS - Remeasured Pectoral,RM Set 1
2489,10/19/2015,699,H1078,M,0.22,AN,24.005,6.827,3.639,3.022,2.222,2.573,1.961,2.069,4.225,3.774,"AS - Remeasured Pectoral, Radius, Femur, and Tibia",RM Set 1
2839,11/10/2015,782,H1078,M,0.25,CMM,21.597,7.287,3.799,2.595,2.001,3.115,2.325,2.712,4.655,3.896,NA,NA
3303,1/25/2016,904,H1078,M,0.44,CMM,26.449,8.43,4.172,3.479,2.286,3.595,2.657,2.942,5.424,4.885,NA,NA
3745,4/17/2016,1040,H1078,M,0.91,CMM,32.554,10.058,5.07,4.866,3.224,4.896,3.341,3.627,6.697,6.231,NA,NA
4247,7/20/2016,1174,H1078,M,1.18,CMM,35.48,9.52,6.876,5.058,2.946,5.852,4.008,4.258,8.502,7.336,NA,NA
4935,12/8/2016,1373,H1078,M,2.66,CMM,43.307,12.655,5.071,6.227,4.032,6.828,5.455,5.354,9.123,9.041,NA,NA
6113,10/12/2017,1680,H1078,M,3.67,CMM,47.548,13.707,7.879,6.533,4.794,8.289,4.491,4.831,10.981,9.978,NA,NA
2652,10/23/2015,738,H1082,F,0.22,CMM,19.808,6.594,3.722,2.889,1.845,2.864,1.808,2.205,3.757,3.603,NA,NA
2910,11/19/2015,799,H1082,F,0.28,CMM,22.292,7.513,4.143,3.38,2.395,3.063,1.769,2.058,4.51,4.038,NA,NA
3338,1/26/2016,913,H1082,F,0.55,CMM,27.088,8.424,4.516,4.36,2.619,4.159,2.946,3.199,5.666,5.242,NA,NA
3794,4/21/2016,1055,H1082,F,1.03,CMM,32.681,10.313,5.319,4.859,3.434,5.425,3.634,4.218,6.888,6.393,NA,NA
4380,8/4/2016,1209,H1082,F,1.45,CMM,37.148,11.028,5.684,5.406,3.901,6.785,4.391,4.438,7.805,7.401,NA,NA
6161,10/19/2017,1690,H1082,F,2.78,CMM,44.277,12.821,6.249,5.197,4.289,6.513,5.524,5.676,8.569,7.59,NA,NA
6195,11/7/2017,1699,H1082,F,2.87,CMM,44.678,12.471,6.864,5.567,4.417,6.735,4.793,5.486,9.216,8.665,NA,NA
2496,10/19/2015,700,H1083,M,0.24,AN,25.299,7.613,3.486,2.934,1.934,2.705,1.797,2.416,4.334,3.765,"AS - Remeasured Head Length, Pectoral, Femur, and Tibia",RM Set 1
2621,10/23/2015,732,H1083,M,0.2,RH,20.614,7.138,3.924,2.836,2.147,3.06,1.869,1.945,3.969,3.672,NA,NA
2845,11/10/2015,783,H1083,M,0.31,CMM,22.691,7.421,4.048,NA,2.171,3.513,2.369,2.685,4.453,4.045,NA,NA
3310,1/25/2016,906,H1083,M,0.48,CMM,26.786,8.714,4.386,3.767,2.751,3.758,2.754,2.753,5.483,4.953,NA,NA
3750,4/17/2016,1041,H1083,M,1.37,CMM,36.432,10.651,5.186,4.833,3.561,5.197,3.82,3.879,7.819,7.464,NA,NA
4252,7/20/2016,1176,H1083,M,1.88,CMM,41.5,10.633,7.036,5.482,3.581,6.582,4.205,4.98,9.451,7.941,NA,NA
4940,12/8/2016,1375,H1083,M,4.08,CMM,47.965,13.665,5.788,6.825,5.047,7.557,5.161,5.543,10.584,9.701,NA,NA
4228,7/20/2016,1170,H1084,F,1.17,CMM,33.305,10.682,6.108,4.814,3.219,5.24,3.449,3.775,7.654,6.316,AS - Remeasured Head Length,RM Set 1
2645,10/23/2015,737,H1084,F,0.2,CMM,19.272,6.528,3.951,2.878,1.891,2.748,1.691,1.878,4.052,3.417,NA,NA
2821,11/10/2015,779,H1084,F,0.28,CMM,22.157,7.373,4.008,3.227,2.001,3.11,2.446,2.43,4.187,3.981,NA,NA
3285,1/25/2016,900,H1084,F,0.46,CMM,26.178,8.24,4.478,3.811,2.385,4.075,2.749,3.117,5.383,5.155,NA,NA
3726,4/17/2016,1035,H1084,F,0.93,CMM,31.994,9.644,4.918,4.418,3.088,5.027,3.712,3.884,6.466,6.083,NA,NA
6154,10/19/2017,1687,H1084,F,2.11,CMM,38.344,10.775,6.534,5.332,4.144,6.232,4.42,4.834,8.945,7.578,NA,NA
6160,10/19/2017,1690,H1085,M,4.81,CMM,50.743,NA,NA,NA,NA,NA,NA,NA,NA,NA,Missing,RM Set 1
2641,10/23/2015,736,H1085,M,0.23,CMM,20.137,6.577,3.7,2.907,1.909,2.586,1.444,1.997,4.046,3.72,NA,NA
2826,11/10/2015,780,H1085,M,0.29,CMM,21.874,7.28,4.086,3.14,2.007,2.939,2.332,2.392,4.419,3.967,NA,NA
3290,1/25/2016,901,H1085,M,0.44,CMM,26.021,8.613,4.327,3.785,2.471,3.604,2.596,2.867,5.316,4.95,NA,NA
3730,4/17/2016,1036,H1085,M,1.23,CMM,36.022,11.114,5.112,5.182,3.674,5.458,4.239,4.599,8.22,7.463,NA,NA
4232,7/20/2016,1171,H1085,M,1.5,CMM,39.106,10.236,7.063,5.197,3.395,6.551,4.182,4.764,8.987,8.037,NA,NA
2500,10/19/2015,701,H1086,M,0.26,CMM,20.292,7.018,2.879,NA,2.046,2.905,2.207,2.268,3.803,4.179,NA,NA
2624,10/23/2015,732,H1086,M,0.2,RH,20.485,6.731,4.039,2.859,1.782,2.731,1.984,2.236,3.833,3.635,NA,NA
2848,11/10/2015,784,H1086,M,0.26,CMM,22.58,7.413,3.951,3.063,2.251,3.368,2.289,2.559,4.674,4.244,NA,NA
3309,1/25/2016,906,H1086,M,0.54,CMM,27.709,9.079,4.581,3.877,2.672,3.878,3.09,3.501,5.769,5.413,NA,NA
3751,4/17/2016,1042,H1086,M,1.14,CMM,34.763,10.607,4.849,4.505,3.755,5.457,3.716,4.079,7.484,6.57,NA,NA
4253,7/20/2016,1176,H1086,M,1.69,CMM,39.855,10.159,7.283,5.497,3.548,6.368,4.502,5.049,9.459,7.885,NA,NA
4941,12/8/2016,1375,H1086,M,4.4,CMM,47.481,12.169,5.942,6.902,5.102,6.815,5.8,6.086,10.956,9.586,NA,NA
6114,10/12/2017,1680,H1086,M,6.25,CMM,51.535,14.742,9.414,7.163,5.724,8.469,6.264,7.608,13.316,10.116,NA,NA
2499,10/19/2015,701,H1088,F,NA,CMM,NA,NA,NA,NA,NA,NA,NA,NA,NA,NA,missing,NA
4245,7/20/2016,1174,H1090,M,1.83,CMM,42.046,12.684,7.434,5.436,3.994,7.965,5.143,5.492,10.13,8.653,AS - Remeasured Head Length,RM Set 1
4933,12/8/2016,1373,H1090,M,3.59,CMM,45.816,12.883,5.614,7.45,4.656,7.75,5.169,5.694,10.765,9.624,AS - Remeasured Pectoral,RM Set 1
2488,10/19/2015,699,H1090,M,0.21,AN,22.751,6.674,3.841,2.662,1.709,2.522,1.82,2.206,3.9,3.478,NA,NA
2630,10/23/2015,734,H1090,M,0.19,CMM,19.813,6.365,3.861,2.971,1.896,2.305,1.603,1.975,4.12,3.531,NA,NA
2838,11/10/2015,782,H1090,M,0.23,CMM,21.162,7.186,3.836,2.884,1.937,3.337,1.684,2.055,4.282,3.76,NA,NA
3301,1/25/2016,904,H1090,M,0.45,CMM,26.313,8.553,4.304,3.924,2.629,3.779,3.084,3.44,5.488,5.035,NA,NA
3743,4/17/2016,1040,H1090,M,1.14,CMM,34.21,9.803,5.125,4.711,3.25,4.745,3.63,4.036,7.312,6.45,NA,NA
2647,10/23/2015,737,H1092,M,0.21,CMM,19.129,6.555,3.72,NA,1.854,2.597,1.685,1.833,3.961,3.407,NA,NA
2914,11/19/2015,800,H1092,M,0.26,CMM,22.969,7.585,3.936,3.045,2.158,3.18,2.272,2.404,4.685,3.995,NA,NA
3283,1/25/2016,899,H1092,M,0.52,CMM,27.488,8.859,4.413,3.617,2.544,3.517,2.779,3.044,5.275,4.949,NA,NA
3725,4/17/2016,1035,H1092,M,1.23,CMM,36.521,10.839,5.423,5.033,3.234,4.739,3.177,3.566,7.641,6.791,NA,NA
4227,7/20/2016,1169,H1092,M,1.68,CMM,41.414,10.512,6.878,5.909,3.827,5.855,3.586,4.077,9.061,7.888,NA,NA
6163,10/19/2017,1691,H1092,M,4,CMM,50.894,13.349,8.039,6.977,5.586,8.835,5.849,6.2,11.943,9.633,NA,NA
6183,11/7/2017,1695,H1092,M,3.84,CMM,51.121,13.638,7.911,6.64,5.66,8.714,5.752,6.717,11.914,10.321,NA,NA
2648,10/23/2015,737,H1094,M,0.18,CMM,19.824,6.863,3.582,2.422,1.751,2.526,1.631,1.913,3.662,3.462,NA,NA
2915,11/19/2015,800,H1094,M,0.22,CMM,21.743,7.46,3.871,2.943,2.074,2.949,2.303,2.411,4.426,3.862,NA,NA
3284,1/25/2016,899,H1094,M,0.46,CMM,25.481,8.825,4.371,3.891,2.452,3.219,2.026,2.369,5.323,4.796,NA,NA
3724,4/17/2016,1035,H1094,M,1.04,CMM,33.686,10.499,5.307,4.568,2.982,5.256,4.215,4.382,7.386,6.572,NA,NA
4226,7/20/2016,1169,H1094,M,1.52,CMM,37.562,10.17,7.001,5.455,3.555,6.756,4.457,4.697,8.987,7.807,NA,NA
4238,7/20/2016,1172,H1095,M,1.82,CMM,39.997,12.368,7.441,5.463,3.66,6.342,4,4.581,8.593,7.772,AS - Remeasured Head Length,RM Set 1
6099,10/12/2017,1675,H1095,M,4.82,CMM,46.606,13.586,8.87,6.118,5.563,6.7,5.163,5.823,11,9.334,AS - Remeasured Radius and Ulna,RM Set 1
2639,10/23/2015,735,H1095,M,0.19,CMM,19.74,6.576,3.624,2.683,1.754,2.24,NA,NA,3.692,3.246,NA,NA
2828,11/10/2015,780,H1095,M,0.26,CMM,21.664,7.399,3.854,2.653,1.902,2.435,1.642,1.866,4.406,3.988,NA,NA
3293,1/25/2016,902,H1095,M,0.44,CMM,25.751,8.864,4.822,3.66,2.658,3.701,2.853,3.124,5.315,4.832,NA,NA
3736,4/17/2016,1038,H1095,M,1.16,CMM,34.317,10.737,5.563,4.619,3.59,4.862,3.305,3.704,7.331,6.569,NA,NA
4244,7/20/2016,1174,H1096,M,1.68,CMM,39.384,12.468,7.538,5.508,3.821,5.7,4.002,4.453,8.59,7.457,AS - Remeasured Head Length,RM Set 1
2627,10/23/2015,733,H1096,M,0.2,CMM,19.711,6.506,3.73,2.162,1.69,2.452,1.775,2.099,3.809,3.271,AS - Remeasured Pectoral and Humerus,RM Set 1
2492,10/19/2015,699,H1096,M,0.21,AN,20.056,6.391,3.596,2.49,1.754,2.792,1.86,2.217,3.943,3.375,JG remeasured SVL,Mass/SVL check
2840,11/10/2015,782,H1096,M,0.26,CMM,21.797,7.217,3.982,2.956,2.025,3.178,2.229,2.288,4.364,3.941,NA,NA
3302,1/25/2016,904,H1096,M,0.5,CMM,26.303,8.737,4.388,3.61,2.414,3.964,2.726,3.132,5.177,4.82,NA,NA
3742,4/17/2016,1039,H1096,M,1.13,CMM,33.488,10.544,5.507,4.777,3.422,5.193,3.328,4.165,7.791,6.85,NA,NA
4932,12/8/2016,1372,H1096,M,4.22,CMM,46.867,13.624,5.788,6.634,4.764,7.438,5.085,5.391,10.214,9.475,NA,NA
6096,10/12/2017,1674,H1096,M,4.39,CMM,45.98,13.382,8.447,6.37,4.979,7.963,4.204,4.81,11.219,9.536,NA,NA
2491,10/19/2015,699,H1099,F,0.15,AN,20.111,6.76,3.356,2.637,1.738,2.349,1.768,2.013,3.359,3.15,NA,NA
4237,7/20/2016,1172,H1100,M,1.8,CMM,42.73,12.073,6.639,6.022,3.611,6.363,4.733,4.847,9.565,8.366,AS - Remeasured Head Length,RM Set 1
2833,11/10/2015,781,H1100,M,0.28,CMM,22.635,7.554,4.031,2.698,2.009,2.47,1.871,2.22,4.444,4.11,NA,NA
3296,1/25/2016,902,H1100,M,0.4,CMM,25.177,8.078,4.737,3.874,2.373,3.547,2.435,2.996,5.189,4.839,NA,NA
3735,4/17/2016,1038,H1100,M,1.28,CMM,34.586,10.963,5.282,5.413,3.667,5.538,3.831,4.554,7.278,6.715,NA,NA
6102,10/12/2017,1676,H1100,M,4.41,CMM,49.208,14.056,8.368,6.603,5.34,8.186,6.347,6.878,11.68,9.203,NA,NA
4233,7/20/2016,1171,H1101,F,1.1,CMM,34.471,10.254,5.712,4.626,2.667,5.351,3.647,3.736,7.397,6.815,AS - Remeasured Head Length,RM Set 1
2644,10/23/2015,736,H1101,F,0.15,CMM,19.155,6.175,3.637,2.703,1.716,2.606,1.828,1.788,3.744,3.256,NA,NA
2824,11/10/2015,779,H1101,F,0.22,CMM,20.411,6.577,3.901,2.71,1.871,2.831,2.007,2.086,4.277,3.955,NA,NA
3289,1/25/2016,901,H1101,F,0.38,CMM,25.008,7.65,4.174,3.307,2.135,3.753,2.922,3.008,5.145,4.533,NA,NA
3731,4/17/2016,1037,H1101,F,0.94,CMM,31.702,9.838,5.269,4.788,3.792,5.118,3.316,3.632,7.112,6.609,NA,NA
6157,10/19/2017,1689,H1101,F,2.33,CMM,40.005,10.912,5.787,4.744,4.247,5.653,4.177,5.102,8.525,7.566,NA,NA
2654,10/23/2015,738,H1102,M,0.2,CMM,19.473,6.64,3.488,NA,1.813,2.416,1.77,2.013,3.875,3.364,NA,NA
2908,11/19/2015,798,H1102,M,0.29,CMM,22.328,7.378,4.199,3.373,2.043,3.648,2.201,2.469,4.338,4.336,NA,NA
3336,1/26/2016,913,H1102,M,0.5,CMM,26.446,8.719,4.571,3.531,2.536,3.392,2.531,2.775,5,4.898,NA,NA
3793,4/21/2016,1055,H1102,M,1.04,CMM,34.137,10.555,5.436,5.052,3.539,5.915,3.828,4.096,7.586,6.64,NA,NA
4377,8/4/2016,1209,H1102,M,1.55,CMM,39.278,12.169,6.305,5.491,3.83,6.751,5.083,5.334,8.803,8.444,NA,NA
4251,7/20/2016,1175,H1103,F,1.4,CMM,37.088,11.518,6.36,4.718,3.182,5.712,3.152,4.1,7.469,6.646,AS - Remeasured Head Length,RM Set 1
4939,12/8/2016,1375,H1103,F,1.86,CMM,39.163,10.894,4.487,5.033,3.639,6.025,3.806,4.025,7.537,6.859,AS - Remeasured Humerus,RM Set 1
2493,10/19/2015,700,H1103,F,0.26,AN,23.162,7.231,3.578,3.232,1.887,2.847,1.853,2.432,4.264,3.481,AS - Remeasured Humerus and Femur,RM Set 1
2622,10/23/2015,732,H1103,F,0.24,RH,21.605,7.013,3.954,2.99,1.899,2.791,1.888,2.211,3.832,3.695,NA,NA
2843,11/10/2015,783,H1103,F,0.35,CMM,23.023,7.522,4.318,3.509,2.344,3.156,2.341,2.656,4.835,4.259,NA,NA
3308,1/25/2016,905,H1103,F,0.55,CMM,27.117,8.676,4.674,3.919,2.87,4.274,2.998,3.432,5.753,5.02,NA,NA
3749,4/17/2016,1041,H1103,F,1.07,CMM,34.631,10.822,5.479,NA,3.265,5.976,4.192,4.599,8.35,7.932,NA,NA
6106,10/12/2017,1678,H1103,F,2.32,CMM,40.882,11.409,6.957,5.055,4.556,5.683,4.566,5.045,8.171,7.135,NA,NA
2649,10/23/2015,737,H1104,M,0.2,CMM,20.811,6.741,3.711,2.335,1.836,2.625,1.629,1.756,3.981,3.724,NA,NA
2912,11/19/2015,799,H1104,M,0.25,CMM,22.68,7.259,3.934,3.062,2.02,3.183,2.299,2.466,4.388,4.069,NA,NA
3282,1/25/2016,899,H1104,M,0.44,CMM,25.502,8.497,4.271,3.675,2.583,4.065,2.801,3.146,5.462,4.936,NA,NA
3722,4/17/2016,1034,H1104,M,1.13,CMM,34.844,10.965,5.341,5.083,3.585,5.357,3.831,4.248,7.701,7.044,NA,NA
4224,7/20/2016,1169,H1104,M,1.78,CMM,38.477,10.047,5.543,5.743,3.723,7.061,5.223,5.412,9.691,8.256,NA,NA
6110,10/12/2017,1679,H1104,M,5.37,CMM,49.492,14.603,8.76,7.159,5.5,8.324,5.296,6.256,11.912,10.551,NA,NA
6156,10/19/2017,1688,H1104,M,6.42,CMM,51.509,14.425,8.521,7.074,5.814,9.682,6.53,7.467,13.138,11.449,NA,NA
6199,11/7/2017,1700,H1104,M,6.35,CMM,52.107,14.147,8.888,7.484,5.798,9.678,6.029,7.266,13.844,10.866,NA,NA
2632,10/23/2015,734,H1105,M,0.24,CMM,20.254,7.021,3.723,3.004,1.829,2.608,NA,2.303,4.027,3.663,NA,NA
2837,11/10/2015,782,H1105,M,0.31,CMM,22.401,7.274,3.706,3.223,2.119,2.749,1.788,2.131,4.471,4.143,NA,NA
3297,1/25/2016,903,H1105,M,0.52,CMM,26.105,8.997,4.598,3.995,2.437,4.097,2.906,3.284,5.619,4.946,NA,NA
3739,4/17/2016,1039,H1105,M,1.18,CMM,34.655,11.212,5.587,5.178,3.516,5.649,4.081,4.518,7.741,7.189,NA,NA
4241,7/20/2016,1173,H1105,M,1.32,CMM,37.18,9.861,7.128,5.415,3.509,5.958,3.888,4.405,8.071,7.751,NA,NA
4929,12/8/2016,1371,H1105,M,3.03,CMM,43.105,12.316,5.266,6.154,4.317,7.592,5.435,5.672,9.108,8.207,NA,NA
6107,10/12/2017,1678,H1105,M,4.9,CMM,48.005,13.46,8.244,7.05,4.912,7.192,5.456,6.291,11.672,10.163,NA,NA
4240,7/20/2016,1173,H1106,M,1.58,CMM,39.98,12.404,7.912,6.075,3.507,6.888,4.752,5.035,9.039,7.69,AS - Remeasured Head Length,RM Set 1
6104,10/12/2017,1677,H1106,M,5.17,CMM,40.121,12.387,6.423,4.967,4.457,6.899,4.832,5.016,8.971,7.651,JG remeasured SVL,Mass/SVL check
2634,10/23/2015,734,H1106,M,0.29,CMM,21.455,6.993,4.085,3.114,2.326,2.864,2.18,2.281,4.285,3.657,NA,NA
2834,11/10/2015,781,H1106,M,0.27,CMM,22.414,7.457,4.024,3.287,2.162,3.029,2.44,2.648,4.686,4.067,NA,NA
3298,1/25/2016,903,H1106,M,0.49,CMM,26.781,8.858,4.738,3.924,2.586,4.11,3.092,3.449,5.58,5.017,NA,NA
3738,4/17/2016,1038,H1106,M,1.2,CMM,36.177,10.89,5.468,5.144,3.548,5.38,3.595,4.124,8.007,7.697,NA,NA
4928,12/8/2016,1371,H1106,M,3.6,CMM,46.957,12.998,5.651,6.455,4.574,7.864,6.022,5.45,10.43,8.631,NA,NA
2638,10/23/2015,735,H1108,F,0.24,CMM,20.658,6.951,3.804,2.895,1.824,2.82,1.889,2.301,3.873,3.641,NA,NA
2829,11/10/2015,780,H1108,F,0.29,CMM,22.344,7.428,4.056,3.369,2.128,2.964,2.146,2.288,4.367,4.169,NA,NA
3291,1/25/2016,901,H1108,F,0.42,CMM,25.897,8.509,4.167,3.704,2.42,4.112,2.456,2.714,5.657,5.188,NA,NA
3733,4/17/2016,1037,H1108,F,1.19,CMM,32.887,10.623,5.634,4.985,3.32,5.045,3.711,4.024,7.394,7.316,NA,NA
4235,7/20/2016,1171,H1108,F,1.34,CMM,37.048,9.498,6.347,4.827,3.198,5.444,3.337,3.929,7.973,7.074,NA,NA
6101,10/12/2017,1676,H1108,F,2.21,CMM,40.792,11.559,7.16,5.161,4.233,6.506,4.11,4.498,8.569,7.395,NA,NA
4243,7/20/2016,1173,H1109,F,1.25,CMM,33.781,10.415,6.574,4.741,3.144,5.222,3.364,3.53,7.981,6.956,AS - Remeasured Head Length,RM Set 1
2633,10/23/2015,734,H1109,F,0.21,CMM,19.716,6.453,3.414,2.51,1.573,NA,NA,NA,3.825,3.575,NA,NA
2835,11/10/2015,781,H1109,F,0.28,CMM,22.063,7.346,3.876,2.873,1.841,3.086,2.32,2.815,4.224,4.028,NA,NA
3299,1/25/2016,903,H1109,F,0.44,CMM,24.819,8.229,4.37,3.547,2.498,3.635,2.543,2.925,5.324,5.117,NA,NA
3741,4/17/2016,1039,H1109,F,0.88,CMM,32.03,10.824,5.403,4.624,3.267,5.202,3.361,3.557,7.249,6.882,NA,NA
4931,12/8/2016,1372,H1109,F,1.84,CMM,37.226,10.582,4.705,4.917,3.39,5.739,4.068,3.885,8.34,7.759,NA,NA
6092,10/12/2017,1673,H1109,F,2.52,CMM,41.123,11.442,5.969,4.827,3.9,6.358,4.375,5.073,9.078,8.097,NA,NA
4242,7/20/2016,1173,H1110,M,1.62,CMM,40.473,12.115,7.184,5.5,3.471,6.971,4.274,5.039,8.96,7.974,AS - Remeasured Head Length,RM Set 1
2631,10/23/2015,734,H1110,M,0.24,CMM,20.697,7.112,3.762,2.708,1.834,2.779,1.689,2.039,4.281,3.861,NA,NA
2836,11/10/2015,782,H1110,M,0.3,CMM,22.782,7.923,4.096,3.113,2.069,3.423,2.017,2.505,4.706,4.17,NA,NA
3300,1/25/2016,903,H1110,M,0.44,CMM,25.368,8.402,4.713,3.535,2.423,3.925,2.574,2.863,5.754,5.163,NA,NA
3740,4/17/2016,1039,H1110,M,1.38,CMM,35.329,9.546,4.963,4.187,3.028,4.384,3.653,3.737,6.889,6.12,NA,NA
4930,12/8/2016,1372,H1110,M,3.39,CMM,46.568,13.365,5.621,6.381,4.34,7.187,5.488,5.635,9.84,9.326,NA,NA
6105,10/12/2017,1677,H1110,M,4.41,CMM,52.776,13.996,8.519,7.334,5.821,8.727,6.606,7.47,12.741,10.02,NA,NA
2650,10/23/2015,738,H1111,F,0.21,CMM,20.619,6.963,3.788,2.881,1.716,2.774,1.999,2.287,4.193,3.749,NA,NA
2913,11/19/2015,799,H1111,F,0.3,CMM,22.993,7.348,4.124,3.116,2.123,3.204,2.294,2.574,4.829,4.584,NA,NA
3281,1/25/2016,899,H1111,F,0.46,CMM,26.132,8.5,4.827,4.089,2.343,3.982,2.761,2.913,5.619,5.107,NA,NA
3723,4/17/2016,1035,H1111,F,0.97,CMM,32.444,9.854,5.185,4.464,2.839,5.219,3.909,4.098,6.712,6.437,NA,NA
4225,7/20/2016,1169,H1111,F,1.14,CMM,33.687,8.861,5.834,4.901,3.223,5.366,3.676,3.94,7.881,6.672,NA,NA
6152,10/19/2017,1687,H1111,F,2.97,CMM,42.958,11.89,6.831,5.524,4.482,7.07,4.973,5.519,9.569,7.692,NA,NA
6203,11/7/2017,1702,H1111,F,2.79,CMM,42.369,11.075,6.867,4.909,4.392,7.082,5.251,5.711,9.708,8.086,NA,NA
2490,10/19/2015,699,H1113,M,0.29,AN,25.214,7.479,3.739,3.155,2.045,3.032,2.095,2.623,4.415,3.925,AS - Remeasured Head Length and Femur,RM Set 1
2628,10/23/2015,733,H1113,M,0.23,CMM,21.142,6.744,4.045,NA,1.982,2.535,2.218,2.169,4.334,3.814,NA,NA
2841,11/10/2015,783,H1113,M,0.33,CMM,22.913,7.254,4.141,3.246,2.233,3.186,2.317,2.536,4.666,4.238,NA,NA
3305,1/25/2016,905,H1113,M,0.51,CMM,26.605,8.766,4.712,3.706,2.523,4.076,2.938,2.967,5.713,5.224,NA,NA
3748,4/17/2016,1041,H1113,M,1.42,CMM,35.651,10.562,5.042,4.434,3.488,4.742,3.805,3.981,7.213,6.318,NA,NA
4250,7/20/2016,1175,H1113,M,1.95,CMM,41.261,10.572,7.962,5.643,3.734,6.866,4.792,4.832,9.383,8.012,NA,NA
4938,12/8/2016,1374,H1113,M,4.85,CMM,51.143,13.404,5.893,6.5,4.983,7.535,5.845,5.441,10.322,10.157,NA,NA
6095,10/12/2017,1674,H1113,M,7.36,CMM,55.05,16.031,9.473,7.166,5.703,9.768,6.804,7.727,13.258,11.453,NA,NA
6112,10/12/2017,1680,H1114,F,2.47,CMM,41.338,12.556,6.994,5.023,4.155,6.531,3.846,3.994,9.322,8.082,AS - Remeasured Humerus and Radius,RM Set 1
2495,10/19/2015,700,H1114,F,0.23,AN,19.764,6.578,3.614,NA,1.935,2.615,NA,NA,3.981,3.298,"JG remeasured SVL; Pectoral, radius, and ulna unclear",Mass/SVL check
2623,10/23/2015,732,H1114,F,0.21,RH,19.48,6.715,3.61,2.825,1.85,2.307,2.228,2.439,3.986,3.493,NA,NA
2846,11/10/2015,784,H1114,F,0.28,CMM,21.964,7.171,3.817,2.786,1.889,2.79,1.828,2.059,4.334,4.052,NA,NA
3307,1/25/2016,905,H1114,F,0.45,CMM,25.112,8.429,4.432,3.426,2.53,3.541,2.47,2.805,5.368,4.802,NA,NA
3747,4/17/2016,1041,H1114,F,0.82,CMM,31.052,10.804,5.638,5.227,3.678,5.601,3.927,4.471,7.863,7.523,NA,NA
4249,7/20/2016,1175,H1114,F,1.28,CMM,34.587,9.458,6.628,4.925,3.641,5.425,4.111,4.643,7.958,7.179,NA,NA
4937,12/8/2016,1374,H1114,F,1.47,CMM,37.412,11.704,4.542,5.197,3.179,5.233,3.499,3.981,7.727,6.988,NA,NA
6103,10/12/2017,1677,H1116,F,2.41,CMM,51.506,14.954,8.528,6.897,5.085,8.58,5.794,6.487,11.9,9.735,JG remeasured SVL,Mass/SVL check
2498,10/19/2015,701,H1116,F,0.28,CMM,20.852,6.901,3.958,3.371,2.205,2.688,2.104,2.229,4.283,3.734,NA,NA
2620,10/23/2015,732,H1116,F,0.3,RH,22.102,7.277,3.961,3.271,2.089,3.081,1.967,2.104,4.337,3.947,NA,NA
2847,11/10/2015,784,H1116,F,0.33,CMM,23.949,7.78,4.039,3.249,2.203,3.093,2.045,2.404,5.154,4.809,NA,NA
3311,1/25/2016,906,H1116,F,0.49,CMM,26.565,8.728,4.328,3.877,2.419,3.763,2.634,2.884,5.628,4.989,NA,NA
3752,4/17/2016,1042,H1116,F,0.93,CMM,32.869,11.128,5.765,5.174,3.599,5.287,3.874,4.392,7.686,7.629,NA,NA
4254,7/20/2016,1176,H1116,F,1.23,CMM,34.959,9.369,6.633,4.824,3.2,5.568,3.838,4.533,7.949,6.978,NA,NA
4942,12/8/2016,1376,H1116,F,1.73,CMM,38.32,11.677,4.675,5.31,3.638,5.559,4.017,3.861,8.041,7.526,NA,NA
4231,7/20/2016,1170,H1117,F,0.81,CMM,29.657,9.514,5.755,4.207,2.778,4.178,2.711,3.053,7.155,5.937,AS - Remeasured Head Length,RM Set 1
6159,10/19/2017,1689,H1117,F,1.55,CMM,35.559,9.636,5.396,4.263,3.532,5.132,3.512,4.096,7.717,6.935,AS - Remeasured Radius and Ulna,RM Set 1
2646,10/23/2015,737,H1117,F,0.21,CMM,20.312,6.869,3.793,NA,1.801,2.635,1.752,2.014,3.847,3.653,NA,NA
2822,11/10/2015,779,H1117,F,0.25,CMM,21.782,7.24,3.934,2.909,2.09,3.253,1.982,2.414,4.498,4.055,NA,NA
3287,1/25/2016,900,H1117,F,0.42,CMM,25.495,8.337,4.242,3.357,2.227,3.743,2.852,2.801,5.267,4.754,NA,NA
3729,4/17/2016,1036,H1117,F,0.64,CMM,29.167,9.415,4.362,3.937,2.49,4.384,3.324,3.658,6.222,5.658,NA,NA
4246,7/20/2016,1174,H1118,F,1.22,CMM,35.943,11.126,6.321,4.811,3.263,5.92,3.727,4.284,8.027,7.319,AS - Remeasured Head Length,RM Set 1
4934,12/8/2016,1373,H1118,F,1.57,CMM,38.507,11.442,4.747,5.387,3.433,5.718,4.729,4.498,7.581,7.151,AS - Remeasured Pectoral,RM Set 1
2494,10/19/2015,700,H1118,F,0.26,AN,22.406,7.282,3.638,2.826,1.95,3.034,1.917,2.27,4.115,3.972,JG remeasured SVL,Mass/SVL check
2626,10/23/2015,733,H1118,F,0.3,CMM,21.879,7.167,4.126,3.324,2.332,2.785,2.028,2.252,4.398,3.994,NA,NA
2842,11/10/2015,783,H1118,F,0.33,CMM,23.604,7.558,4.126,3.204,2.281,3.609,2.339,2.518,4.948,4.367,NA,NA
3304,1/25/2016,904,H1118,F,0.52,CMM,28.359,8.924,4.48,3.578,2.544,3.562,3.242,3.329,5.834,5.243,NA,NA
3744,4/17/2016,1040,H1118,F,1,CMM,32.333,10.521,5.007,4.602,3.077,5.197,3.076,3.51,7.609,6.962,NA,NA
2497,10/19/2015,700,H1120,M,0.24,AN,24.136,7.676,3.766,3.144,1.877,2.814,1.999,2.252,4.124,3.664,AS - Remeasured Femur,RM Set 1
2625,10/23/2015,733,H1120,M,0.25,CMM,20.947,7.429,3.826,NA,1.588,2.83,1.857,2.014,4.278,3.679,NA,NA
2844,11/10/2015,783,H1120,M,0.31,CMM,22.221,7.536,4.171,3.302,2.268,3.465,1.984,2.499,4.68,4.268,NA,NA
3306,1/25/2016,905,H1120,M,0.47,CMM,26.346,8.617,4.575,3.65,2.329,3.723,2.966,2.682,5.37,4.864,NA,NA
3746,4/17/2016,1040,H1120,M,0.86,CMM,31.529,10.494,4.635,4.147,2.824,4.726,3.124,3.589,6.434,5.932,NA,NA
4248,7/20/2016,1175,H1120,M,1.03,CMM,32.862,9.003,6.929,5.112,3.112,4.953,3.159,3.764,8.121,6.471,NA,NA
4936,12/8/2016,1374,H1120,M,2.36,CMM,42.102,12.853,4.928,5.9,3.904,6.612,5.019,4.638,8.992,7.962,NA,NA
6100,10/12/2017,1676,H1120,M,5.04,CMM,51.341,14.801,9.233,7.09,5.806,9.406,5.838,6.577,12.565,10.268,NA,NA
2636,10/23/2015,735,H1121,M,0.23,CMM,20.642,7.264,4.102,2.886,2.016,2.59,1.888,2.061,4.094,3.619,NA,NA
2831,11/10/2015,781,H1121,M,0.29,CMM,21.375,7.192,4.26,2.865,1.948,2.832,2.16,2.237,4.479,3.917,NA,NA
3295,1/25/2016,902,H1121,M,0.5,CMM,26.649,8.794,4.76,4.159,2.437,3.585,2.671,2.954,5.413,5.067,NA,NA
3737,4/17/2016,1038,H1121,M,0.98,CMM,32.224,10.603,5.866,4.855,3.431,5.604,4.523,4.814,7.785,7.362,NA,NA
4239,7/20/2016,1172,H1121,M,1.49,CMM,37.663,9.748,7.695,5.219,3.945,6.507,4.771,5.111,9.068,7.635,NA,NA
6098,10/12/2017,1675,H1121,M,4.23,CMM,50.443,14.776,9.301,6.998,5.389,8.445,6.249,7.201,12.388,10.383,NA,NA
2637,10/23/2015,735,H1123,M,0.2,CMM,20.373,6.502,3.988,2.779,2.006,2.692,1.843,2.015,4.374,3.787,NA,NA
2830,11/10/2015,780,H1123,M,0.25,CMM,21.533,7.283,4.017,2.971,1.99,2.956,1.592,1.872,4.375,3.897,NA,NA
3294,1/25/2016,902,H1123,M,0.48,CMM,26.781,9.006,4.633,3.823,2.395,3.794,2.807,3.035,5.735,5.082,NA,NA
3734,4/17/2016,1037,H1123,M,1.01,CMM,32.611,10.759,5.474,4.966,3.494,5.063,4.146,4.405,7.234,6.536,NA,NA
4236,7/20/2016,1172,H1123,M,1.26,CMM,35.817,10.144,6.901,5.378,3.185,5.071,2.841,3.639,8.422,7.277,NA,NA
2670,10/28/2015,742,H1126,F,0.24,CMM,20.397,7.029,3.825,NA,1.754,3.071,1.853,2.277,4.187,3.814,NA,NA
2897,11/19/2015,796,H1126,F,0.28,CMM,21.645,6.848,4.115,3.121,2.118,2.97,NA,2.313,4.584,3.983,NA,NA
3323,1/26/2016,909,H1126,F,0.5,CMM,26.246,8.608,4.438,3.826,2.337,3.913,NA,NA,5.514,5.065,NA,NA
3779,4/21/2016,1052,H1126,F,1.02,CMM,33.479,10.378,4.889,4.387,2.96,5.149,3.816,4.119,6.995,6.626,NA,NA
4364,8/4/2016,1204,H1126,F,1.23,CMM,34.863,9.032,6.665,4.974,3.402,5.553,3.254,3.924,7.921,7.077,NA,NA
6167,10/19/2017,1692,H1126,F,2.31,CMM,42.086,11.973,6.107,4.573,4.076,5.838,5.016,5.174,9.484,8.16,NA,NA
6193,11/7/2017,1698,H1126,F,2.03,CMM,40.339,12.01,5.785,5.033,4.165,6.258,4.418,5.308,9.217,7.732,NA,NA
2674,10/28/2015,742,H1127,M,0.21,CMM,20.255,7.205,3.85,2.731,1.911,2.766,1.895,1.949,4.046,3.644,NA,NA
2903,11/19/2015,797,H1127,M,0.26,CMM,20.745,7.198,4.228,3.018,1.925,2.617,2.001,2.288,4.369,3.823,NA,NA
3329,1/26/2016,911,H1127,M,0.5,AN,26.942,8.672,3.94,3.788,2.61,3.649,2.798,3.309,5.638,4.909,NA,NA
3787,4/21/2016,1054,H1127,M,0.87,CMM,30.18,10.066,5.415,4.732,3.1,4.742,3.314,3.675,7.259,6.435,NA,NA
4371,8/4/2016,1207,H1127,M,1.35,CMM,37.4,11.985,5.727,5.035,3.737,6.578,4.581,5.112,8.641,7.61,NA,NA
4362,8/4/2016,1204,H1128,F,1.31,CMM,36.199,11.646,6.983,5.248,3.688,5.783,3.371,3.821,8.045,7.223,AS - Remeasured Head Length,RM Set 1
6241,11/14/2017,1710,H1128,F,2.93,CMM,43.03,12.375,6.474,5.423,4.469,6.317,4.005,4.501,9.747,7.979,AS - Remeasured Radius and Ulna,RM Set 1
2665,10/28/2015,741,H1128,F,0.29,CMM,20.998,6.931,4.041,3.278,1.966,2.967,1.781,2.265,4.124,3.786,NA,NA
2956,11/30/2015,811,H1128,F,0.31,CMM,23.614,7.595,4.284,2.954,2.174,3.166,1.929,2.125,4.922,4.246,NA,NA
3319,1/26/2016,908,H1128,F,0.51,CMM,26.225,8.513,4.597,3.933,2.541,3.807,2.437,2.695,5.335,4.881,NA,NA
3776,4/21/2016,1051,H1128,F,1.12,CMM,34.016,10.391,5.265,5.236,3.155,5.305,3.841,4.216,7.154,6.64,NA,NA
6272,11/30/2017,1720,H1131,M,3.6,CMM,50.306,14.193,7.986,6.699,5.175,7.613,4.494,4.873,11.122,8.727,AS - Remeasured Radius,RM Set 1
2671,10/28/2015,742,H1131,M,0.23,CMM,20.05,6.924,3.76,NA,1.819,NA,NA,NA,3.809,3.39,NA,NA
2899,11/19/2015,797,H1131,M,0.23,CMM,21.51,6.955,3.86,2.595,1.723,2.482,1.812,1.982,4.233,3.749,NA,NA
3325,1/26/2016,910,H1131,M,0.45,CMM,25.597,8.154,4.38,3.69,2.428,3.827,2.385,2.696,5.318,4.567,NA,NA
3781,4/21/2016,1052,H1131,M,0.93,CMM,33.737,10.313,5.099,4.49,3.097,4.444,3.614,3.923,7.026,6.528,NA,NA
4365,8/4/2016,1205,H1131,M,1.16,CMM,35.927,9.398,7.201,5.181,3.624,5.595,3.671,3.961,8.359,6.965,NA,NA
6147,10/19/2017,1685,H1131,M,4.57,CMM,49.215,13.245,8.292,6.857,5.287,8.561,5.694,6.626,11.785,10.215,NA,NA
4356,8/4/2016,1202,H1132,M,1.8,CMM,42.065,12.647,7.49,5.646,4.079,6.985,5.026,5.219,9.556,8.661,AS - Remeasured Head Length,RM Set 1
2661,10/28/2015,740,H1132,M,0.22,CMM,19.432,6.319,3.645,2.633,1.818,3.023,1.567,1.857,4.248,3.602,NA,NA
2947,11/30/2015,809,H1132,M,0.26,CMM,22.5,6.972,4.027,2.943,1.908,2.986,2.323,2.831,4.516,4.3,NA,NA
3314,1/26/2016,907,H1132,M,0.47,CMM,26.171,8.622,4.14,3.564,2.488,3.727,2.511,2.692,5.639,5.155,NA,NA
3771,4/21/2016,1050,H1132,M,1.35,CMM,35.764,10.745,5.612,4.966,3.325,5.863,4.427,4.638,8.03,7.851,NA,NA
6262,11/17/2017,1717,H1132,M,5.5,CMM,49.996,14.193,7.987,7.033,4.894,8.77,6.803,7.778,12.209,10.848,NA,NA
2669,10/28/2015,741,H1136,M,0.25,CMM,20.088,6.359,4.012,2.964,1.802,3.007,1.904,2.076,4.08,3.701,NA,NA
2896,11/19/2015,796,H1136,M,0.23,CMM,21.082,6.978,3.982,3.016,1.934,2.699,1.651,2.201,4.308,3.885,NA,NA
3324,1/26/2016,910,H1136,M,0.44,CMM,25.776,8.175,4.551,3.676,2.471,3.457,2.559,3.075,5.262,4.972,NA,NA
3782,4/21/2016,1052,H1136,M,1.16,CMM,33.904,10.362,5.162,4.626,3.082,4.799,3.871,4.27,7.357,6.727,NA,NA
4368,8/4/2016,1206,H1136,M,1.35,CMM,38.804,10.109,6.81,5.034,3.217,5.773,3.76,3.947,8.805,7.729,NA,NA
6148,10/19/2017,1685,H1136,M,4.7,CMM,48.875,13.833,7.809,6.54,5.297,8.316,6.183,6.955,11.859,9.837,NA,NA
6204,11/7/2017,1702,H1136,M,4.59,CMM,49.134,13.363,8.364,6.313,5.075,8.326,5.995,7.208,11.907,10.54,NA,NA
2672,10/28/2015,742,H1137,M,0.25,CMM,21.558,7.027,3.869,2.386,2.016,2.961,1.838,2.351,4.143,4.093,NA,NA
2900,11/19/2015,797,H1137,M,0.26,CMM,22.782,7.39,3.92,NA,1.994,3.028,2.326,2.553,4.825,4.333,NA,NA
3328,1/26/2016,911,H1137,M,0.52,AN,26.616,8.483,4.241,3.724,3.007,3.367,2.238,2.654,5.978,5.211,NA,NA
3785,4/21/2016,1053,H1137,M,1.4,CMM,36.074,11.051,5.07,NA,3.62,4.969,4.063,4.559,7.61,7.433,NA,NA
4372,8/4/2016,1207,H1137,M,1.75,CMM,41.786,12.127,6.118,5.514,3.938,7.921,5.64,5.419,9.65,8.735,NA,NA
6149,10/19/2017,1686,H1137,M,4.98,CMM,49.942,14.573,8.334,6.649,4.982,8.878,5.907,6.6,12.279,10.387,NA,NA
6189,11/7/2017,1697,H1137,M,4.85,CMM,50.688,14.242,8.339,6.556,5.062,8.743,6.066,7.132,12.27,10.136,NA,NA
2653,10/23/2015,738,H1138,F,0.22,CMM,20.95,7.142,3.551,2.764,1.907,2.259,1.889,2.035,3.923,3.629,NA,NA
2909,11/19/2015,799,H1138,F,0.23,CMM,22.731,7.297,3.819,2.76,2.041,3.047,2.299,2.695,4.571,4.026,NA,NA
3335,1/26/2016,912,H1138,F,0.57,CMM,26.439,8.495,4.246,3.776,2.501,3.731,2.379,2.692,5.583,4.967,NA,NA
3792,4/21/2016,1055,H1138,F,1.03,CMM,32.903,10.149,4.982,4.349,3.026,4.689,4.298,4.049,6.648,6.208,NA,NA
4378,8/4/2016,1209,H1138,F,1.28,CMM,36.74,10.836,5.183,4.832,4.045,5.308,4.042,4.415,7.187,7.266,NA,NA
6164,10/19/2017,1691,H1138,F,2.39,CMM,40.165,11.981,6.103,5.033,4.156,6.093,4.805,5.531,8.832,7.597,NA,NA
6188,11/7/2017,1697,H1138,F,2.11,CMM,39.607,11.071,6.336,5.045,4.08,6.176,4.675,5.054,9.237,7.801,NA,NA
4367,8/4/2016,1205,H1141,M,1.62,CMM,40.836,12.386,7.155,5.271,3.651,6.52,3.85,4.407,9.091,7.793,AS - Remeasured Head Length,RM Set 1
2668,10/28/2015,741,H1141,M,0.23,CMM,19.886,6.638,3.644,2.406,1.533,2.346,1.709,2.263,3.731,3.35,NA,NA
2898,11/19/2015,796,H1141,M,0.26,CMM,22.197,7.073,3.762,2.717,2.047,3.09,1.951,2.301,4.116,3.896,NA,NA
3326,1/26/2016,910,H1141,M,0.5,CMM,26.974,8.686,4.479,3.637,2.455,3.887,2.624,3.078,5.403,4.795,NA,NA
3783,4/21/2016,1053,H1141,M,1.23,CMM,34.06,10.887,5.287,5.108,3.241,5.053,3.717,4.049,7.222,6.526,NA,NA
6158,10/19/2017,1689,H1141,M,5.41,CMM,50.705,13.141,8.342,6.657,5.306,9.414,6.479,7.411,12.202,9.952,NA,NA
6275,11/30/2017,1721,H1141,M,5.32,CMM,52.064,14.542,8.241,6.727,4.971,7.192,5.545,6.764,12.307,10.291,NA,NA
4358,8/4/2016,1203,H1142,M,1.61,CMM,39.904,12.128,7.028,4.885,3.63,6.168,3.942,4.461,8.949,8.1,AS - Remeasured Head Length,RM Set 1
2662,10/28/2015,740,H1142,M,0.16,CMM,19.851,6.459,3.693,2.486,1.792,2.553,1.962,2.169,3.983,3.586,AS - Remeasured Pectoral and Humerus,RM Set 1
2952,11/30/2015,810,H1142,M,0.25,CMM,23.018,7.313,3.982,2.971,2.21,3.326,2.181,2.45,4.45,4.12,NA,NA
3317,1/26/2016,908,H1142,M,0.44,CMM,26.529,8.317,4.207,3.249,2.215,3.398,2.686,3.025,5.067,4.859,NA,NA
3774,4/21/2016,1050,H1142,M,1.28,CMM,35.757,11.177,5.691,4.412,3.23,6.03,4.206,4.643,7.636,7.231,NA,NA
6245,11/14/2017,1712,H1142,M,5.78,CMM,48.6,13.229,8.517,6.956,5.328,8.826,5.49,6.21,12.073,9.809,NA,NA
4370,8/4/2016,1206,H1143,M,1.88,CMM,42.21,12.105,7.521,5.554,3.848,7.09,4.512,4.83,9.418,8.736,AS - Remeasured Head Length,RM Set 1
2673,10/28/2015,742,H1143,M,0.22,CMM,19.671,6.203,3.845,NA,2.001,2.848,1.519,1.747,3.952,3.321,NA,NA
2902,11/19/2015,797,H1143,M,0.23,CMM,21.169,6.739,3.583,2.809,2.011,3.094,2.106,2.229,4.594,4.051,NA,NA
3330,1/26/2016,911,H1143,M,0.5,AN,26.763,8.066,4.148,3.624,2.674,3.584,2.642,3.229,5.435,5.111,NA,NA
3786,4/21/2016,1053,H1143,M,1.29,CMM,34.919,10.243,5.451,4.966,3.656,5.393,4.079,4.036,7.548,7.112,NA,NA
2676,10/28/2015,743,H1144,M,0.26,CMM,20.539,6.909,4.084,2.87,1.845,2.838,2.089,2.225,3.931,3.481,AS - Remeasured Pectoral,RM Set 1
2906,11/19/2015,798,H1144,M,0.27,CMM,21.681,7.157,3.967,3.131,2.108,3.207,2.51,2.29,4.187,3.826,NA,NA
3333,1/26/2016,912,H1144,M,0.51,CMM,26.545,8.596,4.327,3.881,2.767,3.458,2.705,3.082,5.658,4.952,NA,NA
3790,4/21/2016,1054,H1144,M,1.26,CMM,35.212,10.757,5.275,5.012,3.405,5.109,3.905,4.018,7.222,6.923,NA,NA
4375,8/4/2016,1208,H1144,M,1.68,CMM,39.407,11.991,6.106,5.922,4.044,6.67,4.478,4.725,8.995,8.356,NA,NA
6162,10/19/2017,1690,H1144,M,4.97,CMM,52.425,14.581,8.23,7.217,5.09,8.383,6.141,7.113,12.253,10.184,NA,NA
6277,11/30/2017,1721,H1144,M,5.02,CMM,49.911,14.974,8.49,7.51,5.165,8.774,6.14,6.653,11.659,9.861,NA,NA
4366,8/4/2016,1205,H1146,M,1.49,CMM,38.886,11.818,7.26,5.024,3.583,6.122,4.006,4.263,8.149,7.331,AS - Remeasured Head Length,RM Set 1
2666,10/28/2015,741,H1146,M,0.24,CMM,19.007,6.339,3.726,2.916,1.85,2.273,NA,NA,3.82,3.269,NA,NA
2894,11/19/2015,796,H1146,M,0.26,CMM,21.392,6.853,3.796,2.887,1.907,2.625,2.181,2.563,3.944,3.922,NA,NA
3322,1/26/2016,909,H1146,M,0.43,CMM,25.486,8.506,4.246,3.514,2.526,3.391,2.646,2.828,4.978,4.714,NA,NA
3780,4/21/2016,1052,H1146,M,1.13,CMM,32.355,10.251,5.369,4.779,3.411,4.698,3.23,3.76,6.81,6.033,NA,NA
6151,10/19/2017,1686,H1146,M,4.4,CMM,47.485,14.085,7.864,6.17,5.257,8.52,5.554,6.403,10.187,9.293,NA,NA
6185,11/7/2017,1696,H1146,M,4.45,CMM,47.82,13.742,8.248,6.562,5.096,7.289,5.19,5.684,11.092,9.079,NA,NA
4360,8/4/2016,1203,H1147,F,1.36,CMM,36.249,10.366,6.852,5.178,3.157,5.322,3.315,3.798,7.852,6.452,AS - Remeasured Head Length,RM Set 1
2658,10/28/2015,739,H1147,F,0.19,CMM,19.042,6.089,3.597,NA,1.859,2.847,1.63,2.079,4.006,3.105,NA,NA
2951,11/30/2015,810,H1147,F,0.28,CMM,22.102,6.761,4.249,3.282,2.301,3.33,1.934,2.215,4.431,3.911,NA,NA
3315,1/26/2016,907,H1147,F,0.49,CMM,26.214,8.027,4.462,3.637,2.498,3.741,2.601,2.949,5.377,4.681,NA,NA
3773,4/21/2016,1050,H1147,F,1.09,CMM,33.806,10.022,4.8,4.661,3.266,4.642,3.835,3.77,6.764,6.377,NA,NA
6243,11/14/2017,1711,H1147,F,3.11,CMM,42.524,11.017,5.9,5.319,4.119,5.966,4.526,5.221,8.497,7.844,NA,NA
3331,1/26/2016,911,H1149,F,0.64,AN,28.046,8.848,4.271,3.702,2.762,4.79,2.171,2.886,5.765,5.51,AS - Remeasured Humerus,RM Set 1
6200,11/7/2017,1701,H1149,F,2.7,CMM,42.231,11.922,6.39,4.911,4.288,6.429,4.443,4.944,8.769,7.25,AS - Remeasured Tibia,RM Set 1
2677,10/28/2015,743,H1149,F,0.32,CMM,21.015,6.766,4.059,2.986,1.94,2.285,2.029,2.227,4.18,3.76,NA,NA
2904,11/19/2015,798,H1149,F,0.34,CMM,23.844,7.502,4.185,NA,2.509,3.476,2.028,2.21,5.375,4.274,NA,NA
3788,4/21/2016,1054,H1149,F,1.21,CMM,34.255,10.415,4.907,4.476,3.274,4.371,3.57,3.844,7.513,6.83,NA,NA
4373,8/4/2016,1207,H1149,F,1.41,CMM,37.394,11.336,5.411,4.447,3.291,5.255,4.191,4.392,7.758,8.018,NA,NA
6143,10/19/2017,1684,H1149,F,2.73,CMM,40.991,11.17,6.664,5.313,4.324,5.031,3.466,4.091,9.014,7.644,NA,NA
2657,10/28/2015,739,H1150,F,0.18,CMM,19.054,6.15,3.663,3.013,1.643,2.984,NA,1.805,4.008,3.313,NA,NA
2950,11/30/2015,810,H1150,F,0.31,CMM,22.551,7.713,4.201,NA,2.422,3.484,2.378,2.504,4.791,4.23,NA,NA
2747,11/4/2015,760,H1151,F,0.15,CMM,18.458,6.095,3.631,2.352,1.899,2.963,NA,1.914,3.747,3.356,NA,NA
2940,11/30/2015,807,H1151,F,0.2,CMM,20.542,6.972,3.834,2.799,1.949,2.997,1.91,1.969,3.766,3.55,NA,NA
3378,2/1/2016,925,H1151,F,0.45,AN,27.798,8.164,4.083,3.838,2.614,3.753,2.596,2.916,5.172,5.012,NA,NA
3825,4/29/2016,1064,H1151,F,1.17,CMM,33.824,10.071,5.424,4.974,3.555,5.812,3.52,4.045,7.07,6.447,NA,NA
4347,8/4/2016,1200,H1151,F,1.61,CMM,35.98,10.168,6.458,5.195,3.263,5.713,3.32,3.757,8.296,7.158,NA,NA
6263,11/17/2017,1717,H1151,F,2.26,CMM,41.395,11.7,5.974,4.866,4.388,6.083,3.949,4.617,9.564,8.312,NA,NA
2667,10/28/2015,741,H1153,M,0.24,CMM,20.212,6.801,3.725,2.688,1.872,2.958,NA,NA,4.342,3.472,NA,NA
2895,11/19/2015,796,H1153,M,0.25,CMM,21.356,6.948,4.074,2.707,1.816,2.726,2.005,2.192,4.607,4.25,NA,NA
3321,1/26/2016,909,H1153,M,0.46,CMM,24.59,8.574,4.481,3.887,2.368,3.949,2.559,2.831,4.751,4.515,NA,NA
3778,4/21/2016,1051,H1153,M,1.19,CMM,33.03,10.188,5.345,5.077,3.446,4.722,3.763,3.933,6.956,6.143,NA,NA
4363,8/4/2016,1204,H1153,M,1.59,CMM,39.218,10.04,7.39,5.411,3.605,6.717,4.369,4.988,8.633,7.198,NA,NA
6150,10/19/2017,1686,H1153,M,5.15,CMM,47.693,14.218,8.228,6.882,5.463,8.583,5.182,5.791,11.271,9.5,NA,NA
6205,11/7/2017,1702,H1153,M,5.09,CMM,47.998,14.279,7.539,6.847,5.501,7.227,5.328,6.144,12.005,10.029,NA,NA
2679,10/28/2015,743,H1154,M,0.22,CMM,19.138,6.954,4.157,2.675,1.767,2.02,1.627,2.158,3.69,3.415,NA,NA
2907,11/19/2015,798,H1154,M,0.26,CMM,22.627,7.053,3.998,3.018,2.036,2.779,2.174,2.207,4.442,4.148,NA,NA
3334,1/26/2016,912,H1154,M,0.6,CMM,27.405,8.829,4.85,4.213,2.808,4.58,2.694,3.132,5.508,5.082,NA,NA
3791,4/21/2016,1055,H1154,M,1.26,CMM,35.931,10.805,5.846,5.402,3.751,5.52,3.848,4.432,7.983,7.337,NA,NA
4376,8/4/2016,1208,H1154,M,1.94,CMM,42.543,12.609,6.178,6.134,4.265,7.146,4.883,5.126,9.689,8.843,NA,NA
6166,10/19/2017,1692,H1154,M,5.3,CMM,50.128,13.932,8.912,7.641,5.882,9.62,6.232,7.245,12.266,10.316,NA,NA
6184,11/7/2017,1695,H1154,M,5.56,CMM,50.409,13.714,8.913,7.688,5.586,8.482,5.848,6.528,11.321,10.412,NA,NA
4369,8/4/2016,1206,H1156,M,1.9,CMM,42.519,13.073,7.611,5.909,3.975,6.593,4.327,4.811,9.904,8.35,AS - Remeasured Head Length,RM Set 1
2675,10/28/2015,743,H1156,M,0.26,CMM,19.679,6.679,4.144,3.137,2.045,2.625,1.733,1.981,3.895,4.172,NA,NA
2901,11/19/2015,797,H1156,M,0.29,CMM,23.092,7.703,3.944,3.275,2.196,3.415,2.156,2.524,4.668,4.124,NA,NA
3327,1/26/2016,910,H1156,M,0.51,CMM,26.245,8.677,4.875,4.028,2.757,3.68,2.648,2.914,5.652,5.04,NA,NA
3784,4/21/2016,1053,H1156,M,1.37,CMM,36.66,11.531,5.525,4.66,3.339,5.746,4.4,4.563,7.798,6.933,NA,NA
6146,10/19/2017,1685,H1156,M,4.53,CMM,53.259,15.604,8.396,7.211,5.526,8.59,6.474,7.17,11.718,9.981,NA,NA
6187,11/7/2017,1696,H1156,M,4.74,CMM,52.059,15.21,7.909,7.201,5.494,8.276,6.565,7.428,12.244,9.188,NA,NA
2664,10/28/2015,740,H1157,M,0.23,CMM,21.065,6.66,3.744,NA,1.812,2.882,NA,NA,4.186,3.56,NA,NA
2955,11/30/2015,811,H1157,M,0.28,CMM,23.314,7.577,3.928,3.211,2.127,3.075,2.272,2.489,4.679,4.209,NA,NA
3320,1/26/2016,909,H1157,M,0.45,CMM,26.447,8.785,4.376,3.605,2.413,3.857,2.736,3.084,5.343,4.896,NA,NA
3777,4/21/2016,1051,H1157,M,1.14,CMM,35.842,10.889,5.427,4.693,3.49,5.224,4.305,4.433,7.983,7.102,NA,NA
4361,8/4/2016,1204,H1157,M,1.63,CMM,38.155,9.821,7.561,5.35,3.741,6.242,4.116,4.617,8.993,7.622,NA,NA
6239,11/14/2017,1710,H1157,M,5.34,CMM,49.391,13.679,8.567,6.002,5.498,8.909,4.94,5.89,11.705,9.829,NA,NA
2651,10/23/2015,738,H1158,M,0.19,CMM,19.488,6.603,3.601,2.654,1.693,NA,NA,NA,3.831,3.376,NA,NA
2911,11/19/2015,799,H1158,M,0.27,CMM,21.145,6.816,4.02,3.007,2.162,3.088,1.882,2.356,4.693,4.147,NA,NA
3337,1/26/2016,913,H1158,M,0.54,CMM,26.411,8.185,4.597,3.781,2.492,4.058,2.875,3.225,5.57,4.924,NA,NA
3795,4/21/2016,1056,H1158,M,1.25,CMM,34.034,10.651,5.569,5.227,3.753,6.414,3.602,4.029,8.108,7.857,NA,NA
4379,8/4/2016,1209,H1158,M,1.93,CMM,40.198,11.881,6.195,5.969,4.199,7.71,5.692,6.126,9.176,9.078,NA,NA
6168,10/19/2017,1692,H1158,M,3.21,CMM,47.535,13.704,8.011,7.809,5.058,7.803,5.534,6.921,12.714,10.389,NA,NA
6186,11/7/2017,1696,H1158,M,2.9,CMM,48.251,13.899,7.574,6.366,5.026,8.059,5.961,6.816,12.512,11.007,NA,NA
2728,11/4/2015,756,H1159,M,0.24,AN,24.093,7.046,3.998,3.124,2.113,2.788,1.77,2.212,4.213,3.717,NA,NA
2958,11/30/2015,812,H1159,M,0.27,CMM,23.303,7.446,4.395,3.415,2.229,3.116,2.279,2.329,4.56,4.185,NA,NA
3360,2/1/2016,920,H1159,M,0.4,AN,27.073,8.465,4.104,3.482,2.457,3.623,2.975,3.136,5.301,4.785,NA,NA
2733,11/4/2015,757,H1161,F,0.24,CMM,20.007,6.728,3.955,2.817,2.101,2.899,1.858,2.127,4.452,3.702,NA,NA
2963,11/30/2015,813,H1161,F,0.25,CMM,21.66,7.393,4.307,2.973,2.26,3.04,2.083,2.35,4.573,4.199,NA,NA
3363,2/1/2016,921,H1161,F,0.39,AN,26.315,7.625,4.205,3.856,2.421,3.79,2.437,2.754,5.222,4.824,NA,NA
3810,4/29/2016,1061,H1161,F,0.9,CMM,31.467,9.764,5.287,4.687,3.228,5.139,3.686,3.991,7.416,6.423,NA,NA
4332,8/4/2016,1196,H1161,F,1.22,CMM,35.824,9.455,6.077,4.639,3.379,5.486,3.646,4.147,8.125,6.999,NA,NA
2660,10/28/2015,740,H1164,M,0.19,CMM,20.318,6.918,3.424,NA,1.861,2.46,1.728,2.103,4.058,3.546,NA,NA
2954,11/30/2015,810,H1164,M,0.23,CMM,22.051,7.246,3.983,2.757,1.936,2.78,1.671,2.172,4.441,3.993,NA,NA
3832,4/29/2016,1066,H1165,F,0.72,CMM,31.759,10.278,4.778,4.04,2.842,4.394,3.305,3.676,6.658,6.103,AS - Remeasured Head Length,RM Set 1
2655,10/28/2015,739,H1165,F,0.27,CMM,20.723,6.674,4.151,2.941,2.042,3.139,2.126,2.322,4.222,3.948,NA,NA
2946,11/30/2015,809,H1165,F,0.34,CMM,23.507,7.567,4.33,3.475,2.342,3.497,2.422,2.464,5.092,4.74,NA,NA
3384,2/1/2016,926,H1165,F,0.45,AN,27.314,8.575,3.956,3.571,2.525,3.723,2.553,2.831,5.145,4.884,NA,NA
4354,8/4/2016,1202,H1165,F,0.95,CMM,32.428,10.035,6.513,5.029,2.996,5.1,3.184,3.789,7.369,6.214,NA,NA
6244,11/14/2017,1711,H1165,F,2.01,CMM,39.568,11.507,6.698,5.407,4.123,5.478,3.688,4.212,10.048,8.568,NA,NA
2745,11/4/2015,760,H1166,F,0.24,CMM,21.287,7.391,3.755,3.265,1.999,3.129,1.849,2.38,4.181,3.598,NA,NA
2939,11/30/2015,807,H1166,F,0.25,CMM,22.547,7.286,4.175,3.109,1.921,3.304,2.363,2.688,4.422,3.96,NA,NA
3376,2/1/2016,924,H1166,F,0.35,RH,25.108,8.086,4.249,3.363,2.258,3.833,2.525,2.794,5.54,4.832,NA,NA
3824,4/29/2016,1064,H1166,F,0.99,CMM,32.543,10.238,5.223,4.829,3.282,4.714,3.268,3.849,6.714,6.428,NA,NA
4345,8/4/2016,1200,H1166,F,1.15,CMM,34.255,10.393,6.25,5.242,3.669,5.145,2.901,3.73,7.664,6.936,NA,NA
2656,10/28/2015,739,H1167,F,0.26,CMM,21.751,7.078,3.166,NA,1.854,2.983,2.149,2.242,4.005,3.605,NA,NA
2949,11/30/2015,809,H1167,F,0.27,CMM,23.883,7.61,4.067,3.376,2.237,2.901,2.421,2.815,4.658,4.414,NA,NA
3316,1/26/2016,907,H1167,F,0.43,CMM,25.413,8.214,4.497,3.682,2.651,3.803,2.774,3.176,5.297,4.636,NA,NA
3772,4/21/2016,1050,H1167,F,0.86,CMM,30.477,9.711,4.765,4.393,2.906,4.383,3.682,4.069,6.641,6.45,NA,NA
4357,8/4/2016,1203,H1167,F,1.04,CMM,33.736,9.229,5.913,4.598,2.955,5.224,3.698,3.983,6.96,6.034,NA,NA
2736,11/4/2015,758,H1171,F,0.21,AN,20.45,6.495,3.748,2.758,1.962,2.572,2.016,2.413,4.058,3.622,NA,NA
2932,11/30/2015,806,H1171,F,0.23,CMM,21.585,7.051,4.218,2.703,2.098,3.142,1.802,2.158,4.312,3.856,NA,NA
3369,2/1/2016,923,H1171,F,0.53,RH,26.593,8.656,4.924,4.108,2.587,4.069,2.788,3.335,5.492,4.793,NA,NA
3817,4/29/2016,1062,H1171,F,0.77,CMM,30.792,9.698,5.137,4.377,2.942,4.254,3.339,3.483,7.151,6.257,NA,NA
4339,8/4/2016,1198,H1171,F,1.01,CMM,33.034,8.867,6.146,4.62,3.043,5.484,3.064,3.624,7.35,6.208,NA,NA
2751,11/4/2015,761,H1172,F,0.26,CMM,20.81,6.603,3.834,3.003,1.94,2.79,1.902,2.248,3.939,3.535,NA,NA
2944,11/30/2015,808,H1172,F,0.29,CMM,21.521,7.086,3.788,3.095,2.177,3.08,2.132,2.364,4.143,3.807,NA,NA
3381,2/1/2016,926,H1172,F,0.57,AN,27.894,8.377,3.988,4.044,2.659,3.932,3.22,3.429,5.281,5.106,NA,NA
3829,4/29/2016,1065,H1172,F,1.17,CMM,35.538,11.323,4.942,4.923,3.556,5.097,3.942,4.154,7.282,7.123,NA,NA
4351,8/4/2016,1201,H1172,F,1.61,CMM,37.35,10.56,6.33,5.15,3.718,5.468,3.805,4.125,8.257,7.556,NA,NA
6240,11/14/2017,1710,H1172,F,2.56,CMM,39.857,10.77,6.24,5.197,4.325,5.917,4.179,4.417,8.477,8.212,NA,NA
2723,11/4/2015,755,H1173,M,0.17,AN,20.392,6.459,3.094,2.539,1.979,3.02,2.052,2.414,3.578,3.329,NA,NA
3018,12/2/2015,825,H1173,M,0.14,CMM,20.339,6.728,3.778,2.596,1.678,2.47,1.884,2.145,3.809,3.561,NA,NA
3356,2/1/2016,919,H1173,M,0.34,AN,25.825,8.454,4.147,3.61,2.516,3.791,2.562,2.82,5.058,4.331,NA,NA
3804,4/29/2016,1059,H1173,M,1.02,CMM,32.888,10.202,5.137,4.304,2.903,4.772,3.815,4.154,6.444,5.959,NA,NA
4399,8/4/2016,1215,H1173,M,1.53,CMM,40.108,12.254,5.794,5.372,3.721,6.051,4.264,4.818,8.839,7.784,NA,NA
6192,11/7/2017,1698,H1173,M,5.16,CMM,50.048,14.047,7.891,7.239,4.944,7.717,4.948,5.812,11.755,9.981,NA,NA
4342,8/4/2016,1199,H1175,F,1.23,CMM,36.869,10.835,5.954,4.525,3.498,5.381,3.142,3.766,7.588,6.72,AS - Remeasured Head Length,RM Set 1
2735,11/4/2015,758,H1175,F,0.21,AN,21.316,6.562,3.444,2.545,1.845,2.637,2.065,2.583,3.729,3.45,NA,NA
2935,11/30/2015,806,H1175,F,0.26,CMM,22.511,7.04,4.23,3.173,2.325,2.966,1.823,2.08,4.568,4.265,NA,NA
3371,2/1/2016,923,H1175,F,0.42,RH,26.346,8.415,4.787,3.676,2.59,3.53,2.466,3.036,5.917,5.587,NA,NA
3820,4/29/2016,1063,H1175,F,1.03,CMM,31.581,9.371,4.952,4.53,3.122,4.814,3.811,3.662,6.935,6.133,NA,NA
2813,11/10/2015,776,H1176,M,0.2,CMM,18.981,6.192,3.782,2.846,1.548,2.436,NA,NA,4.165,3.547,NA,NA
3011,12/2/2015,824,H1176,M,0.2,CMM,20.445,6.867,4.088,2.887,2.201,2.817,1.708,1.923,4.254,3.677,NA,NA
3396,2/3/2016,929,H1176,M,0.42,CMM,25.341,8.275,4.254,3.421,2.647,3.845,2.604,2.834,5.504,4.829,NA,NA
3892,5/13/2016,1083,H1176,M,1.18,RH,35.389,11.176,5.127,4.954,3.189,5.119,4.332,4.573,7.032,7.053,NA,NA
4393,8/4/2016,1213,H1176,M,1.54,CMM,37.388,11.589,5.978,5.747,3.639,6.33,4.12,4.851,8.256,8.135,NA,NA
6182,11/7/2017,1695,H1176,M,4.08,CMM,47.061,13.232,8.302,7.194,5.433,7.473,5.718,6.408,11.861,9.982,NA,NA
2734,11/4/2015,757,H1177,F,0.24,CMM,20.285,6.353,3.51,2.827,1.907,2.726,1.903,2.213,3.818,3.322,NA,NA
2964,11/30/2015,813,H1177,F,0.25,CMM,21.492,7.099,4.164,2.671,1.817,3.016,2.143,2.377,4.233,4.06,NA,NA
3366,2/1/2016,922,H1177,F,0.53,RH,26.469,8.513,4.611,3.623,2.455,4.519,3.362,3.804,5.647,5.41,NA,NA
3814,4/29/2016,1062,H1177,F,1.03,CMM,33.234,10.295,4.99,4.761,3.379,5.133,4.101,4.253,7.232,7.126,NA,NA
4336,8/4/2016,1197,H1177,H,1.26,CMM,34.79,8.812,6.436,4.949,3.486,6.043,3.954,4.159,7.433,6.526,NA,NA
4335,8/4/2016,1197,H1178,M,1.44,CMM,39.487,11.999,7.118,5.506,3.34,6.503,4.322,4.641,8.886,7.958,AS - Remeasured Head Length,RM Set 1
2754,11/4/2015,761,H1178,M,0.18,CMM,19.207,6.169,2.979,NA,1.964,2.557,1.854,2.459,4.058,3.632,NA,NA
2961,11/30/2015,812,H1178,M,0.18,CMM,21.264,6.82,4.057,NA,1.757,2.826,2.069,2.309,4.003,3.808,NA,NA
3361,2/1/2016,921,H1178,M,0.45,AN,27.805,8.615,4.244,3.577,2.614,3.627,2.231,2.58,5.236,4.702,NA,NA
3813,4/29/2016,1061,H1178,M,1.16,CMM,35.833,10.621,5.33,4.477,3.675,5.351,4.11,4.316,7.98,7.032,NA,NA
2725,11/4/2015,755,H1179,M,0.25,AN,21.138,6.732,3.695,3.031,2.004,2.768,2.263,2.503,3.861,3.339,NA,NA
3017,12/2/2015,825,H1179,M,0.25,CMM,23.115,7.669,3.863,3.031,1.943,2.887,2.227,2.315,4.554,4.053,NA,NA
3354,2/1/2016,919,H1179,M,0.43,AN,27.753,8.825,4.175,3.784,2.558,3.902,3.045,3.126,5.35,4.782,NA,NA
3803,4/29/2016,1059,H1179,M,1.2,CMM,34.747,10.256,5.28,4.992,3.36,5.165,4.141,4.275,7.436,6.819,NA,NA
4400,8/4/2016,1216,H1179,M,1.93,CMM,42.744,12.349,5.823,5.713,4.204,6.662,4.844,4.9,8.745,8.669,NA,NA
4329,8/4/2016,1196,H1180,F,1.24,CMM,34.132,10.597,6.592,5.15,3.592,5.995,3.575,3.864,7.535,6.804,AS - Remeasured Head Length,RM Set 1
6197,11/7/2017,1700,H1180,F,2.6,CMM,40.943,11.264,6.042,4.993,4.209,5.781,4.295,4.731,8.682,7.149,AS - Remeasured Tibia,RM Set 1
2730,11/4/2015,756,H1180,F,0.22,AN,18.989,6.368,3.598,2.736,1.809,2.301,1.906,2.119,3.545,3.289,JG remeasured SVL,Mass/SVL check
3020,12/2/2015,826,H1180,F,0.18,CMM,20.485,6.911,3.496,2.708,1.804,2.971,1.978,2.306,3.831,3.634,NA,NA
3357,2/1/2016,920,H1180,F,0.39,AN,26.338,8.423,3.943,3.572,2.406,3.697,2.96,3.187,5.044,4.588,NA,NA
3807,4/29/2016,1060,H1180,F,0.81,CMM,30.729,9.371,5.036,4.437,3.659,4.334,2.95,3.33,6.803,6.418,NA,NA
4333,8/4/2016,1197,H1181,F,1.26,CMM,33.956,10.249,6.658,5.063,3.417,5.864,3.47,3.884,7.628,6.63,AS - Remeasured Head Length,RM Set 1
2731,11/4/2015,756,H1181,F,0.18,AN,20.21,6.315,3.683,2.859,1.824,2.468,1.864,2.214,3.994,3.533,NA,NA
2966,11/30/2015,813,H1181,F,0.19,CMM,22.133,7.283,3.863,2.858,1.888,2.906,2.063,2.316,4.407,4.127,NA,NA
3359,2/1/2016,920,H1181,F,0.36,AN,24.622,8.506,4.017,3.55,2.315,3.333,2.201,2.465,5.085,4.605,NA,NA
3811,4/29/2016,1061,H1181,F,0.82,CMM,31.382,9.65,5.189,4.689,3.271,4.761,3.498,3.74,6.593,6.148,NA,NA
2732,11/4/2015,757,H1184,M,0.18,CMM,18.555,5.933,3.709,NA,1.605,2.296,NA,NA,3.547,3.025,NA,NA
2959,11/30/2015,812,H1184,M,0.2,CMM,20.104,7.117,3.875,2.906,2.013,2.932,2.119,2.135,4.064,3.648,NA,NA
3362,2/1/2016,921,H1184,M,0.46,AN,26.671,8.449,4.361,3.782,2.587,4.074,2.843,3.009,5.331,4.748,NA,NA
3812,4/29/2016,1061,H1184,M,1.17,CMM,35.469,10.845,5.907,4.921,3.481,5.12,3.738,4.438,7.812,6.898,NA,NA
4334,8/4/2016,1197,H1184,M,1.79,CMM,42.173,10.948,6.831,5.413,3.625,6.902,4.027,4.923,9.346,8.206,NA,NA
4340,8/4/2016,1198,H1185,F,1.35,CMM,36.4,11.315,6.48,5.288,3.632,5.981,3.241,3.771,8.461,6.934,AS - Remeasured Head Length,RM Set 1
2737,11/4/2015,758,H1185,F,0.21,AN,21.804,6.731,3.54,2.9,1.839,2.681,1.963,2.11,3.968,3.359,NA,NA
2933,11/30/2015,806,H1185,F,0.28,CMM,21.923,6.921,4.062,3.007,2.196,3.277,2.049,2.104,4.401,3.946,NA,NA
3818,4/29/2016,1063,H1185,F,1.09,CMM,32.803,10.076,5.195,4.611,3.248,5.179,3.705,4.258,6.795,6.452,NA,NA
3370,2/1/2016,923,H1185,F,0.57,RH,27.074,8.337,4.813,3.846,2.571,4.285,2.987,3.311,5.84,5.77,Pectoral unclear,NA
2753,11/4/2015,761,H1186,F,0.24,CMM,20.138,6.806,3.681,NA,1.944,3,1.843,2.07,3.633,3.622,NA,NA
2962,11/30/2015,813,H1186,F,0.23,CMM,22.658,7.472,3.881,3.219,1.713,3.255,2.225,2.519,4.441,4.055,NA,NA
3365,2/1/2016,922,H1186,F,0.48,RH,26.64,8.419,4.872,3.808,2.405,3.721,2.952,3.269,5.534,5.405,NA,NA
3808,4/29/2016,1060,H1186,F,0.98,CMM,32.668,9.89,5.4,4.65,3.198,4.903,3.648,3.968,6.859,6.923,NA,NA
4330,8/4/2016,1196,H1186,F,1.59,CMM,37.012,9.692,6.145,4.78,3.215,5.649,3.469,4.143,7.684,7.208,NA,NA
2741,11/4/2015,759,H1188,F,0.17,CMM,18.582,6.029,3.463,2.718,1.826,2.496,NA,1.873,3.738,3.267,NA,NA
2746,11/4/2015,760,H1191,M,0.27,CMM,20.919,6.521,3.967,3.141,2.009,3.206,1.651,1.953,4.198,3.598,NA,NA
2941,11/30/2015,808,H1191,M,0.25,CMM,23.021,7.285,3.831,3.085,2.055,3.219,2.47,2.587,4.55,4.008,NA,NA
3377,2/1/2016,925,H1191,M,0.51,AN,28.221,8.544,4.256,3.772,2.619,3.719,2.766,3.044,5.491,4.866,NA,NA
3826,4/29/2016,1065,H1191,M,1.33,CMM,36.934,11.12,5.545,5.327,3.557,5.242,3.72,4.051,7.659,6.764,NA,NA
4348,8/4/2016,1200,H1191,M,1.77,CMM,39.478,11.393,7.599,5.76,3.472,5.842,3.949,4.448,8.418,7.463,NA,NA
2729,11/4/2015,756,H1192,M,0.16,AN,20.553,6.181,3.303,2.649,1.716,2.929,1.543,1.851,3.808,3.428,AS - Remeasured Humerus,RM Set 1
3021,12/2/2015,826,H1192,M,0.18,CMM,19.691,6.637,3.786,2.453,1.683,2.767,1.91,2.297,4.055,3.699,NA,NA
3358,2/1/2016,920,H1192,M,0.4,AN,25.523,8.081,3.995,3.57,2.603,3.523,2.78,3.065,5.162,5.016,NA,NA
3806,4/29/2016,1060,H1192,M,0.88,CMM,30.848,10.104,5.085,4.385,2.945,4.629,3.22,3.782,6.651,6.004,NA,NA
4402,8/4/2016,1216,H1192,M,1.49,CMM,37.104,11.331,5.945,5.19,3.543,6.717,4.275,4.453,8.195,7.284,NA,NA
6198,11/7/2017,1700,H1192,M,5.75,CMM,51.252,14.651,8.586,6.436,5.58,8.088,5.855,6.67,12.171,9.34,NA,NA
2742,11/4/2015,759,H1194,M,0.23,CMM,21.069,7.144,3.924,3.119,1.968,3.02,1.755,2.252,3.953,3.53,NA,NA
2936,11/30/2015,807,H1194,M,0.26,CMM,23.05,7.538,3.753,2.848,1.89,2.953,2.219,2.405,4.516,4.08,NA,NA
3373,2/1/2016,924,H1194,M,0.46,RH,26.356,8.564,4.554,3.442,2.274,3.627,2.515,3.027,5.052,4.586,NA,NA
3821,4/29/2016,1063,H1194,M,1.34,CMM,35.853,11.314,5.487,4.967,3.414,5.47,3.716,3.933,7.506,6.931,NA,NA
4343,8/4/2016,1199,H1194,M,1.83,CMM,41.091,11.07,7.35,5.422,3.949,6.713,3.779,4.321,9.021,7.891,NA,NA
4344,8/4/2016,1199,H1195,F,1.36,CMM,36.313,10.869,6.52,4.868,3.539,5.706,4.001,4.157,7.763,6.941,AS - Remeasured Head Length,RM Set 1
2743,11/4/2015,759,H1195,F,0.2,CMM,19.691,6.908,3.513,2.315,1.689,2.727,1.819,2.115,3.983,3.936,NA,NA
2937,11/30/2015,807,H1195,F,0.26,CMM,22.251,7.281,3.803,2.862,2.053,3.134,2.487,2.705,4.789,4.192,NA,NA
3374,2/1/2016,924,H1195,F,0.46,RH,25.904,8.605,4.632,3.714,2.613,4.021,2.901,3.284,5.676,5.212,NA,NA
3822,4/29/2016,1064,H1195,F,1.08,CMM,33.228,10.301,5.058,4.552,3.609,5.285,3.633,3.773,7.557,6.458,NA,NA
2727,11/4/2015,756,H1199,M,0.2,AN,23.13,7.451,3.661,2.9,1.91,2.424,2.05,2.179,3.85,3.619,AS - Remeasured Head Length and Tibia,RM Set 1
2960,11/30/2015,812,H1199,M,0.22,CMM,21.617,7.212,4.09,3.169,2.159,3.02,1.915,2.225,4.351,3.733,NA,NA
3364,2/1/2016,921,H1199,M,0.47,AN,27.5,8.795,4.368,3.675,2.78,3.629,2.728,3.012,5.167,4.652,NA,NA
3809,4/29/2016,1060,H1199,M,1.17,CMM,35.483,11.498,5.581,4.544,3.4,5.517,4.118,3.971,7.887,7.113,NA,NA
4331,8/4/2016,1196,H1199,M,1.83,CMM,40.041,10.67,7.582,5.538,3.542,6.754,3.959,4.652,9.398,8.296,NA,NA
2738,11/4/2015,758,H1200,M,0.19,AN,19.496,6.889,3.903,3,1.98,2.509,1.931,2.474,3.622,3.285,JG remeasured SVL,Mass/SVL check
2931,11/30/2015,806,H1200,M,0.25,CMM,22.045,7.131,3.904,3.226,2.119,3.026,2.202,2.507,4.256,3.992,NA,NA
3368,2/1/2016,922,H1200,M,0.51,RH,26.223,8.478,4.741,3.946,2.563,4.086,2.984,3.364,5.419,4.948,NA,NA
3816,4/29/2016,1062,H1200,M,1.34,CMM,36.66,11.66,5.515,5.107,3.421,5.295,4.308,4.599,7.835,7.344,NA,NA
4338,8/4/2016,1198,H1200,M,1.67,CMM,41.062,10.668,7.327,5.625,3.783,6.951,4.091,4.687,9.91,8.256,NA,NA
2744,11/4/2015,759,H1201,F,0.21,CMM,18.517,6.283,3.983,2.779,1.926,2.625,1.473,1.88,3.749,3.141,NA,NA
2938,11/30/2015,807,H1201,F,0.25,CMM,21.609,7.011,4.052,3.021,2.19,2.769,2.072,2.304,4.556,3.858,NA,NA
3375,2/1/2016,924,H1201,F,0.51,RH,26.998,8.697,4.551,3.985,2.753,4.099,2.873,3.445,5.814,5.404,NA,NA
3823,4/29/2016,1064,H1201,F,1.13,CMM,32.301,9.673,5.184,4.835,3.471,4.808,3.669,4.068,6.988,6.333,NA,NA
4346,8/4/2016,1200,H1201,F,1.72,CMM,37.558,10.502,6.819,5.505,3.32,6.154,3.854,4.441,8.114,7.431,NA,NA
3007,12/2/2015,823,H1202,M,0.24,CMM,21.683,7.064,3.976,2.427,2.122,2.988,1.7,1.925,4.307,3.877,AS - Remeasured Pectoral,RM Set 1
2810,11/10/2015,776,H1202,M,0.18,CMM,19.603,6.583,3.82,2.399,1.704,2.621,1.815,2.17,3.953,3.633,NA,NA
3393,2/3/2016,929,H1202,M,0.41,CMM,24.789,7.937,4.398,3.45,2.551,4.071,2.516,2.858,5.49,4.795,NA,NA
3889,5/13/2016,1082,H1202,M,0.87,RH,31.99,11.481,5.341,4.737,3.278,5.292,4.33,4.339,7.477,7.411,NA,NA
4388,8/4/2016,1212,H1202,M,1.33,CMM,35.058,10.807,5.769,5.014,3.375,5.998,4.291,4.535,8.38,7.765,NA,NA
2818,11/10/2015,777,H1206,M,0.26,CMM,20.599,6.725,4.057,2.8,1.716,2.914,1.777,2.158,4.074,3.624,NA,NA
3015,12/2/2015,825,H1206,M,0.23,CMM,22.009,7.704,4.261,3.013,2.136,3.128,1.937,1.99,4.333,3.836,NA,NA
3399,2/3/2016,930,H1206,M,0.44,CMM,25.334,8.36,4.371,3.625,2.716,3.548,2.617,2.83,5.459,4.765,NA,NA
3894,5/13/2016,1083,H1206,M,1.01,RH,33.692,10.202,5.219,5.076,3.082,5.315,3.92,4.126,7.773,7.465,NA,NA
4394,8/4/2016,1214,H1206,M,1.35,CMM,35.968,11.475,5.958,5.9,3.846,6.221,4.291,4.798,8.456,7.756,NA,NA
6190,11/7/2017,1697,H1206,M,4.53,CMM,53.235,15.501,9.151,7.352,5.828,9.743,7.054,7.269,13.136,10.692,NA,NA
2659,10/28/2015,739,H1207,F,0.17,CMM,18.765,6.184,3.304,2.378,1.553,2.125,1.629,2.001,3.119,3.16,NA,NA
2948,11/30/2015,809,H1207,F,0.22,CMM,20.575,6.564,3.794,2.815,2.022,3.139,2.146,2.674,4.145,3.719,NA,NA
3313,1/26/2016,907,H1207,F,0.47,CMM,24.572,8.123,4.246,3.574,2.47,3.769,2.565,2.966,4.88,4.544,NA,NA
3770,4/21/2016,1049,H1207,F,1.16,CMM,34.444,10.485,5.071,5.253,3.393,5.618,4.344,4.572,7.437,6.797,NA,NA
4355,8/4/2016,1202,H1207,F,1.5,CMM,37.076,10.81,6.852,5.192,3.08,6.716,4.101,4.536,8.985,7.124,NA,NA
6247,11/14/2017,1712,H1207,F,3.7,CMM,46.588,12.993,6.689,5.263,4.218,7.041,5.326,5.861,9.67,7.997,NA,NA
4337,8/4/2016,1198,H1208,F,1.33,CMM,37.054,10.976,6.851,5.188,3.63,6.411,3.996,4.21,8.142,7.244,AS - Remeasured Head Length,RM Set 1
2739,11/4/2015,758,H1208,F,0.19,AN,18.682,6.051,3.424,2.524,1.84,2.393,1.602,2.127,3.927,3.086,JG remeasured SVL,Mass/SVL check
2965,11/30/2015,813,H1208,F,0.2,CMM,20.213,6.666,3.872,3.108,1.958,3.272,2.001,2.256,3.972,3.514,NA,NA
3367,2/1/2016,922,H1208,F,0.46,RH,25.98,8.353,4.377,3.857,2.382,3.861,2.896,3.141,5.121,4.711,NA,NA
3815,4/29/2016,1062,H1208,F,1.07,CMM,33.055,9.694,5.156,4.776,3.303,5.54,4.02,4.433,7.07,6.409,NA,NA
2749,11/4/2015,760,H1209,M,0.23,CMM,20.342,7.1,3.823,2.714,1.953,2.856,1.893,2.226,3.709,3.222,NA,NA
2942,11/30/2015,808,H1209,M,0.24,CMM,21.632,7.112,3.973,3.243,2.455,3.363,1.999,1.991,4.619,3.918,NA,NA
3379,2/1/2016,925,H1209,M,0.48,AN,27.528,8.373,4.123,4.068,2.671,3.219,2.606,3.001,5.189,5.027,NA,NA
3827,4/29/2016,1065,H1209,M,1.12,CMM,33.944,11.811,5.269,4.989,3.822,5.617,4.058,4.352,7.32,6.573,NA,NA
4349,8/4/2016,1201,H1209,M,1.59,CMM,37.327,10.737,7.008,5.763,3.777,5.933,3.303,4.164,8.124,6.84,NA,NA
3828,4/29/2016,1065,H1210,F,0.96,CMM,33.909,11.016,4.961,4.096,3.094,5.438,3.988,4.362,7.11,6.928,AS - Remeasured Head Length,RM Set 1
2748,11/4/2015,760,H1210,F,0.2,CMM,19.711,6.791,3.573,2.696,1.955,2.659,1.821,1.848,3.822,3.349,NA,NA
2943,11/30/2015,808,H1210,F,0.23,CMM,22.218,7.208,4.221,3.338,2.123,3.164,2.332,2.652,4.533,4.027,NA,NA
3380,2/1/2016,925,H1210,F,0.44,AN,26.916,8.293,3.91,3.465,2.645,3.637,2.766,3.231,5.155,4.768,NA,NA
4350,8/4/2016,1201,H1210,F,1.27,CMM,36.347,10.901,6.296,4.658,3.185,5.868,4.114,4.382,8.114,7.164,NA,NA
2740,11/4/2015,759,H1212,M,0.21,CMM,18.815,6.334,3.386,2.76,1.649,2.226,1.826,1.829,3.737,3.069,NA,NA
2934,11/30/2015,806,H1212,M,0.19,CMM,20.259,6.685,3.628,2.397,1.82,2.829,1.901,2.174,3.912,3.652,NA,NA
3372,2/1/2016,923,H1212,M,0.39,RH,24.038,8.472,4.15,3.242,2.265,3.485,2.428,2.694,5.165,4.584,NA,NA
3819,4/29/2016,1063,H1212,M,1.22,CMM,35.689,10.987,5.415,5.134,3.517,5.273,4.307,5.097,7.633,7.164,NA,NA
4341,8/4/2016,1199,H1212,M,1.81,CMM,40.609,10.852,7.92,5.999,3.838,7.131,3.998,4.773,9.179,8.115,NA,NA
2722,11/4/2015,755,H1213,M,0.17,AN,22.317,6.793,2.695,2.643,1.918,2.484,1.622,2.104,3.73,3.11,"AS - Remeasured Head Width, Femur, and Tibia",RM Set 1
3019,12/2/2015,825,H1213,M,0.15,CMM,19.164,6.359,3.519,2.662,1.644,2.429,1.803,1.936,3.649,3.316,NA,NA
3353,2/1/2016,919,H1213,M,0.37,AN,24.218,8.725,3.504,3.39,2.534,2.991,2.373,2.616,4.832,4.263,NA,NA
3802,4/29/2016,1059,H1213,M,0.86,CMM,30.938,9.72,5.094,4.749,3.545,4.592,3.358,3.592,6.569,6.075,NA,NA
4398,8/4/2016,1215,H1213,M,1.28,CMM,35.168,11.137,5.683,4.91,3.845,6.119,3.681,4.075,8.011,7.338,NA,NA
2724,11/4/2015,755,H1214,F,0.19,AN,20.99,6.273,3.458,2.703,1.735,2.353,1.844,2.124,3.591,3.354,NA,NA
3016,12/2/2015,825,H1214,F,0.23,CMM,20.744,6.915,3.906,3.178,2.046,2.61,2.005,2.013,4.357,4.005,NA,NA
3355,2/1/2016,919,H1214,F,0.38,AN,25.249,8.266,3.949,3.616,2.4,3.253,2.599,3.058,4.974,4.541,NA,NA
3805,4/29/2016,1059,H1214,F,0.95,CMM,33.622,10.472,5.119,4.705,3.319,4.653,4.142,4.237,7.252,6.871,NA,NA
4401,8/4/2016,1216,H1214,F,1.26,CMM,35.852,10.579,5.392,4.773,3.73,6.494,3.762,3.79,8.42,7.937,NA,NA
3382,2/1/2016,926,H1215,M,0.51,AN,28.384,8.643,3.864,NA,2.758,3.502,2.062,2.458,5.121,4.581,AS - Remeasured Humerus,RM Set 1
2750,11/4/2015,761,H1215,M,0.2,CMM,18.772,6.401,3.464,2.729,1.962,2.521,1.678,1.814,3.737,3.165,NA,NA
2945,11/30/2015,809,H1215,M,0.24,CMM,20.469,6.898,3.537,3.216,2.087,2.926,1.955,2.275,4.032,3.728,NA,NA
3830,4/29/2016,1066,H1215,M,1.18,CMM,35.637,10.74,5.577,NA,3.428,5.694,4.124,4.629,7.213,6.411,NA,NA
4352,8/4/2016,1201,H1215,M,1.82,CMM,42.217,11.706,6.927,5.58,3.664,6.968,4.693,5.32,9.434,8.236,NA,NA
6242,11/14/2017,1711,H1215,M,5.99,CMM,56.768,15.311,7.945,6.65,5.736,9.219,6.573,7.507,12.229,10.393,NA,NA
4359,8/4/2016,1203,H1216,F,1.52,CMM,37.728,11.343,7.296,5.843,3.357,6.794,4.182,4.823,8.503,7.515,AS - Remeasured Head Length,RM Set 1
2663,10/28/2015,740,H1216,F,0.21,CMM,19.153,6.086,3.77,NA,2.004,2.623,1.504,1.7,3.557,3.237,NA,NA
2953,11/30/2015,810,H1216,F,0.21,CMM,21.63,7.026,3.772,3.087,1.948,3.163,1.895,1.933,4.1,3.774,NA,NA
3318,1/26/2016,908,H1216,F,0.38,CMM,24.997,7.943,3.97,3.492,2.18,3.016,2.456,2.66,4.773,4.508,NA,NA
3775,4/21/2016,1051,H1216,F,1.05,CMM,34.846,10.743,5.169,4.665,3.299,6.125,4.31,4.462,7.712,7.169,NA,NA
2726,11/4/2015,755,H1217,M,0.1,AN,19.157,6.01,2.617,2.46,1.842,2.511,1.744,1.931,3.713,3.223,NA,NA
2752,11/4/2015,761,H1219,M,0.24,CMM,21.747,7.109,3.543,NA,1.999,2.601,1.929,2.372,3.984,3.749,NA,NA
2957,11/30/2015,811,H1219,M,0.27,CMM,22.142,7.993,3.996,3.044,2.034,3.142,1.898,2.32,4.631,4.162,NA,NA
3383,2/1/2016,926,H1219,M,0.52,AN,28.228,8.692,4.117,3.74,2.557,4.246,3.15,3.463,5.258,4.77,NA,NA
3831,4/29/2016,1066,H1219,M,1.22,CMM,36.488,11.597,5.206,4.954,3.569,5.442,4.253,4.61,8.105,7.35,NA,NA
4353,8/4/2016,1202,H1219,M,1.59,CMM,38.17,10.629,7.297,5.369,3.847,6.11,3.441,4.065,9.023,7.884,NA,NA
6246,11/14/2017,1712,H1219,F,3.21,CMM,46.099,12.288,6.211,4.991,4.607,7.224,4.974,5.757,10.602,9.011,NA,NA
2816,11/10/2015,777,H1220,M,0.16,CMM,18.708,6.163,3.75,2.52,1.643,2.742,1.685,1.841,3.832,3.276,NA,NA
3013,12/2/2015,824,H1220,M,0.21,CMM,19.67,6.558,3.777,2.945,1.649,2.723,1.897,2.054,3.898,3.424,NA,NA
3405,2/3/2016,932,H1220,M,0.57,CMM,26.411,8.241,4.43,3.652,2.384,3.53,2.783,3.066,5.378,4.711,NA,NA
3897,5/13/2016,1084,H1220,M,1.09,RH,33.741,10.473,5.426,4.797,3.51,4.954,3.965,4.08,6.988,6.637,NA,NA
4397,8/4/2016,1215,H1220,M,1.45,CMM,37.685,11.131,5.732,5.009,3.628,5.84,4.275,3.994,8.277,7.511,NA,NA
6202,11/7/2017,1701,H1220,M,4.8,CMM,47.549,12.998,8.326,6.538,4.811,8.381,5.536,6.456,11.395,9.458,NA,NA
2807,11/10/2015,775,H1222,M,0.16,CMM,19.314,6.517,3.828,NA,1.803,2.799,1.635,1.901,3.892,3.178,NA,NA
2811,11/10/2015,776,H1223,M,0.17,CMM,19.052,6.391,4.107,2.546,1.702,2.416,1.439,1.601,3.934,3.57,NA,NA
3008,12/2/2015,823,H1223,M,0.24,CMM,21.189,7.019,3.938,2.506,2.124,3.085,1.789,1.902,4.12,3.805,NA,NA
3395,2/3/2016,929,H1223,M,0.44,CMM,25.775,8.184,4.54,3.743,2.499,3.716,2.533,3.075,5.48,5.121,NA,NA
3890,5/13/2016,1082,H1223,M,0.99,RH,33.833,11.758,5.455,4.741,3.545,5.475,3.543,4.284,7.79,7.047,NA,NA
4390,8/4/2016,1212,H1223,M,1.6,CMM,37.789,11.257,6.032,5.359,3.614,7.098,5.051,5.268,8.627,8.434,NA,NA
2803,11/10/2015,774,H1224,M,0.16,CMM,19.756,6.518,3.62,NA,1.718,2.558,1.996,2.24,3.83,3.515,AS - Can't Find X-Ray,RM Set 1
3000,12/2/2015,822,H1224,M,0.19,CMM,21.024,6.888,3.828,2.977,1.688,2.768,2.068,2.373,4.064,3.515,NA,NA
3386,2/3/2016,927,H1224,M,0.48,CMM,26.271,8.355,4.509,3.33,2.405,3.666,2.776,3.234,5.237,4.846,NA,NA
3883,5/13/2016,1081,H1224,M,1.12,RH,34.166,10.136,5.382,4.894,3.36,5.519,4.308,4.462,7.551,6.937,NA,NA
4382,8/4/2016,1210,H1224,M,1.24,CMM,36.743,11.07,5.721,5.323,3.519,5.992,4.072,4.191,8.063,7.52,NA,NA
6230,11/10/2017,1707,H1224,M,4.59,CMM,50.322,13.607,7.8,6.182,5.086,7.557,5.835,6.879,10.698,9.517,NA,NA
2812,11/10/2015,776,H1225,M,0.17,CMM,18.827,5.812,3.513,NA,1.37,2.686,1.502,1.591,3.546,3.154,NA,NA
3009,12/2/2015,823,H1225,M,0.17,CMM,20.257,6.638,4.09,2.31,1.822,2.785,1.837,1.952,4.052,3.779,NA,NA
3394,2/3/2016,929,H1225,M,0.42,CMM,25.381,7.762,4.284,3.507,2.561,3.677,2.729,3.168,5.229,4.698,NA,NA
3891,5/13/2016,1083,H1225,M,1.2,RH,35.113,11.147,5.504,4.74,3.336,5.503,4.107,4.359,7.199,7.425,NA,NA
4391,8/4/2016,1213,H1225,M,1.55,CMM,37.588,11.25,5.843,5.28,3.724,7.087,4.468,4.584,8.239,7.515,NA,NA
6271,11/30/2017,1719,H1225,M,4.38,CMM,49.94,14.124,7.719,6.405,4.925,7.07,4.806,5.865,11.977,10.135,NA,NA
2802,11/10/2015,774,H1226,M,0.2,CMM,19.245,6.197,4.047,NA,1.793,NA,NA,NA,4.128,3.455,NA,NA
3001,12/2/2015,822,H1226,M,0.21,CMM,21.54,7.084,3.772,2.583,1.817,3.15,1.985,2.537,4.31,4.018,NA,NA
3387,2/3/2016,927,H1226,M,0.45,CMM,25.506,8.316,4.674,3.854,2.722,3.822,2.551,2.932,5.581,4.718,NA,NA
3882,5/13/2016,1080,H1226,M,1.06,RH,32.708,11.183,5.399,4.698,3.316,5.679,4.249,4.428,7.726,7.07,NA,NA
4383,8/4/2016,1210,H1226,M,1.49,CMM,37.417,11.332,5.728,4.925,3.692,6.159,4.657,4.726,8.359,7.893,NA,NA
2808,11/10/2015,775,H1227,F,0.16,CMM,18.391,5.847,3.633,2.686,1.836,2.374,1.408,1.749,3.829,3.43,NA,NA
3005,12/2/2015,823,H1227,F,0.21,CMM,21.35,6.982,3.733,2.731,1.931,2.885,2.358,2.346,3.958,3.816,NA,NA
3390,2/3/2016,928,H1227,F,0.44,CMM,25.236,8.097,4.444,3.882,2.691,3.743,2.392,2.897,5.156,4.909,NA,NA
3887,5/13/2016,1082,H1227,F,0.84,RH,31.932,10.239,5.698,5.14,3.69,5.415,3.985,3.991,7.945,7.047,NA,NA
4387,8/4/2016,1211,H1227,F,1.02,CMM,33.708,10.271,5.173,4.532,3.149,4.651,3.61,3.982,7.347,6.696,NA,NA
2809,11/10/2015,775,H1228,M,0.2,CMM,18.716,6.136,3.806,3.232,1.772,2.671,1.795,1.913,3.98,3.693,NA,NA
3006,12/2/2015,823,H1228,M,0.23,CMM,20.778,6.924,3.814,2.575,2.054,2.77,1.949,1.953,4.438,4.092,NA,NA
3392,2/3/2016,928,H1228,M,0.45,CMM,24.91,7.877,4.514,3.515,2.575,3.944,2.885,3.131,5.54,4.905,NA,NA
3888,5/13/2016,1082,H1228,M,1.21,RH,34.013,10.9,5.053,4.19,2.76,4.716,3.551,3.89,7.512,6.617,NA,NA
4389,8/4/2016,1212,H1228,M,1.69,CMM,39.14,11.439,5.94,5.734,3.987,7.348,4.818,5.451,9.328,8.508,NA,NA
2806,11/10/2015,775,H1229,M,0.19,CMM,19.108,6.287,3.358,2.66,1.755,2.4,1.66,1.905,3.879,3.325,NA,NA
3004,12/2/2015,822,H1229,M,0.17,CMM,20.41,7.003,3.559,2.638,1.88,NA,1.74,1.968,4.193,3.661,NA,NA
3391,2/3/2016,928,H1229,M,0.44,CMM,25.942,8.239,4.377,3.604,2.57,3.864,2.243,2.745,5.309,4.554,NA,NA
3886,5/13/2016,1081,H1229,M,1.03,RH,33.897,10.027,4.752,4.081,2.821,4.647,3.581,3.718,6.542,6.4,NA,NA
4386,8/4/2016,1211,H1229,M,1.45,CMM,39.353,11.838,5.56,5.381,3.863,6.095,4.547,4.715,8.302,8.306,NA,NA
6194,11/7/2017,1699,H1229,M,5.72,CMM,51.31,14.183,8.276,6.144,5.113,8.452,6.783,7.559,11.431,9.654,NA,NA
2815,11/10/2015,777,H1231,M,0.2,CMM,18.872,6.276,3.686,2.231,1.486,2.42,1.59,1.837,3.94,3.499,NA,NA
3012,12/2/2015,824,H1231,M,0.19,CMM,19.864,6.951,3.927,3.209,1.686,2.531,2.079,2.112,4.048,3.599,NA,NA
3398,2/3/2016,930,H1231,M,0.51,CMM,26.11,8.794,4.405,3.956,2.539,3.565,2.346,2.516,5.314,4.924,NA,NA
3895,5/13/2016,1084,H1231,M,1.15,RH,35.267,11.316,4.732,4.331,3.1,4.492,3.966,3.981,7.034,6.239,NA,NA
4395,8/4/2016,1214,H1231,M,1.28,CMM,37.846,11.693,5.532,5.571,3.613,6.163,4.179,4.492,8.36,7.882,NA,NA
6201,11/7/2017,1701,H1231,M,4.38,CMM,47.973,13.391,8.265,7.399,5.215,8.508,5.826,6.863,11.706,10.455,NA,NA
2801,11/10/2015,774,H1233,M,0.2,CMM,19.621,6.588,3.845,NA,1.752,2.646,1.868,2.05,3.943,3.61,NA,NA
3056,12/9/2015,835,H1233,M,0.24,AN,20.626,6.852,3.622,2.893,2.078,2.742,1.808,2.015,4.16,3.913,NA,NA
3385,2/3/2016,927,H1233,M,0.44,CMM,25.487,7.934,4.568,2.938,2.53,4.115,2.671,3.126,5.504,4.899,NA,NA
3881,5/13/2016,1080,H1233,M,0.94,RH,33.48,10.636,5.665,4.507,3.287,4.99,3.715,4.152,7.456,6.679,NA,NA
4381,8/4/2016,1210,H1233,M,1.34,CMM,36.576,10.922,5.465,5.219,3.418,6.33,5.073,5.141,8.191,7.935,NA,NA
2817,11/10/2015,777,H1234,M,0.16,CMM,18.561,6.302,3.481,2.501,1.634,2.607,1.881,2.239,4.224,3.349,NA,NA
3014,12/2/2015,824,H1234,M,0.2,CMM,19.656,6.613,3.766,2.591,2.035,3.024,1.974,2.136,4.212,3.627,NA,NA
3400,2/3/2016,930,H1234,M,0.52,CMM,25.357,8.135,4.699,3.614,2.803,3.916,2.857,2.948,5.603,5.044,NA,NA
3896,5/13/2016,1084,H1234,M,0.88,RH,31.792,11,5.487,4.538,3.171,5.089,4.042,4.232,7.386,6.807,NA,NA
4396,8/4/2016,1214,H1234,M,1.6,CMM,39.032,11.765,5.602,5.463,3.965,6.691,5.14,5.226,8.806,7.84,NA,NA
6191,11/7/2017,1698,H1234,M,3.82,CMM,46.124,12.85,8.244,6.644,5.34,8.098,4.887,6.8,11.634,9.433,NA,NA
2805,11/10/2015,775,H1235,M,0.16,CMM,18.171,6.461,3.674,NA,1.686,2.526,1.487,1.972,3.576,3.107,NA,NA
3003,12/2/2015,822,H1235,M,0.17,CMM,19.285,6.613,3.796,2.94,1.916,2.869,1.781,2.082,4.064,3.385,NA,NA
3389,2/3/2016,928,H1235,M,0.4,CMM,25.926,8.405,4.251,2.961,2.33,3.586,2.576,2.746,5.204,4.96,NA,NA
3884,5/13/2016,1081,H1235,M,1.07,RH,33.627,10.768,5.231,5.352,3.1,4.891,3.751,3.932,7.422,6.831,NA,NA
4384,8/4/2016,1211,H1235,M,1.42,CMM,37.211,11.138,5.731,5.468,3.811,6.444,4.789,4.778,8.555,7.914,NA,NA
6233,11/10/2017,1708,H1235,M,4.28,CMM,47.829,13.854,7.466,6.023,4.8,8.364,6.106,6.861,11.418,9.08,NA,NA
2800,11/10/2015,774,H1238,M,0.15,CMM,18.381,6.311,3.323,2.437,1.597,2.025,1.358,1.635,3.555,3.104,NA,NA
3055,12/9/2015,835,H1238,M,0.23,AN,22.675,7.105,3.288,2.707,1.913,2.589,1.899,2.192,3.777,3.355,NA,NA
3427,2/9/2016,938,H1238,M,0.49,CMM,25.922,8.303,4.092,3.649,2.48,3.719,2.674,2.759,4.934,4.52,NA,NA
3880,5/13/2016,1080,H1238,M,1.12,RH,35.628,10.537,5.188,4.594,3.099,4.81,4.169,4.22,7.343,6.972,NA,NA
4405,8/18/2016,1217,H1238,M,1.53,CMM,40.582,12.156,5.733,5.681,4.102,6.891,4.839,5.253,9.043,7.827,NA,NA
2814,11/10/2015,776,H1239,M,0.16,CMM,18.384,5.894,3.548,2.522,1.631,2.924,1.762,1.966,3.667,3.262,NA,NA
3010,12/2/2015,824,H1239,M,0.15,CMM,18.715,6.625,3.445,2.628,1.841,2.261,2.02,2.186,3.577,3.249,NA,NA
3397,2/3/2016,930,H1239,M,0.3,CMM,22.15,7.447,3.529,3.662,2.19,3.241,2.34,2.541,4.896,4.21,NA,NA
3893,5/13/2016,1083,H1239,M,0.91,RH,33.027,10.037,5.236,4.721,3.278,4.537,3.567,4.014,7.61,6.772,NA,NA
4392,8/4/2016,1213,H1239,M,1.24,CMM,35.404,10.974,5.716,5.024,3.816,6.774,4.825,4.697,8.375,7.813,NA,NA
2804,11/10/2015,774,H1240,F,0.15,CMM,18.363,6.101,3.48,NA,1.563,NA,NA,NA,3.591,3.3,NA,NA
3002,12/2/2015,822,H1240,F,0.16,CMM,19.427,6.509,3.416,2.49,1.645,2.426,1.689,1.895,3.846,3.523,NA,NA
3388,2/3/2016,927,H1240,F,0.41,CMM,25.179,7.806,4.32,3.4,2.127,3.72,2.51,3.031,4.858,4.51,NA,NA
3885,5/13/2016,1081,H1240,F,1.15,RH,35.38,10.902,5.324,5.085,3.159,5.472,4.132,4.425,7.248,7.102,NA,NA
4385,8/4/2016,1211,H1240,F,1.55,CMM,39.709,12.166,5.75,5.183,3.692,6.376,4.831,4.95,8.714,7.729,NA,NA
2887,11/18/2015,794,H1242,M,0.27,CMM,21.184,7.173,4.019,2.481,1.856,2.435,1.573,1.768,4.137,3.664,NA,NA
3047,12/6/2015,833,H1242,M,0.25,CMM,21.46,7.467,4.14,3.123,1.938,2.966,2.265,2.508,4.245,3.878,NA,NA
3420,2/9/2016,937,H1242,M,0.41,CMM,25.493,8.778,4.499,3.417,2.369,3.463,2.558,2.714,5.056,4.722,NA,NA
3874,5/13/2016,1078,H1242,M,1.1,RH,33.635,10.809,4.873,4.258,2.925,4.596,3.714,4.109,6.76,6.747,NA,NA
4437,8/18/2016,1225,H1242,M,1.46,CMM,38.687,10.031,7.543,6.038,3.898,6.261,4.169,4.9,9.26,7.854,NA,NA
6234,11/10/2017,1708,H1242,M,4.39,CMM,51.805,14.929,8.005,6.651,5.418,9.094,5.778,7.039,12.864,10.81,NA,NA
2893,11/18/2015,795,H1245,M,0.24,CMM,20.75,6.864,4.036,NA,1.727,2.954,2.018,2.203,4.303,3.732,NA,NA
2983,12/2/2015,818,H1245,M,0.22,CMM,20.324,7.204,3.76,3.099,1.7,3.132,1.841,2.155,4.137,3.641,NA,NA
3049,12/9/2015,834,H1245,M,0.3,RH,22.129,7.274,4.091,2.929,2.042,3.214,2.229,2.296,4.416,4.079,NA,NA
3425,2/9/2016,938,H1245,M,0.5,CMM,26.712,8.963,4.384,3.507,2.43,4.072,3.11,3.03,5.387,4.879,NA,NA
3878,5/13/2016,1079,H1245,M,0.93,RH,31.237,10.696,4.922,4.405,3.039,4.207,3.594,3.869,6.578,6.276,NA,NA
4403,8/18/2016,1217,H1245,M,1.15,CMM,37.207,11.904,5.434,4.584,3.408,5.914,4.177,4.739,9.108,8.02,NA,NA
6231,11/10/2017,1707,H1245,M,5.14,CMM,56.394,15.697,9.117,7.646,6.226,9.716,7.09,7.897,13.383,11.44,NA,NA
4435,8/18/2016,1225,H1246,F,1.08,CMM,32.769,10.577,6.714,4.46,2.707,5.859,3.484,4.038,7.881,6.517,AS - Remeasured Head Length,RM Set 1
3871,5/13/2016,1078,H1246,F,0.79,RH,29.111,9.687,5.579,4.993,3.249,5.704,4.434,4.608,7.167,6.026,"AS - Remeasured Head Length, Femur, and Tibia",RM Set 1
2884,11/18/2015,793,H1246,F,0.23,CMM,19.677,6.461,3.874,2.911,1.729,2.788,1.388,1.672,4.006,3.623,NA,NA
3046,12/6/2015,833,H1246,F,0.26,CMM,22.097,7.466,3.936,2.932,1.992,2.819,2.123,2.38,4.247,4.102,NA,NA
3418,2/9/2016,936,H1246,F,0.39,CMM,25.164,8.044,4.097,3.366,2.232,3.327,2.09,2.382,5.387,5.104,NA,NA
6237,11/10/2017,1709,H1246,F,1.71,CMM,39.898,11.611,5.609,4.645,4.249,6.368,3.952,4.772,8.698,7.215,NA,NA
2799,11/10/2015,773,H1247,M,0.18,CMM,19.736,6.677,3.711,NA,1.539,2.739,1.569,1.792,3.626,3.46,NA,NA
3054,12/9/2015,835,H1247,M,0.26,AN,23.477,8.022,3.581,2.857,2.083,2.543,2.042,2.221,4.296,3.982,NA,NA
3426,2/9/2016,938,H1247,M,0.45,CMM,25.883,8.856,4.612,3.968,2.511,3.599,2.727,2.915,5.234,4.717,NA,NA
3879,5/13/2016,1080,H1247,M,0.89,RH,31.646,10.182,5.056,4.791,3.275,5.049,4.029,4.505,7.519,6.709,NA,NA
4404,8/18/2016,1217,H1247,M,0.95,CMM,34.202,11.143,5.452,5.058,3.571,5.921,4.338,4.091,7.572,6.895,NA,NA
6232,11/10/2017,1708,H1247,M,4.1,CMM,52.914,15.743,7.755,7.146,5.261,8.619,6.32,6.86,12.754,10.877,NA,NA
4439,8/18/2016,1226,H1249,F,1.15,CMM,34.136,10.6,6.592,4.81,3.111,5.694,3.772,4.159,7.023,6.651,AS - Remeasured Head Length,RM Set 1
3053,12/9/2015,834,H1249,F,0.22,RH,20.183,6.744,3.706,2.989,2.008,2.427,2.139,2.381,4.182,3.609,AS - Remeasured Pectoral,RM Set 1
2891,11/18/2015,795,H1249,F,0.19,CMM,18.542,5.819,3.493,NA,1.607,2.378,1.648,1.704,3.604,3.357,NA,NA
3423,2/9/2016,937,H1249,F,0.51,CMM,26.707,8.611,4.455,3.892,2.493,3.912,3.208,3.474,5.598,5.215,NA,NA
3875,5/13/2016,1079,H1249,F,0.9,RH,33.052,10.884,5.121,4.018,3.02,5.001,4.099,4.517,6.887,6.472,NA,NA
2989,12/2/2015,819,H1250,M,0.18,CMM,18.717,6.436,3.874,2.745,1.792,2.226,1.663,1.878,3.701,3.23,NA,NA
3073,12/31/2015,839,H1250,M,0.26,CMM,22.158,7.248,4.24,3.1,2.17,3.196,2.06,2.312,4.574,4.225,NA,NA
3484,2/23/2016,958,H1250,M,0.56,CMM,27.378,9.241,4.653,3.937,2.803,4.389,3.008,3.358,5.655,5.166,NA,NA
3913,5/26/2016,1088,H1250,M,1.09,CMM,35.665,10.569,5.691,4.933,3.641,5.745,4.37,4.586,7.858,7.343,NA,NA
4471,8/30/2016,1236,H1250,M,1.77,CMM,39.677,11.515,6.595,6.153,3.993,6.821,5.273,5.983,9.525,8.902,NA,NA
2882,11/18/2015,793,H1251,F,0.13,CMM,18.14,5.905,3.293,NA,1.431,2.34,NA,NA,3.325,3.072,NA,NA
2991,12/2/2015,819,H1252,F,0.23,CMM,21.416,7.047,3.548,2.915,1.856,3.004,2.436,2.784,4.126,3.769,NA,NA
3071,12/31/2015,838,H1252,F,0.3,CMM,24.077,8.048,3.992,3.206,2.223,3.37,2.271,2.076,5.343,4.887,NA,NA
3482,2/23/2016,958,H1252,F,0.65,CMM,27.946,8.796,4.769,4.161,2.646,4.135,2.925,3.289,5.78,5.681,NA,NA
3911,5/26/2016,1088,H1252,F,1.08,CMM,32.059,9.937,5.485,4.537,3.112,5.639,4.459,4.175,6.838,5.848,NA,NA
4468,8/30/2016,1235,H1252,F,1.45,CMM,35.445,11.072,5.372,4.855,3.623,6.178,4.187,4.675,8.181,7.846,NA,NA
6261,11/17/2017,1717,H1252,F,2.56,CMM,40.341,11.34,6.087,5.395,4.162,6.232,4.925,5.354,9.064,7.711,NA,NA
2990,12/2/2015,819,H1254,F,0.2,CMM,19.949,6.48,3.787,2.834,1.857,2.792,2.19,2.331,3.852,3.618,NA,NA
3070,12/31/2015,838,H1254,F,0.3,CMM,22.974,7.398,4.05,3.249,2.073,3.454,1.736,2.121,4.973,4.385,NA,NA
3483,2/23/2016,958,H1254,F,0.71,CMM,28.322,8.986,4.62,3.863,2.778,4.605,3.564,3.554,5.526,5.41,NA,NA
3910,5/26/2016,1088,H1254,F,1.2,CMM,34.515,10.514,5.197,4.421,3.125,5.374,4.091,4.366,6.768,7.002,NA,NA
4469,8/30/2016,1235,H1254,F,1.42,CMM,35.544,10.854,5.707,4.875,3.587,5.359,3.757,4.476,7.962,7.691,NA,NA
6252,11/16/2017,1714,H1254,F,2.38,CMM,40.861,11.446,5.721,4.987,4.122,6.43,4.621,5.399,8.676,7.797,NA,NA
3048,12/6/2015,833,H1258,F,0.22,CMM,21.829,7.144,3.778,NA,1.816,2.599,1.793,2.15,4.132,3.797,AS - Can't Find X-Ray,RM Set 1
4438,8/18/2016,1225,H1258,F,1.29,CMM,37.528,11.376,6.652,4.836,3.02,5.489,3.664,4.379,7.724,6.973,AS - Remeasured Head Length,RM Set 1
2888,11/18/2015,794,H1258,F,0.22,CMM,19.526,6.697,3.794,2.67,1.72,2.233,1.975,2.07,4.071,3.497,NA,NA
3419,2/9/2016,936,H1258,F,0.45,CMM,26.454,8.374,4.33,3.849,2.558,3.58,2.765,2.951,5.646,5.132,NA,NA
3873,5/13/2016,1078,H1258,F,1.11,RH,33.718,10.475,5.574,4.977,3.49,5.154,3.449,3.959,7.371,6.923,NA,NA
3050,12/9/2015,834,H1260,M,0.22,RH,20.531,6.748,4.191,3.046,1.906,2.711,2.216,2.418,4.294,3.935,AS - Remeasured Pectoral,RM Set 1
2889,11/18/2015,794,H1260,M,0.2,CMM,19.33,6.357,3.739,2.741,1.621,2.71,1.641,1.772,3.877,3.546,NA,NA
3421,2/9/2016,937,H1260,M,0.52,CMM,27.13,8.987,4.46,3.568,2.401,3.766,2.884,3.014,5.86,5.226,NA,NA
3872,5/13/2016,1078,H1260,M,1.14,RH,34.337,9.891,5.352,4.377,3.229,5.275,4.133,4.507,7.114,6.892,NA,NA
4436,8/18/2016,1225,H1260,M,1.59,CMM,39.515,10.67,7.416,5.512,3.411,7.257,4.278,4.494,9.303,8.244,NA,NA
6238,11/10/2017,1709,H1260,M,4.92,CMM,48.014,13.145,8.411,7.172,5.524,9.222,6.358,7.121,12.48,10.292,NA,NA
2886,11/18/2015,794,H1261,M,0.13,CMM,19.421,NA,NA,NA,NA,NA,NA,NA,3.659,NA,NA,NA
2885,11/18/2015,794,H1265,F,0.17,CMM,18.732,6.357,3.374,NA,1.705,2.474,1.566,1.981,3.779,3.121,NA,NA
3045,12/6/2015,833,H1265,F,0.19,CMM,20.64,6.606,3.526,2.397,1.799,2.231,1.67,1.98,3.827,3.383,NA,NA
3417,2/9/2016,936,H1265,F,0.45,CMM,25.534,8.202,4.365,3.654,2.396,3.403,2.096,2.839,5.42,4.841,NA,NA
3870,5/13/2016,1077,H1265,F,0.85,RH,30.864,10.762,5.071,5.009,2.945,4.581,3.1,3.515,6.497,6.018,NA,NA
4434,8/18/2016,1224,H1265,F,1.06,CMM,34.607,8.98,6.1,4.406,2.728,4.959,3.236,3.875,7.172,6.463,NA,NA
6235,11/10/2017,1709,H1265,F,1.84,CMM,40.239,11.213,5.715,4.626,3.942,6.762,4.187,4.938,8.234,6.539,NA,NA
2883,11/18/2015,793,H1275,M,0.21,CMM,18.9,6.569,3.861,2.511,1.668,2.562,1.687,1.694,3.603,3.295,NA,NA
3044,12/6/2015,833,H1275,M,0.21,CMM,19.909,6.933,4.061,3.143,1.879,3.034,1.916,2.143,4.029,3.584,NA,NA
3416,2/9/2016,936,H1275,M,0.46,CMM,26.052,8.431,4.618,3.951,2.313,4.584,2.802,3.336,5.255,5.084,NA,NA
3869,5/13/2016,1077,H1275,M,1.11,RH,33.498,10.089,5.005,4.292,3.128,4.471,3.344,3.56,6.549,5.961,NA,NA
4433,8/18/2016,1224,H1275,M,1.37,CMM,37.658,9.797,6.64,4.954,3.314,5.355,3.574,3.875,7.877,7.074,NA,NA
6250,11/16/2017,1713,H1275,M,4.14,CMM,48.791,13.939,7.65,6.649,4.949,7.797,5.996,6.841,10.656,9.63,NA,NA
2881,11/18/2015,793,H1276,M,0.21,CMM,19.675,6.395,3.594,NA,1.731,NA,NA,NA,3.908,3.638,NA,NA
3074,12/31/2015,839,H1276,M,0.28,CMM,23.112,8.051,3.965,3.492,2.085,3.141,2.056,2.432,4.845,4.588,NA,NA
3415,2/9/2016,935,H1276,M,0.5,CMM,27.49,8.725,4.106,3.642,2.709,4.006,2.841,3.002,5.866,5.182,NA,NA
3868,5/13/2016,1077,H1276,M,1.23,RH,36.113,10.412,5.386,5.046,3.352,5.421,3.661,4.108,6.865,6.521,NA,NA
4432,8/18/2016,1224,H1276,M,1.63,CMM,38.977,10.328,7.799,5.729,3.631,6.307,3.812,4.523,8.816,8.095,NA,NA
6248,11/16/2017,1713,H1276,M,5.03,CMM,50.434,14.985,8.303,5.991,5.364,8.195,6.585,7.452,11.193,10.389,NA,NA
4440,8/18/2016,1226,H1280,F,1.03,CMM,33.685,10.081,5.627,4.548,2.884,4.856,3.629,3.954,6.911,6.238,AS - Remeasured Head Length,RM Set 1
2890,11/18/2015,795,H1280,F,0.22,CMM,18.975,6.078,3.777,2.664,1.833,2.429,1.712,1.945,3.907,3.301,NA,NA
3051,12/9/2015,834,H1280,F,0.23,RH,21.095,6.84,3.598,2.814,2.003,2.458,2.127,2.329,4.107,3.935,NA,NA
3424,2/9/2016,938,H1280,F,0.49,CMM,26.696,8.361,4.627,3.532,2.466,3.797,3.084,3.329,5.472,4.94,NA,NA
3877,5/13/2016,1079,H1280,F,0.83,RH,30.897,9.732,5.345,4.303,2.971,4.838,2.969,3.224,6.838,6.287,NA,NA
6236,11/10/2017,1709,H1280,F,1.99,CMM,40.629,11.391,6.101,4.772,3.76,5.445,4.37,5.016,7.959,7.167,NA,NA
4431,8/18/2016,1224,H1281,M,1.51,CMM,38.952,11.8,7.87,5.378,3.615,6.34,4.372,4.518,8.999,8.176,AS - Remeasured Head Length,RM Set 1
3867,5/13/2016,1077,H1281,M,1.14,RH,34.454,9.311,5.581,4.781,3.344,5.059,3.514,3.914,7.29,7.882,AS - Remeasured Pectoral and Pelvic,RM Set 1
2880,11/18/2015,793,H1281,M,0.15,CMM,17.32,5.99,3.438,NA,1.498,2.49,1.291,1.671,3.662,3.086,NA,NA
3075,12/31/2015,839,H1281,M,0.25,CMM,22.44,7.252,4.148,3.101,2.315,3.378,2.015,2.291,4.749,4.233,NA,NA
3414,2/9/2016,935,H1281,M,0.45,CMM,25.423,8.036,4.514,3.81,2.783,3.711,2.7,3.046,5.347,5.127,NA,NA
6254,11/16/2017,1715,H1281,M,5.54,CMM,50.681,14.218,9.079,7.669,5.488,7.248,4.8,5.687,12.707,9.981,NA,NA
4441,8/18/2016,1226,H1287,F,1.2,CMM,35.184,11.115,6.289,4.286,2.756,5.533,3.309,3.897,7.438,6.869,AS - Remeasured Head Length,RM Set 1
2892,11/18/2015,795,H1287,F,0.2,CMM,19.815,6.646,3.564,NA,1.62,3.154,1.958,2.333,3.931,3.472,NA,NA
3052,12/9/2015,834,H1287,F,0.24,RH,20.52,6.645,3.989,2.756,1.98,2.982,2.135,2.248,4.277,3.765,NA,NA
3422,2/9/2016,937,H1287,F,0.45,CMM,25.526,8.098,4.622,3.616,2.452,3.681,2.6,2.745,5.76,5.091,NA,NA
3876,5/13/2016,1079,H1287,F,0.95,RH,32.454,10.468,5.104,4.434,2.917,4.308,3.42,3.66,6.263,6.472,NA,NA
6229,11/10/2017,1707,H1287,F,1.97,CMM,38.911,11.343,5.804,4.424,4.015,6.152,4.573,5.071,8.443,6.763,NA,NA
2979,12/2/2015,817,H1291,M,0.22,CMM,19.907,6.673,3.834,2.837,1.878,2.628,1.823,1.976,3.741,3.406,NA,NA
3061,12/31/2015,836,H1291,M,0.29,CMM,22.784,6.937,4.302,3.044,2.115,3.084,1.983,2.488,4.359,4.166,NA,NA
3506,2/23/2016,965,H1291,M,0.6,CMM,28.719,9.152,4.54,3.895,3.048,4.179,3.248,3.555,5.938,5.126,NA,NA
3902,5/26/2016,1086,H1291,M,1.3,RH,36.981,11.336,5.171,4.347,3.439,4.771,3.885,4.057,7.006,6.511,NA,NA
4488,9/6/2016,1240,H1291,M,1.81,CMM,40.634,11.729,7.358,5.801,3.746,6.715,4.303,4.672,8.913,7.787,NA,NA
6274,11/30/2017,1720,H1291,M,5.33,CMM,53.145,14.871,8.012,6.805,4.842,8.842,6.29,6.618,11.97,10.008,NA,NA
2978,12/2/2015,817,H1292,F,0.19,CMM,19.345,6.275,3.662,2.887,1.813,2.546,1.948,2.046,3.656,3.227,NA,NA
3062,12/31/2015,837,H1292,F,0.25,CMM,21.741,7.041,4.067,3.143,2.037,3.386,1.916,2.234,4.548,4.169,NA,NA
3508,2/23/2016,966,H1292,F,0.58,CMM,28.089,8.618,4.412,3.899,2.732,3.971,2.593,3.116,5.886,5.407,NA,NA
3904,5/26/2016,1086,H1292,F,0.95,RH,33.39,9.756,5.549,4.617,3.343,5.611,4.616,4.64,8.119,7.403,NA,NA
4489,9/6/2016,1240,H1292,F,1.23,CMM,36.091,10.906,6.314,4.919,3.182,5.399,3.762,4.028,7.492,6.792,NA,NA
6269,11/30/2017,1719,H1292,F,2.51,CMM,40.339,11.362,6.352,5.129,4.104,6.792,4.752,5.435,8.815,6.917,NA,NA
2984,12/2/2015,818,H1293,F,0.27,CMM,20.697,6.398,3.777,2.962,1.925,2.794,1.906,2.41,4.432,3.972,NA,NA
3067,12/31/2015,838,H1293,F,0.27,CMM,22.968,7.002,4.246,3.438,2.307,3.67,2.171,2.635,5.05,4.534,NA,NA
3479,2/23/2016,957,H1293,F,0.76,CMM,28.804,8.89,4.594,4.417,2.87,4.448,3.166,3.504,5.628,5.844,NA,NA
3909,5/26/2016,1087,H1293,F,1.14,RH,34.195,10.693,5.255,4.901,3.344,5.688,3.454,3.949,6.887,7.245,NA,NA
4465,8/30/2016,1234,H1293,F,1.48,CMM,35.755,10.327,5.672,5.013,3.869,6.504,4.539,5.236,8.313,7.737,NA,NA
6276,11/30/2017,1721,H1293,F,2.85,CMM,43.256,11.815,6.087,5.273,4.052,6.662,4.438,5.104,8.294,7.926,NA,NA
3899,5/26/2016,1085,H1299,M,1.2,RH,37.416,10.271,5.432,5.128,3.675,5.898,4.622,4.775,7.412,6.715,AS - Remeasured Pectoral and Pelvic,RM Set 1
2975,12/2/2015,816,H1299,M,0.24,CMM,20.126,6.601,4.147,2.883,1.939,2.716,2.043,2.399,3.997,3.688,NA,NA
3057,12/31/2015,836,H1299,M,0.29,CMM,23.172,7.606,4.496,3.464,2.425,3.3,2.3,2.545,5.074,4.407,NA,NA
3503,2/23/2016,965,H1299,M,0.63,CMM,29.642,9.738,4.485,4.265,3.116,4.286,3.073,3.373,6.383,5.69,NA,NA
4484,9/6/2016,1239,H1299,M,1.62,CMM,38.612,11.16,7.479,5.486,3.666,6.857,4.611,4.842,8.325,7.299,NA,NA
6273,11/30/2017,1720,H1299,M,4.14,CMM,49.876,13.986,7.645,6.271,5.076,7.135,5.421,6.372,11.765,9.876,NA,NA
2982,12/2/2015,817,H1301,M,0.18,CMM,19.972,6.501,3.67,2.721,1.76,2.764,1.834,2.096,3.891,3.537,AS - Remeasured Pectoral,RM Set 1
3064,12/31/2015,837,H1301,M,0.24,CMM,22.368,7.123,4.165,3.115,1.915,2.978,2.417,2.682,4.448,4.422,NA,NA
3477,2/23/2016,956,H1301,M,0.62,CMM,28.984,8.782,4.424,4.054,2.944,3.97,2.479,3.133,6.015,5.132,NA,NA
3905,5/26/2016,1086,H1301,M,1.14,RH,36.8,11.212,5.524,5.239,3.371,5.183,3.462,3.821,7.56,6.838,NA,NA
4463,8/30/2016,1234,H1301,M,1.41,CMM,39.268,12.082,6.381,5.377,3.904,6.504,4.633,5.268,9.162,8.224,NA,NA
2980,12/2/2015,817,H1302,F,0.2,CMM,19.473,6.661,3.556,2.53,1.684,2.021,1.594,1.939,3.929,3.618,NA,NA
3060,12/31/2015,836,H1302,F,0.28,CMM,22.749,7.588,4.484,3.235,2.192,3.887,2.2,2.545,4.774,4.312,NA,NA
3507,2/23/2016,966,H1302,F,0.65,CMM,28.515,9.02,4.544,3.988,2.899,4.005,3.135,3.646,6.172,5.506,NA,NA
3903,5/26/2016,1086,H1302,F,0.93,RH,32.555,9.89,5.133,4.617,2.923,4.404,3.492,3.925,6.821,6.829,NA,NA
4487,9/6/2016,1240,H1302,F,1.37,CMM,35.337,10.28,6.105,4.435,2.905,5.499,3.651,4.074,7.864,6.684,NA,NA
6265,11/30/2017,1718,H1302,F,2.21,CMM,39.725,11.13,5.954,5.019,4.01,5.551,4.304,4.908,8.468,7.888,NA,NA
2985,12/2/2015,818,H1304,M,0.19,CMM,19.611,6.398,3.777,2.962,1.925,2.794,1.906,2.41,4.432,3.972,NA,NA
3066,12/31/2015,837,H1304,M,0.26,CMM,22.181,7.092,3.917,2.976,2.022,3.114,2.317,2.581,4.111,3.916,NA,NA
3480,2/23/2016,957,H1304,M,0.73,CMM,28.219,9.289,4.966,4.304,3.044,4.052,3.292,3.189,5.656,5.269,NA,NA
3908,5/26/2016,1087,H1304,M,1.24,RH,35.178,10.53,5.122,4.725,3.198,5.577,3.554,3.83,6.917,7.266,NA,NA
4466,8/30/2016,1234,H1304,M,1.73,CMM,39.968,12.166,6.106,5.24,4.052,6.365,5.156,5.383,8.737,8.264,NA,NA
6270,11/30/2017,1719,H1304,M,4.6,CMM,49.459,14.075,7.75,7.397,5.32,8.912,4.629,4.98,12.145,10.267,NA,NA
2988,12/2/2015,819,H1321,F,0.23,CMM,19.864,6.487,3.755,2.994,1.97,2.834,1.923,1.992,4.143,3.656,NA,NA
3072,12/31/2015,839,H1321,F,0.26,CMM,22.546,7.333,4.275,3.47,2.225,3.189,2.36,2.413,4.519,3.969,NA,NA
3485,2/23/2016,958,H1321,F,0.56,CMM,26.785,8.731,4.443,3.815,2.753,4.04,2.942,3.331,5.536,4.81,NA,NA
3912,5/26/2016,1088,H1321,F,0.93,CMM,31.368,10.084,5.403,4.827,3.435,5.131,4.127,4.035,7.329,6.062,NA,NA
4470,8/30/2016,1235,H1321,F,1.37,CMM,35.092,10.975,5.811,5.088,3.823,6.108,4.482,5.027,8.365,7.143,NA,NA
6253,11/16/2017,1714,H1321,F,2.27,CMM,40.642,12.304,6.23,4.966,4.042,7.001,4.685,5.311,9.454,8.131,NA,NA
2987,12/2/2015,818,H1322,M,0.2,CMM,18.953,6.639,3.901,2.571,1.962,2.483,1.564,1.841,4.311,3.681,NA,NA
3069,12/31/2015,838,H1322,M,0.29,CMM,21.921,7.536,4.241,3.354,2.287,3.247,1.851,2.262,4.724,4.283,NA,NA
3481,2/23/2016,957,H1322,M,0.58,CMM,26.719,8.861,4.574,4.15,2.757,4.374,3.051,2.983,5.558,5.104,NA,NA
3907,5/26/2016,1087,H1322,M,1.05,RH,32.904,10.296,5.39,4.578,3.126,5.212,4.043,4.456,7.281,7.189,NA,NA
4467,8/30/2016,1235,H1322,M,1.46,CMM,38.182,12.181,6.245,5.139,3.626,5.912,5.023,5.641,9.169,8.616,NA,NA
2986,12/2/2015,818,H1323,M,0.18,CMM,19.431,6.551,3.431,2.61,1.687,2.408,1.839,1.836,3.653,3.243,NA,NA
3068,12/31/2015,838,H1323,M,0.24,CMM,22.524,7.496,3.731,3.017,2.106,3.173,1.687,2.069,4.46,3.904,NA,NA
2974,12/2/2015,816,H1324,F,0.2,CMM,19.979,6.403,3.764,2.797,1.691,2.273,1.653,1.904,3.744,3.548,NA,NA
2981,12/2/2015,817,H1326,M,0.23,CMM,21.476,7.187,3.943,2.738,1.827,2.807,2.14,2.465,4.097,3.79,NA,NA
3063,12/31/2015,837,H1326,M,0.25,CMM,22.545,7.819,3.829,3.02,2.026,2.994,2.243,2.49,4.476,4.259,NA,NA
4684,12/1/2016,1306,H1334,M,2.28,CMM,43.215,12.479,6.855,6.326,4.502,6.832,4.889,4.884,9.485,8.736,NA,NA
6264,11/30/2017,1718,H1345,M,4.85,CMM,51.828,14.901,8.625,7.258,5.558,8.77,6.04,6.33,12.453,10.244,AS - Remeasured Head Length,RM Set 1
3065,12/31/2015,837,H1345,M,0.31,CMM,23.82,8.073,4.255,3.156,2.095,3.285,2.036,2.328,4.605,4.337,NA,NA
3478,2/23/2016,957,H1345,M,0.6,CMM,27.679,9.241,4.865,4.238,2.838,4.373,2.936,2.942,5.843,5.537,NA,NA
3906,5/26/2016,1087,H1345,M,1.05,RH,33.452,10.86,5.652,4.636,3.123,5.552,4.293,4.511,7.161,6.875,NA,NA
4464,8/30/2016,1234,H1345,M,1.38,CMM,38.537,11.901,6.099,5.467,3.928,6.717,4.906,5.195,9.012,8.271,NA,NA
2973,12/2/2015,816,H1346,M,0.16,CMM,19.167,6.522,3.785,2.628,1.861,2.467,2.13,2.252,3.209,3.183,NA,NA
3168,1/10/2016,865,H1346,M,0.27,CMM,22.222,7.549,3.816,3.058,2.238,2.726,2.299,2.493,3.974,3.739,NA,NA
3502,2/23/2016,964,H1346,M,0.53,CMM,26.165,8.624,4.584,4.172,2.889,3.6,2.521,3.055,5.214,4.416,NA,NA
3898,5/26/2016,1085,H1346,M,1.12,RH,35.213,10.566,5.428,5.106,3.603,5.822,4.612,4.685,8.485,7.698,NA,NA
4483,9/6/2016,1239,H1346,M,1.33,CMM,38.574,11.709,6.635,4.557,3.386,5.511,3.934,4.167,7.902,6.749,NA,NA
3534,3/8/2016,976,H1347,M,0.73,CMM,28.857,9.304,4.646,5.285,2.836,4.363,3.213,3.821,6.27,5.709,AS - Remeasured Pectoral,RM Set 1
3023,12/6/2015,827,H1347,M,0.18,CMM,19.255,NA,NA,NA,NA,NA,NA,NA,NA,NA,NA,NA
3167,1/10/2016,865,H1347,M,0.24,CMM,22.191,7.209,3.831,3.574,1.929,2.752,1.948,2.252,4.518,4.05,NA,NA
3966,6/11/2016,1101,H1347,M,1.24,CMM,36.171,10.056,6.768,4.336,2.995,6.082,4.357,4.812,8.591,7.784,NA,NA
4532,9/18/2018,1251,H1347,M,1.4,CMM,40.72,12.198,5.919,5.242,3.778,6.925,5.358,5.508,9.239,8.112,NA,NA
2976,12/2/2015,816,H1348,F,0.21,CMM,19.437,6.437,3.988,2.735,1.795,2.394,1.929,1.951,3.619,3.247,NA,NA
3059,12/31/2015,836,H1348,F,0.29,CMM,23.89,7.861,4.192,2.905,2.331,3.366,1.978,2.299,4.478,4.167,NA,NA
3504,2/23/2016,965,H1348,F,0.64,CMM,29.239,9.288,4.67,3.874,3.084,3.971,2.875,3.232,5.831,5.533,NA,NA
3900,5/26/2016,1085,H1348,F,1.24,RH,37.934,11.476,5.251,5.309,2.963,5.288,3.95,4.597,7.685,7.037,NA,NA
4485,9/6/2016,1239,H1348,F,1.53,CMM,40.2,12.045,6.99,4.504,4.399,6.457,4.139,4.588,8.853,7.601,NA,NA
2977,12/2/2015,816,H1349,M,0.19,CMM,19.397,6.408,3.514,2.527,1.574,2.418,1.835,1.938,3.486,3.114,NA,NA
3058,12/31/2015,836,H1349,M,0.26,CMM,22.946,7.375,4.251,NA,2.063,3.261,1.962,2.236,4.466,4.077,NA,NA
3505,2/23/2016,965,H1349,M,0.6,CMM,27.363,8.687,4.88,4.006,2.702,4.033,2.793,2.952,5.93,5.143,NA,NA
3901,5/26/2016,1085,H1349,M,1.05,RH,35.945,10.948,5.615,5.131,3.563,5.601,4.32,4.446,7.854,7.196,NA,NA
4486,9/6/2016,1239,H1349,M,1.41,CMM,38.269,11.348,7.342,6.004,3.782,6.109,3.79,4.256,9.135,7.108,unclear pectoral ,NA
3022,12/6/2015,827,H1351,F,0.21,CMM,19.014,NA,NA,NA,NA,NA,NA,NA,NA,NA,NA,NA
3166,1/10/2016,865,H1351,F,0.31,CMM,23.982,7.654,3.855,2.919,2.258,3.239,2.668,2.78,4.887,4.342,NA,NA
3533,3/8/2016,975,H1351,F,0.64,CMM,28.13,8.689,4.194,3.966,2.766,4.698,3.408,3.733,5.83,5.424,NA,NA
3965,6/11/2016,1101,H1351,F,1.07,CMM,33.054,9.615,5.625,4.596,2.883,4.783,3.645,3.928,7.232,6.682,NA,NA
4554,9/25/2016,1257,H1351,F,1.04,CMM,33.421,10.068,5.298,4.685,3.37,5.907,4.125,4.203,7.297,6.619,NA,NA
6302,1/18/2018,1728,H1351,F,1.85,CMM,39.231,11.069,5.536,4.478,3.847,5.1,3.593,4.18,8.231,7.05,NA,NA
3082,12/31/2015,841,H1354,F,0.27,CMM,21.896,7.114,3.981,3.095,2.203,3.766,2.288,2.707,4.84,3.977,NA,NA
3165,1/10/2016,865,H1354,F,0.31,CMM,23.516,7.529,4.002,3.131,2.324,3.583,2.768,3.101,4.909,4.705,NA,NA
3532,3/8/2016,975,H1354,F,0.73,CMM,29.146,9.395,4.731,4.245,3.34,4.985,3.139,3.369,6.336,5.802,NA,NA
3964,6/11/2016,1101,H1354,F,1.07,CMM,33.988,9.876,6.063,4.817,2.766,4.826,3.067,3.562,7.362,7.205,NA,NA
4553,9/25/2016,1257,H1354,F,1.5,CMM,38.214,11.447,5.557,5.176,3.422,6.121,4.233,4.541,8.335,7.387,NA,NA
6288,12/8/2017,1724,H1354,F,2.54,CMM,41.627,11.691,6.375,4.92,4.185,6.07,3.966,4.333,8.684,7.737,NA,NA
3962,6/11/2016,1100,H1356,F,1.14,CMM,34.618,10.216,6.516,4.837,3.321,5.342,3.631,3.698,7.87,7.125,AS - Remeasured Head Length,RM Set 1
6286,12/8/2017,1724,H1356,F,2.3,CMM,39.509,10.865,5.589,4.626,3.554,5.409,1.954,2.503,9.189,7.915,"AS - Remeasured Pectoral, Radius, and Ulna",RM Set 1
3080,12/31/2015,840,H1356,F,0.24,CMM,21.863,6.845,4.113,3.057,1.878,3.046,2.358,2.219,4.312,3.976,NA,NA
3163,1/10/2016,864,H1356,F,0.3,CMM,23.957,7.652,3.943,3.019,2.049,3.145,2.59,2.892,4.414,4.279,NA,NA
3530,3/8/2016,975,H1356,F,0.65,CMM,30.06,9.175,4.548,4.06,2.933,4.044,3.315,3.737,5.994,5.829,NA,NA
4551,9/25/2016,1256,H1356,F,1.38,CMM,37.124,10.62,5.633,5.223,3.369,5.835,4.392,4.695,7.932,7.189,NA,NA
3076,12/31/2015,839,H1362,M,0.16,CMM,19.857,6.425,3.638,2.328,1.585,2.356,1.89,2.106,3.959,3.386,NA,NA
3274,1/21/2016,897,H1362,M,0.26,CMM,21.753,6.857,4.183,3.11,2.1,2.928,2.216,2.568,4.519,4.409,NA,NA
3596,3/17/2016,992,H1362,M,0.87,CMM,29.803,9.442,5.03,4.504,3.306,4.616,3.272,3.377,6.553,5.79,NA,NA
4097,6/23/2016,1135,H1362,M,1.57,CMM,36.169,11.039,6.441,5.084,3.402,6.139,4.873,5.145,8.404,7.396,NA,NA
4641,11/17/2016,1291,H1362,M,2,CMM,42.027,12.397,7.056,5.775,4.401,7.362,5.415,5.766,10.303,8.762,NA,NA
3081,12/31/2015,840,H1368,F,0.2,CMM,20.922,7.079,3.761,2.755,1.992,2.815,1.908,2.081,4.333,3.624,NA,NA
3164,1/10/2016,865,H1368,F,0.26,CMM,22.275,7.075,3.72,2.795,2.114,3.02,2.095,2.283,4.309,3.766,NA,NA
3531,3/8/2016,975,H1368,F,0.71,CMM,29.538,9.06,4.357,4.339,3.016,4.44,3.445,3.684,6.142,5.384,NA,NA
3963,6/11/2016,1100,H1368,F,1.27,CMM,37.189,10.232,6.668,5.224,3.613,5.27,3.65,4.481,7.518,7.317,NA,NA
4552,9/25/2016,1256,H1368,F,1.44,CMM,39,11.622,5.87,5.525,3.972,6.67,5.154,4.843,8.761,8.281,NA,NA
3529,3/8/2016,974,H1369,M,0.66,CMM,28.301,9.038,4.692,3.99,2.705,4.157,3.14,3.309,6.004,5.202,NA,NA
3961,6/11/2016,1100,H1369,M,1.31,CMM,36.451,10.172,7.205,5.589,3.082,6.175,3.913,4.167,7.485,6.826,NA,NA
4550,9/25/2016,1256,H1369,M,1.53,CMM,40.172,12.125,6.136,5.792,3.477,6.586,4.489,4.635,9.19,7.667,NA,NA
3079,12/31/2015,840,H1369A,M,0.23,CMM,20.91,7.045,3.888,2.916,1.961,2.992,1.945,2.131,4.258,3.85,NA,NA
3277,1/21/2016,897,H1369-A,M,0.35,CMM,23.265,7.919,4.263,3.379,2.208,2.722,2.297,2.52,4.668,4.158,NA,NA
3078,12/31/2015,840,H1369B,F,0.18,CMM,17.499,6.608,3.534,2.459,1.79,2.728,1.443,1.983,4.078,3.532,NA,NA
3276,1/21/2016,897,H1369-B,F,0.29,CMM,20.037,7.384,4.655,3.305,2.709,3.124,2.503,2.739,5.251,4.426,AS - Remeasured Pevlic and Femur,RM Set 1
3077,12/31/2015,840,H1372,M,0.19,CMM,20.152,6.526,3.383,2.774,1.724,2.458,2,2.179,3.915,3.537,NA,NA
3275,1/21/2016,897,H1372,M,0.32,CMM,23.521,7.11,3.87,2.88,2.077,3.077,2.29,2.524,4.803,3.98,NA,NA
3597,3/17/2016,992,H1372,M,0.6,CMM,28.38,8.834,4.394,4,2.876,4.322,3.3,3.293,5.927,5.389,NA,NA
4098,6/23/2016,1135,H1372,M,1.03,CMM,33.973,9.709,5.099,4.374,3.111,5.732,4.288,4.345,7.798,7.021,NA,NA
4642,11/17/2016,1292,H1372,M,1.45,CMM,38.772,10.807,5.706,4.659,3.86,6.279,5.146,5.06,8.502,7.929,NA,NA
3174,1/10/2016,867,H1375,M,0.26,CMM,20.936,6.383,3.828,3.332,1.927,3.159,2.101,2.261,4.341,3.91,NA,NA
3280,1/21/2016,898,H1375,M,0.28,CMM,22.388,7.164,4.251,3.218,2.158,3.424,2.386,2.68,4.542,4.146,NA,NA
3631,3/24/2016,1003,H1375,M,0.67,CMM,29.117,9.381,4.372,3.869,3.08,4.295,3.626,3.977,6.385,5.844,NA,NA
4096,6/23/2016,1134,H1375,M,1.19,CMM,35.645,10.847,5.247,4.689,3.307,5.646,4.314,4.577,8.598,7.669,NA,NA
4623,11/17/2016,1287,H1375,M,1.74,CMM,39.127,11.964,6.762,5.362,4.04,6.772,4.826,5.027,9.975,8.806,NA,NA
3173,1/10/2016,866,H1378,F,0.27,CMM,21.68,6.897,3.795,2.889,2.139,2.692,1.877,2.079,4.179,3.774,NA,NA
3273,1/21/2016,896,H1378,F,0.32,CMM,23.84,7.042,4.011,2.672,2.241,3.249,2.007,2.904,4.464,4.273,NA,NA
3630,3/24/2016,1003,H1378,F,0.74,CMM,29.462,8.873,4.78,4.101,2.793,4.45,3.288,3.262,6.343,6.236,NA,NA
4095,6/23/2016,1134,H1378,F,1.09,CMM,32.279,9.68,5.408,4.541,3.22,5.438,3.748,4.053,7.549,6.795,NA,NA
4622,11/17/2016,1287,H1378,F,1.64,CMM,37.962,10.402,5.886,4.961,3.789,5.323,4.64,4.851,8.785,7.79,NA,NA
6301,1/18/2018,1727,H1378,F,2.41,CMM,41.846,11.183,6.183,5.529,3.999,6.312,4.735,5.035,8.459,8.089,NA,NA
3171,1/10/2016,866,H1379,M,0.22,CMM,20.451,6.665,3.898,2.866,1.842,2.657,2.061,2.221,3.991,3.56,NA,NA
3350,1/28/2016,918,H1379,M,0.3,CMM,22.857,7.271,4.311,3.309,2.343,3.344,2.379,2.623,4.824,4.074,NA,NA
3668,3/31/2016,1014,H1379,M,0.88,CMM,30.826,9.34,5.078,4.452,3.1,4.704,3.37,3.695,6.828,6.108,NA,NA
4121,7/11/2016,1142,H1379,M,1.33,CMM,38.622,11.426,7.043,5.124,3.675,5.388,4.239,4.769,8.794,7.223,NA,NA
4687,12/1/2016,1306,H1379,M,1.48,CMM,40.279,12.528,5.937,5.752,4.138,7.695,5.129,5.593,9.391,8.417,NA,NA
3172,1/10/2016,866,H1381,F,0.3,CMM,21.826,7.567,4.043,3.373,2.442,3.203,2.044,2.522,4.631,3.85,NA,NA
3351,1/28/2016,918,H1381,F,0.41,CMM,25.366,8.468,4.298,3.451,2.36,3.263,2.553,3.293,5.055,4.978,NA,NA
3667,3/31/2016,1013,H1381,F,0.76,CMM,29.947,9.678,5.035,4.508,2.831,4.301,3.044,3.417,5.965,5.861,NA,NA
4120,7/11/2016,1142,H1381,F,1.07,CMM,33.613,10.342,6.284,4.975,2.917,5.501,2.776,2.728,7.52,7.031,NA,NA
4686,12/1/2016,1306,H1381,F,1.35,CMM,34.567,11.205,6.045,5.317,3.727,6.123,4.466,4.414,7.841,6.75,NA,NA
6299,1/18/2018,1727,H1381,F,2.13,CMM,39.997,12.139,6.048,5.416,4.309,7.002,4.792,5.543,9.17,7.546,NA,NA
3170,1/10/2016,866,H1383,M,0.22,CMM,20.13,6.696,4.055,2.754,1.931,2.505,1.916,2.472,3.803,3.324,NA,NA
3349,1/28/2016,918,H1383,M,0.34,CMM,23.071,7.2,4.059,3.317,2.349,3.052,2.251,2.476,4.569,4.125,NA,NA
3666,3/31/2016,1013,H1383,M,1.06,CMM,33.804,10.369,5.243,5.166,3.242,4.91,3.586,4.401,7.188,6.486,NA,NA
4119,7/11/2016,1142,H1383,M,1.62,CMM,39.596,11.446,7.098,5.698,3.518,6.421,3.745,4.517,8.526,7.911,NA,NA
4685,12/1/2016,1306,H1383,M,1.81,CMM,42.184,13.3,6.475,5.933,4.015,6.72,5.032,5.654,9.814,8.759,NA,NA
6303,1/18/2018,1728,H1383,M,5.57,CMM,53.432,14.718,7.939,6.633,5.435,8.404,6.217,7.007,12.599,9.794,NA,NA
3169,1/10/2016,866,H1384,M,0.23,CMM,19.61,6.035,4.229,3.225,1.986,3.123,NA,NA,3.779,3.665,NA,NA
3401,2/3/2016,931,H1384,M,0.37,CMM,24.502,7.748,3.719,3.513,2.24,3.17,2.271,2.611,4.627,4.196,NA,NA
3665,3/31/2016,1013,H1384,M,0.96,CMM,32.496,9.959,5.244,4.724,3.134,4.634,4,4.426,7.39,6.383,NA,NA
4118,7/11/2016,1142,H1384,M,1.61,CMM,39.111,10.863,7.07,5.583,3.376,6.227,4.721,4.93,8.073,7.313,NA,NA
6300,1/18/2018,1727,H1384,M,5.23,CMM,50.895,14.148,8.238,6.944,5.259,8.398,5.893,6.803,12.095,9.653,NA,NA
3352,1/28/2016,918,H1390,M,0.22,CMM,19.108,6.152,3.341,2.599,1.609,2.232,1.304,1.506,3.245,3.14,NA,NA
3511,2/23/2016,967,H1390,M,0.42,CMM,25.229,8.337,4.352,3.413,2.565,3.431,2.288,2.633,5.09,4.254,NA,NA
3796,4/21/2016,1056,H1390,M,1,CMM,34.74,10.933,5.463,4.837,3.411,4.333,3.593,3.877,7.071,6.521,NA,NA
4294,8/3/2016,1187,H1390,M,1.6,CMM,40.248,11.837,6.232,5.499,3.851,5.617,3.937,5.07,8.511,7.941,NA,NA
3278,1/21/2016,897,H1391,F,0.23,CMM,19.616,6.52,3.309,NA,1.8,2.104,1.891,2.232,3.682,3.464,NA,NA
3413,2/9/2016,935,H1391,F,0.3,CMM,22.117,6.885,4.002,3.006,2.024,3.033,1.829,2.009,4.261,3.721,NA,NA
3754,4/17/2016,1042,H1391,F,0.6,CMM,28.26,8.143,4.519,4.005,2.75,3.799,2.707,2.728,5.324,4.814,NA,NA
4208,7/19/2016,1165,H1391,F,1.05,CMM,32.834,10.046,5.839,4.558,3.268,5.709,3.663,3.94,7.402,7.061,Test Set,NA
3403,2/3/2016,931,H1393,M,0.17,CMM,18.078,5.981,3.844,NA,1.825,2.262,1.639,1.865,3.594,3.227,NA,NA
3509,2/23/2016,966,H1393,M,0.34,CMM,23.122,7.347,3.92,3.457,2.286,3.311,2.464,2.45,4.525,4.094,NA,NA
3834,4/29/2016,1067,H1393,M,1,CMM,33.195,10.821,5.498,4.812,3.512,5.323,3.635,3.912,6.923,6.416,NA,NA
4292,8/3/2016,1186,H1393,M,1.5,CMM,38.432,11.892,6.235,5.47,4.212,7.29,4.965,4.65,8.718,7.53,NA,NA
3404,2/3/2016,931,H1397,F,0.24,CMM,19.857,6.282,3.599,2.392,1.755,2.658,1.845,2.067,4.047,3.579,NA,NA
3510,2/23/2016,966,H1397,F,0.4,CMM,24.019,7.558,4.238,3.611,2.36,3.432,2.278,2.432,4.577,4.15,NA,NA
3835,4/29/2016,1067,H1397,F,0.93,CMM,31.946,11.227,4.938,4.287,3.071,4.737,3.856,3.807,6.546,5.908,NA,NA
4293,8/3/2016,1186,H1397,F,1.3,CMM,35.059,10.456,5.546,4.695,3.445,5.757,4.142,4.66,7.278,7.754,NA,NA
6357,2/8/2018,1741,H1397,F,2.45,CMM,42.609,11.148,4.928,5.411,3.914,6.208,4.62,4.87,8.105,7.84,NA,NA
3402,2/3/2016,931,H1398,M,0.23,CMM,19.867,6.345,3.707,2.764,1.639,2.41,1.506,1.969,3.674,3.001,NA,NA
3538,3/8/2016,977,H1398,M,0.53,CMM,27.242,8.556,4.665,3.956,2.623,4.198,2.898,3.235,5.364,4.794,NA,NA
3833,4/29/2016,1066,H1398,M,1.1,CMM,35.033,10.713,5.837,5.471,3.137,5.675,3.552,4.066,7.142,6.632,NA,NA
4291,8/3/2016,1186,H1398,M,1.6,CMM,41.179,12.135,6.154,5.68,3.788,6.407,4.938,5.298,9.045,8.112,NA,NA
3476,2/23/2016,956,H1401,M,0.31,CMM,22.475,6.914,3.484,NA,1.888,3.018,2.302,2.52,4.341,3.762,NA,NA
3536,3/8/2016,976,H1401,M,0.45,CMM,25.831,8.17,4.189,3.659,2.515,3.604,2.643,2.9,4.816,4.613,NA,NA
3854,5/12/2016,1073,H1401,M,1.18,CMM,34.042,10.384,5.329,4.951,3.326,4.861,3.828,4.769,6.842,6.932,NA,NA
4407,8/18/2016,1218,H1401,M,1.52,CMM,39.676,12.214,5.668,5.213,3.557,6.451,4.998,5.08,9.637,8.251,NA,NA
3475,2/23/2016,956,H1402,F,0.28,CMM,21.685,7.182,3.584,3.177,1.94,2.599,1.594,1.736,4.049,3.733,NA,NA
3535,3/8/2016,976,H1402,F,0.42,CMM,23.722,7.514,4.426,3.667,2.655,3.984,2.309,2.561,4.813,4.411,NA,NA
3853,5/12/2016,1073,H1402,F,0.83,CMM,30.427,9.516,5.175,4.48,3.09,4.752,2.984,3.235,6.833,6.1,NA,NA
4406,8/18/2016,1217,H1402,F,1.2,CMM,34.104,10.362,5.325,4.959,3.488,5.248,4.398,4.607,7.259,6.728,NA,NA
6359,2/21/2018,1742,H1402,F,1.95,CMM,40.289,11.018,4.869,4.846,3.816,5.519,4.644,5.149,7.783,7.343,NA,NA
3855,5/12/2016,1073,H1405,F,0.9,CMM,31.477,9.836,5.414,4.467,3.547,3.854,3.471,4.235,7.413,6.713,"AS - Remeasured Head Width, Radius, Ulna, Femur, and Tibia",RM Set 1
3412,2/9/2016,935,H1405,F,0.18,CMM,19.252,6.349,3.761,2.35,1.655,2.388,1.704,2.22,4.001,3.701,NA,NA
3537,3/8/2016,976,H1405,F,0.42,CMM,24.697,7.858,4.421,3.655,2.46,4.033,2.668,2.904,5.226,4.436,NA,NA
4290,8/3/2016,1186,H1405,F,1.05,CMM,33.251,10.353,5.342,4.747,3.158,5.319,4.019,4.239,6.995,6.987,NA,NA
6287,12/8/2017,1724,H1405,F,2.12,CMM,39.123,11.244,5.956,5.191,3.922,5.132,4.31,4.859,9.079,7.666,NA,NA
3528,3/8/2016,974,H1407,F,0.57,CMM,23.791,8.597,4.517,3.994,2.83,3.99,2.958,3.533,6.158,6.031,JG remeasured SVL,Mass/SVL check
4549,9/25/2016,1256,H1407,F,1.14,CMM,28.881,10.351,4.974,4.851,4.037,6.522,4.633,4.785,7.677,7.382,JG remeasured SVL,Mass/SVL check
3960,6/11/2016,1100,H1407,F,0.98,CMM,29.796,8.637,5.92,4.29,3.147,5.503,4.313,4.638,7.13,6.604,NA,NA
6386,4/10/2018,1749,H1410,F,2.29,CMM,38.602,14.376,7.274,6.617,4.226,6.286,3.565,4.473,9.063,9.404,"AS - Remeasured Pelvic, Humerus, Radius, Ulna, and Femur",RM Set 1
3540,3/8/2016,977,H1410,F,0.23,CMM,19.289,6.607,3.732,2.924,1.909,2.69,1.58,2.182,4.061,3.712,NA,NA
3669,3/31/2016,1014,H1410,F,0.33,CMM,22.323,7.182,4.05,3.396,2.095,3.513,1.938,2.236,4.334,4.003,NA,NA
3969,6/11/2016,1102,H1410,F,0.82,CMM,29.701,8.089,5.977,4.422,3.051,4.867,3.398,3.388,6.637,6.2,NA,NA
4531,9/18/2018,1250,H1410,F,0.96,CMM,32.569,10.442,5.281,4.607,3.378,5.379,4.109,4.292,7.173,6.338,NA,NA
5169,2/26/2017,1449,H1410,F,1.39,CMM,35.655,10.229,5.754,5.242,3.501,6.156,4.233,4.728,7.822,7.526,NA,NA
3541,3/8/2016,977,H1412,M,0.17,CMM,19.716,6.731,3.617,2.746,1.657,2.591,1.789,2.229,3.553,3.512,NA,NA
6388,4/10/2018,1749,H1416,M,4.78,CMM,47.34,13.559,5.109,5.161,4.022,6.058,4.189,6.714,9,8.14,AS - Remeasured Head Length and Ulna,RM Set 1
3539,3/8/2016,977,H1416,M,0.17,CMM,18.429,6.537,3.528,NA,1.754,2.351,1.926,2.191,3.784,3.489,NA,NA
3715,4/8/2016,1030,H1416,M,0.45,CMM,24.947,7.751,4.28,3.598,2.315,3.492,2.473,2.981,5.152,4.78,NA,NA
3968,6/11/2016,1102,H1416,M,1.07,CMM,33.738,8.977,5.937,5.4,3.447,5.49,4.074,4.399,8.709,7.181,NA,NA
4548,9/25/2016,1255,H1416,M,1.49,CMM,37.793,11.513,5.993,5.752,4.02,7.056,4.359,4.921,8.587,7.915,NA,NA
3598,3/17/2016,992,H1418,M,0.21,CMM,19.5,6.55,3.691,2.882,1.801,2.671,1.679,1.923,3.849,3.346,NA,NA
3756,4/17/2016,1043,H1418,M,0.56,CMM,27.371,9.099,4.695,3.934,2.867,3.837,3.213,3.178,5.581,5.045,NA,NA
3967,6/11/2016,1101,H1418,M,0.91,CMM,32.102,9.488,6.09,4.549,2.651,4.842,3.393,3.688,7.814,6.749,NA,NA
4547,9/25/2016,1255,H1418,M,1.55,CMM,38.779,12.298,5.793,5.575,3.93,6.71,4.627,4.991,8.745,8.187,NA,NA
6384,4/10/2018,1748,H1418,M,4.33,CMM,47.693,12.815,7.686,6.677,5.117,8.941,6.489,7.361,11.823,10.31,NA,NA
5191,4/11/2017,1455,H1418,M,3.26,CMM,47,13.702,9.643,7.17,4.64,7.964,5.503,5.944,11.186,9.808,very fuzzy arm ,NA
3632,3/24/2016,1003,H1421,M,0.25,CMM,20.583,6.804,3.821,2.69,2.013,2.195,2.043,2.392,3.941,3.43,NA,NA
3755,4/17/2016,1043,H1421,M,0.5,CMM,26.488,8.879,4.416,3.867,2.818,4.073,3.055,3.25,5.612,5.115,NA,NA
3797,4/21/2016,1056,H1421,M,0.51,CMM,26.954,8.605,4.565,NA,2.456,3.521,2.472,2.783,5.415,4.97,NA,NA
4099,6/23/2016,1135,H1421,M,1.21,CMM,34.297,9.852,5.373,4.679,3.083,5.089,4.067,4.056,7.414,7.054,NA,NA
4640,11/17/2016,1291,H1421,M,1.8,CMM,39.848,11.823,6.717,5.971,3.936,6.926,4.978,5.315,8.71,8.318,NA,NA
5190,4/11/2017,1455,H1421,M,2.95,CMM,49.243,13.529,9.666,6.804,4.877,8.192,5.822,6.039,10.135,9.173,NA,NA
6383,4/10/2018,1748,H1421,M,4.41,CMM,51.723,14.59,6.449,6.575,5.393,8.265,5.448,5.982,11.796,9.894,NA,NA
3857,5/12/2016,1074,H1426,M,0.51,CMM,26.731,9.167,3.758,3.788,2.732,4.15,2.806,3.47,5.165,5.939,"AS - Remeasured Head Length, Pectoral, Pelvic, Humerus, and Ulna",RM Set 1
6412,4/18/2018,1755,H1426,M,3.86,CMM,49.282,12.698,5.643,5.664,4.503,6.65,6.063,5.971,9.951,8.65,AS - Remeasured Tibia,RM Set 1
3716,4/8/2016,1031,H1426,M,0.17,CMM,18.398,6.018,3.705,2.753,1.761,2.402,1.851,2.016,4.014,3.266,NA,NA
4122,7/11/2016,1143,H1426,M,1.04,CMM,34.921,10.523,6.091,4.679,3.169,4.674,3.865,3.999,7.266,6.686,NA,NA
4712,12/1/2016,1317,H1426,M,1.72,CMM,39.891,11.897,6.144,5.588,3.999,7.234,4.923,5.232,9.538,8.589,NA,NA
5219,4/11/2017,1463,H1426,M,2.76,CMM,44.061,11.903,9.022,6.167,4.355,7.425,4.594,5.007,10.602,9.05,NA,NA
3856,5/12/2016,1074,H1429,M,0.47,CMM,25.609,8.501,3.778,3.782,2.553,2.913,3.164,3.487,5.159,4.573,"AS - Remeasured Pectoral, Pelvic, and Ulna",RM Set 1
3799,4/21/2016,1057,H1429,M,0.22,CMM,19.872,6.296,3.428,2.819,1.892,2.904,1.744,2.2,4.011,3.811,NA,NA
5244,5/9/2017,1471,H1429,M,2.73,CMM,44.227,13.003,7.028,6.201,4.456,8.759,5.467,6.349,10.898,9.461,NA,NA
6411,4/18/2018,1755,H1429,M,4.22,CMM,50.104,13.465,6.222,6.932,5.263,7.015,5.775,5.554,10.74,9.746,NA,NA
4209,7/19/2016,1165,H1429,M,0.94,CMM,33.441,10.47,5.284,4.558,2.96,4.709,4.144,4.432,7.672,7.138,Test Set,NA
3798,4/21/2016,1056,H1430,M,0.14,CMM,18.885,6.177,3.592,NA,1.609,2.557,1.733,1.872,3.664,3.306,NA,NA
3863,5/12/2016,1075,H1434,M,0.24,CMM,20.847,7.032,3.905,2.955,1.785,2.854,2.043,2.181,4.429,3.738,NA,NA
3979,6/11/2016,1104,H1434,M,0.47,CMM,26.757,7.401,5.274,3.525,2.678,3.682,2.709,2.922,5.651,4.77,NA,NA
4299,8/3/2016,1188,H1434,M,0.53,CMM,28.408,9.507,5.153,3.98,2.68,4.211,3.351,3.573,6.283,5.598,NA,NA
5241,5/9/2017,1470,H1434,M,1.67,CMM,38.595,12.032,6.074,5.254,3.682,6.853,5.055,5.223,9.417,8.572,NA,NA
3836,4/29/2016,1067,H1435,F,0.25,CMM,21.63,7.87,2.18,2.831,2.024,3.046,1.934,2.253,4.588,3.898,AS - Remeasured Everything,RM Set 1
3959,5/27/2016,1099,H1435,F,0.34,CMM,24.255,7.9,4.053,3.222,2.184,3.645,2.329,2.634,4.576,4.265,NA,NA
4302,8/3/2016,1189,H1435,F,0.54,CMM,27.589,8.94,4.154,3.63,2.662,4.415,2.987,2.779,5.764,5.497,NA,NA
3980,6/11/2016,1104,H1438,F,0.53,CMM,26.616,9.136,5.369,3.738,2.686,3.806,2.438,2.937,5.778,5.177,AS - Remeasured Head Length,RM Set 1
6430,4/24/2018,1759,H1438,F,1.83,CMM,37.971,11.392,5.115,4.867,4.412,6.099,3.684,4.035,8.839,7.782,Data for 5/16/2018,NA
3864,5/12/2016,1076,H1438,F,0.32,CMM,22.475,7.063,3.915,3.108,1.985,2.996,1.895,2.445,4.122,3.635,NA,NA
4300,8/3/2016,1188,H1438,F,0.68,CMM,29.523,9.751,4.941,4.306,3.017,4.769,3.325,3.471,6.81,6.315,NA,NA
5242,5/9/2017,1470,H1438,F,1.15,CMM,35.537,11.335,5.724,4.887,3.361,6.15,4.023,4.958,8.472,7.433,NA,NA
6426,4/24/2018,1758,H1439,M,4.71,CMM,51.734,13.764,7.042,7.44,5.269,9.154,6.357,7.312,13.432,10.014,Data for 5/16/2018,NA
3865,5/12/2016,1076,H1439,M,0.26,CMM,21.613,7.147,3.963,2.969,1.83,2.683,1.923,2.207,4.238,3.72,NA,NA
3958,5/27/2016,1099,H1439,M,0.38,CMM,23.607,8.229,4.363,3.64,2.359,3.878,2.777,2.69,4.75,4.269,NA,NA
4301,8/3/2016,1189,H1439,M,0.67,CMM,29.229,9.847,4.596,4.232,3.18,4.035,3.059,3.269,6.493,5.687,NA,NA
5243,5/9/2017,1470,H1439,M,1.88,CMM,42.037,12.734,6.283,6.114,3.667,6.935,4.497,5.09,10.297,8.645,NA,NA
3957,5/27/2016,1099,H1456,M,0.33,CMM,23.039,7.634,4.057,3.344,2.067,2.801,1.599,1.996,4.174,4.017,AS - Remeasured Ulna,RM Set 1
6457,5/17/2018,1766,H1456,M,5.02,CMM,53.318,14.626,6.299,7.382,5.79,9.038,6.005,6.516,12.639,11.102,Data for 7/17/2018,NA
3973,6/11/2016,1103,H1456,M,0.48,CMM,25.657,7.246,5.516,4.184,2.708,3.833,2.508,2.811,5.321,4.664,NA,NA
4417,8/18/2016,1220,H1456,M,0.55,CMM,29.825,9.611,4.803,4.162,2.877,3.804,2.871,3.22,6.349,5.759,NA,NA
5234,5/9/2017,1468,H1456,M,2.37,CMM,42.207,13.389,6.807,6.164,4.421,6.494,4.303,5.206,10.284,9.026,NA,NA
3977,6/11/2016,1103,H1459,F,0.41,CMM,25.45,8.474,4.444,3.483,2.399,3.123,2.636,2.835,5.186,4.592,AS - Remeasured Head Length,RM Set 1
3861,5/12/2016,1075,H1459,F,0.22,CMM,21.11,6.556,3.724,2.667,1.838,NA,NA,NA,4.089,3.879,NA,NA
3860,5/12/2016,1075,H1463,F,0.19,CMM,19.688,7.26,3.784,2.671,1.788,2.558,1.745,2.149,3.795,3.437,AS - Remeasured Head Length,RM Set 1
3976,6/11/2016,1103,H1463,F,0.42,CMM,24.129,6.718,5.134,3.706,2.695,3.228,1.99,2.408,5.462,4.554,NA,NA
4297,8/3/2016,1187,H1463,F,0.53,CMM,27.79,9.315,4.54,3.667,2.679,4.402,3.315,3.581,6.243,5.927,NA,NA
5239,5/9/2017,1469,H1463,F,1.41,CMM,35.559,10.675,5.911,4.704,3.515,5.443,3.888,4.326,8.764,7.59,NA,NA
3974,6/11/2016,1103,H1465,F,0.49,CMM,26.505,8.756,4.925,3.751,2.573,3.299,2.489,2.991,5.045,4.56,AS - Remeasured Head Length,RM Set 1
3858,5/12/2016,1074,H1465,F,0.16,CMM,18.532,6.912,3.717,3.05,1.84,2.551,1.74,2.003,3.573,3.254,AS - Remeasured Head Length and Pectoral,RM Set 1
6455,5/17/2018,1766,H1465,F,2.18,CMM,40.125,11.219,4.792,5.538,3.986,5.886,3.483,3.734,9.012,7.47,Data for 7/17/2018,NA
4295,8/3/2016,1187,H1465,F,0.57,CMM,28.566,8.901,4.761,4.119,2.873,4.027,3.003,3.345,5.87,5.396,NA,NA
5237,5/9/2017,1469,H1465,F,1.48,CMM,36.446,10.679,5.89,5.316,4.132,6.251,4.053,4.296,8.091,7.66,NA,NA
3862,5/12/2016,1075,H1471,M,0.22,CMM,20.161,6.844,3.88,2.816,1.965,2.767,1.86,1.927,4.284,3.847,NA,NA
3978,6/11/2016,1104,H1471,M,0.48,CMM,25.295,7.345,4.981,3.476,2.844,3.834,2.482,2.573,5.014,4.774,NA,NA
4298,8/3/2016,1188,H1471,M,0.59,CMM,27.599,9.153,4.828,4.052,2.739,4.532,3.202,3.37,5.927,5.528,NA,NA
5240,5/9/2017,1470,H1471,M,2.01,CMM,39.685,12.837,6.449,6.268,4.137,7.171,4.895,5.723,9.229,8.131,NA,NA
6387,4/10/2018,1749,H1471,M,5.51,CMM,51.007,15.074,7.58,7.286,5.609,9.421,6.793,7.16,11.426,9.926,NA,NA
3972,6/11/2016,1102,H1473,F,0.4,CMM,24.575,8.122,4.992,3.125,2.043,3.731,2.712,3.164,5.785,4.72,AS - Remeasured Head Length,RM Set 1
3956,5/27/2016,1099,H1473,F,0.25,CMM,21.709,6.877,3.875,3.016,1.974,3.07,1.998,2.354,4.28,3.858,NA,NA
4416,8/18/2016,1220,H1473,F,0.59,CMM,28.516,8.96,4.64,4.12,2.703,4.424,3.379,3.624,6.127,5.57,NA,NA
5235,5/9/2017,1468,H1473,F,0.81,CMM,35.119,10.496,5.093,4.418,3.139,5.696,4.43,4.864,7.915,7.267,NA,NA
3970,6/11/2016,1102,H1474,M,0.38,CMM,24.067,8.755,4.772,3.251,2.404,3.578,2.456,3.031,5.324,4.438,AS - Remeasured Head Length,RM Set 1
3954,5/27/2016,1098,H1474,M,0.25,CMM,20.722,6.846,3.865,2.749,2.054,2.915,2.128,2.45,4.309,4.087,NA,NA
4414,8/18/2016,1219,H1474,M,0.51,CMM,26.564,8.673,4.762,4.422,2.848,4.418,3.547,3.471,6.06,5.555,NA,NA
5233,5/9/2017,1467,H1474,M,1.92,CMM,38.942,11.32,6.133,5.617,4.434,6.653,5.028,5.143,9.508,8.666,NA,NA
3951,5/27/2016,1098,H1482,F,0.26,CMM,19.759,6.448,3.823,2.676,1.929,2.557,1.956,1.818,4.128,3.668,NA,NA
4037,6/21/2016,1119,H1482,F,0.32,CMM,24.321,7.184,4.204,3.302,2.267,3.436,2.144,2.853,5.013,4.58,NA,NA
4413,8/18/2016,1219,H1482,F,0.51,CMM,27.843,8.975,4.582,3.858,2.74,3.957,3.384,3.573,6.084,5.589,NA,NA
5232,5/9/2017,1467,H1482,F,1.43,CMM,36.305,11.202,5.794,5.621,3.614,6.348,4.06,4.469,8.884,7.647,NA,NA
3971,6/11/2016,1102,H1483,M,0.4,CMM,24.742,8.614,4.828,3.366,2.22,3.87,2.234,2.373,5.955,4.649,AS - Remeasured Head Length,RM Set 1
3955,5/27/2016,1099,H1483,M,0.32,CMM,23.24,7.634,4.389,3.417,2.456,2.854,2.343,2.466,4.579,4.143,NA,NA
4415,8/18/2016,1220,H1483,M,0.53,CMM,29.455,9.721,4.688,3.786,2.708,4.376,3.459,3.646,6.46,6.009,NA,NA
5236,5/9/2017,1468,H1483,M,1.75,CMM,40.286,12.913,6.228,5.769,4.048,6.94,4.518,4.834,9.409,7.977,NA,NA
3859,5/12/2016,1074,H1487,M,0.26,CMM,20.793,7.536,3.608,2.753,1.949,2.625,2.463,2.644,4.313,4.211,"AS - Remeasured Head Length, Radius, and Ulna",RM Set 1
6456,5/17/2018,1766,H1487,M,3.66,CMM,51.151,15.144,5.533,6.391,5.375,9.354,6.996,7.347,11.904,10.642,Data for 7/17/2018,NA
3975,6/11/2016,1103,H1487,M,0.59,CMM,27.072,7.824,5.392,4.008,2.777,4.015,2.503,2.832,5.872,4.848,NA,NA
4296,8/3/2016,1187,H1487,M,0.62,CMM,30.375,9.919,5.073,4.205,3.088,4.307,3.444,3.729,6.804,5.745,NA,NA
5238,5/9/2017,1469,H1487,M,2.36,CMM,41.888,11.332,8.111,5.755,4.236,6.725,4.405,5.175,9.646,8.87,NA,NA
6465,5/17/2018,1768,H1491,F,1.74,CMM,38.963,11.421,4.766,5.602,3.78,6.244,4.313,4.946,8.413,7.683,Data for 7/17/2018,NA
3947,5/27/2016,1097,H1491,F,0.28,CMM,21.581,7.282,4.217,3.59,2.011,3.191,2.029,2.268,4.233,3.944,NA,NA
4035,6/21/2016,1119,H1491,F,0.4,CMM,24.177,7.714,4.766,3.732,2.384,3.879,2.244,2.911,4.884,4.697,NA,NA
4478,8/30/2016,1237,H1491,F,0.53,CMM,27.714,9.59,5.278,3.921,2.982,4.161,2.876,3.107,6.201,5.455,NA,NA
5282,5/25/2017,1482,H1491,F,1.13,CMM,33.901,10.652,5.592,5.13,3.644,6.057,4.107,4.517,7.703,6.909,NA,NA
6463,5/17/2018,1768,H1492,M,4.58,CMM,49.454,13.867,6.768,7.719,5.322,9.894,7.004,7.928,13.173,10.845,Data for 7/17/2018,NA
3943,5/27/2016,1096,H1492,M,0.29,CMM,22.565,7.755,4.073,2.9,1.896,3.06,2.491,2.413,4.154,3.683,NA,NA
4029,6/21/2016,1117,H1492,M,0.47,CMM,26.013,8.211,4.129,3.415,2.264,3.223,1.85,2.298,5.676,5.098,NA,NA
4475,8/30/2016,1237,H1492,M,0.66,CMM,29.311,9.52,6.018,4.459,2.958,4.553,2.91,3.244,6.762,5.963,NA,NA
5279,5/25/2017,1481,H1492,M,1.98,CMM,37.535,11.761,6.102,6.084,3.806,6.659,4.77,5.506,9.087,8.067,NA,NA
3941,5/27/2016,1096,H1493,F,0.29,CMM,20.981,6.496,4.05,2.944,1.926,2.963,1.727,1.848,4.11,3.955,NA,NA
4027,6/21/2016,1117,H1493,F,0.42,CMM,24.471,7.342,4.271,3.611,2.235,3.101,2.127,2.537,4.951,4.767,NA,NA
4472,8/30/2016,1236,H1493,F,0.58,CMM,28.974,9.041,4.702,3.589,2.776,4.182,3.043,3.59,6.846,6.42,NA,NA
5278,5/25/2017,1481,H1493,F,1.62,CMM,37.888,11.138,5.515,5.161,3.996,6.191,4.425,5.164,8.313,7.694,NA,NA
6458,5/17/2018,1766,H1496,F,1.98,CMM,38.06,10.878,4.891,4.85,4.043,6.336,4.19,4.666,8.333,6.14,Data for 7/17/2018,NA
3953,5/27/2016,1098,H1496,F,0.26,CMM,20.858,6.865,3.244,2.61,2.077,2.563,1.809,1.988,3.966,3.406,NA,NA
4039,6/21/2016,1119,H1496,F,0.43,CMM,25.306,7.864,3.922,3.224,2.218,3.161,1.81,2.503,5.173,4.584,NA,NA
4409,8/18/2016,1218,H1496,F,0.63,CMM,28.056,9.096,4.728,4.105,2.972,4.552,3.059,3.27,5.946,5.143,NA,NA
5230,5/9/2017,1466,H1496,F,1.29,CMM,37.48,11.053,5.387,4.628,3.991,5.625,3.349,3.751,7.709,7.507,NA,NA
3948,5/27/2016,1097,H1499,F,0.21,CMM,20.208,6.731,3.892,2.981,1.785,2.541,2.024,2.147,3.761,3.388,NA,NA
4034,6/21/2016,1118,H1499,F,0.39,CMM,25.246,7.666,4.337,3.374,2.265,3.719,2.767,2.792,5.148,4.464,NA,NA
4411,8/18/2016,1219,H1499,F,0.5,CMM,28.04,8.894,4.525,3.612,2.511,4.398,3.259,3.607,5.985,5.545,NA,NA
5228,5/9/2017,1466,H1499,F,1.08,CMM,35.04,10.635,5.779,4.696,4.028,5.739,3.944,4.158,7.949,7.439,NA,NA
6466,5/17/2018,1768,H1500,F,2,CMM,39.073,11.265,4.952,4.889,4.236,6.197,4.762,5.375,8.879,7.518,Data for 7/17/2018,NA
3944,5/27/2016,1096,H1500,F,0.31,CMM,21.723,7.008,4.101,3.268,2.213,3.236,2.14,2.585,4.387,4.018,NA,NA
4032,6/21/2016,1118,H1500,F,0.44,CMM,24.684,7.371,5.006,3.442,2.365,3.607,2.743,3.157,5.295,5.006,NA,NA
4476,8/30/2016,1237,H1500,F,0.57,CMM,27.845,8.698,5.719,3.918,2.996,4.15,3.032,3.392,6.238,5.36,NA,NA
5280,5/25/2017,1482,H1500,F,1.49,CMM,36.587,11.389,5.48,5.132,4.057,6.52,4.547,5.181,8.214,7.509,NA,NA
4026,6/21/2016,1117,H1505,M,0.54,CMM,27.248,8.041,4.035,3.455,2.389,2.967,2.108,2.321,5.52,5.229,AS - Remeasured Radius,RM Set 1
3940,5/27/2016,1096,H1505,M,0.28,CMM,21.091,6.942,3.974,3.037,2.061,3.282,1.926,2.241,4.075,3.693,NA,NA
4474,8/30/2016,1236,H1505,M,0.62,CMM,29.2,9.348,5.526,4.361,2.852,4.588,3.178,3.527,7.13,6.352,NA,NA
6459,5/17/2018,1767,H1509,F,2.52,CMM,43.044,11.781,4.584,5.128,4.042,6.392,4.642,5.416,8.403,7.911,Data for 7/17/2018,NA
3952,5/27/2016,1098,H1509,F,0.24,CMM,19.653,6.366,3.282,3.271,2.07,2.848,1.621,1.511,3.794,3.303,NA,NA
4036,6/21/2016,1119,H1509,F,0.44,CMM,25.119,7.817,4.343,3.524,2.442,3.586,2.164,2.694,4.932,4.704,NA,NA
4412,8/18/2016,1219,H1509,F,0.6,CMM,29.156,9.058,4.591,4.008,2.724,4.217,3.049,3.508,6.142,5.046,NA,NA
5231,5/9/2017,1467,H1509,F,1.64,CMM,39.407,11.544,5.522,5.156,3.808,6.114,4.572,4.703,8.661,7.554,NA,NA
6460,5/17/2018,1767,H1510,F,2.03,CMM,40.055,10.588,4.419,4.624,3.688,5.755,2.905,3.506,8.169,6.391,Data for 7/17/2018 AS - Remeasured Radius and Tibia,RM Set 1
3949,5/27/2016,1097,H1510,M,0.26,CMM,21.223,7.042,3.667,2.883,1.997,2.549,1.418,2.208,3.732,3.326,NA,NA
4033,6/21/2016,1118,H1510,M,0.49,CMM,25.661,8.031,4.238,3.497,2.511,3.581,2.696,3.178,5.12,4.723,NA,NA
4410,8/18/2016,1218,H1510,M,0.61,CMM,28.873,9.155,4.545,4.116,2.797,4.337,3.252,3.413,5.546,5.415,NA,NA
5227,5/9/2017,1466,H1510,F,1.45,CMM,36.866,10.954,5.568,4.812,3.513,6.201,4.105,4.497,7.82,6.654,NA,NA
6461,5/17/2018,1767,H1518,F,1.79,CMM,40.574,11.58,4.487,4.903,3.817,5.347,4.006,4.435,8.494,8.049,Data for 7/17/2018,NA
3950,5/27/2016,1098,H1518,F,0.27,CMM,20.844,6.599,3.626,3.056,1.852,2.583,1.587,1.958,4.062,3.536,NA,NA
4038,6/21/2016,1119,H1518,F,0.41,CMM,25.257,7.749,4.616,3.467,2.395,3.798,2.102,2.695,5.321,4.732,NA,NA
4408,8/18/2016,1218,H1518,F,0.53,CMM,28.3,9.198,4.455,4.036,2.814,4.728,3.321,3.126,5.828,5.509,NA,NA
5229,5/9/2017,1466,H1518,F,1.35,CMM,36.35,10.56,5.517,4.683,3.338,5.842,3.36,4.045,8.1,7.617,NA,NA
6462,5/17/2018,1767,H1519,M,3.72,CMM,48.16,13.187,6.07,5.977,4.604,7.474,5.428,6.546,10.636,9.63,Data for 7/17/2018 AS - Remeasured Head Width,RM Set 1
3945,5/27/2016,1097,H1519,M,0.24,CMM,20.878,7.052,3.624,2.861,1.652,2.582,2.003,2.076,3.641,3.606,NA,NA
4031,6/21/2016,1118,H1519,M,0.46,CMM,26.245,7.89,4.134,3.339,2.164,3.543,2.609,2.53,5.161,4.913,NA,NA
4479,8/30/2016,1238,H1519,M,0.49,CMM,27.827,8.653,5.565,3.766,2.295,4.097,2.579,2.743,5.96,5.035,NA,NA
5283,5/25/2017,1483,H1519,M,2.67,CMM,42.903,11.229,7.729,5.825,3.844,7.03,5.389,6.077,9.222,9.087,NA,NA
3946,5/27/2016,1097,H1520,M,0.17,CMM,19.019,6.7,3.714,2.316,1.703,2.345,1.678,1.64,3.273,3.353,NA,NA
4030,6/21/2016,1118,H1520,M,0.38,CMM,23.697,7.417,4.625,3.244,1.982,2.767,1.955,2.36,4.925,4.695,NA,NA
4477,8/30/2016,1237,H1520,M,0.71,CMM,30.882,9.614,6.059,4.551,2.928,4.491,3.144,3.584,6.528,5.709,NA,NA
5281,5/25/2017,1482,H1520,M,1.31,CMM,42.437,11.93,5.856,5.372,3.759,6.997,5.364,5.495,9.684,9.451,NA,NA
6464,5/17/2018,1768,H1521,F,2.21,CMM,41.386,12.102,4.98,4.716,4.104,5.429,2.039,2.791,8.987,7.423,Data for 7/17/2018 AS - Remeasured Radius and Ulna,RM Set 1
3942,5/27/2016,1096,H1521,F,0.25,CMM,21.064,6.827,3.667,2.819,1.94,2.875,2,2.005,3.921,3.578,NA,NA
4028,6/21/2016,1117,H1521,F,0.43,CMM,25.889,7.987,4.914,3.239,2.041,3.547,2.504,2.517,4.957,4.548,NA,NA
4473,8/30/2016,1236,H1521,F,0.5,CMM,27.988,8.676,4.291,3.476,2.705,4.772,3.516,3.78,6.617,5.763,NA,NA
5277,5/25/2017,1481,H1521,F,1.61,CMM,38.289,11.532,5.481,4.519,3.84,6.271,3.959,4.688,9.118,7.589,NA,NA
3984,6/11/2016,1105,H1523,M,0.31,CMM,23.049,7.861,4.574,3.158,2.075,2.509,2.114,2.318,4.159,3.739,AS - Remeasured Head Length,RM Set 1
4126,7/11/2016,1144,H1523,M,0.47,CMM,26.131,8.699,5.294,3.858,2.619,3.768,2.695,3.23,4.946,4.672,NA,NA
4528,9/18/2018,1250,H1523,M,0.57,CMM,29.524,9.785,4.939,3.814,2.627,4.385,3.177,3.175,5.7,5.305,NA,NA
5173,2/26/2017,1450,H1523,M,0.98,CMM,35.037,10.747,5.381,5.032,3.366,5.353,3.939,3.829,7.556,6.711,NA,NA
5293,6/1/2017,1486,H1523,M,1.6,CMM,38.514,11.433,5.661,5.259,3.684,5.814,4.421,4.397,7.917,7.724,NA,NA
6480,6/5/2018,1772,H1523,M,5.57,CMM,57.275,15.684,6.702,7.621,5.763,10.059,6.835,7.7,12.711,10.908,NA,NA
3992,6/11/2016,1106,H1526,F,0.24,CMM,20.447,6.194,4.387,2.824,2.068,2.472,1.974,2.077,4.525,3.928,NA,NA
4024,6/21/2016,1116,H1526,F,0.27,CMM,21.51,7.223,4.065,2.886,1.851,3.019,1.522,1.931,4.653,4.037,NA,NA
4495,9/6/2016,1242,H1526,F,0.6,CMM,28.559,NA,NA,NA,NA,NA,NA,NA,NA,NA,NA,NA
5181,2/26/2017,1452,H1526,F,0.92,CMM,31.518,10.174,5.429,4.96,3.566,5.082,3.515,4.012,7.298,6.193,NA,NA
5275,5/25/2017,1480,H1526,F,1.38,CMM,35.864,11.082,5.294,4.624,3.487,5.809,3.828,4.115,8.046,7.214,NA,NA
6469,5/24/2018,1769,H1526,F,1.91,CMM,39.417,11.627,5.85,5.402,4.657,6.503,4.346,4.853,9.25,7.849,NA,NA
3990,6/11/2016,1106,H1527,M,0.4,CMM,23.864,8.626,4.928,3.698,2.448,3.207,2.619,2.779,5.014,4.186,AS - Remeasured Head Length,RM Set 1
4022,6/21/2016,1116,H1527,M,0.4,CMM,25.226,7.668,4.088,3.486,2.15,3.089,2.117,2.454,5.413,4.917,NA,NA
4492,9/6/2016,1241,H1527,M,0.67,CMM,29.202,NA,NA,NA,NA,NA,NA,NA,NA,NA,NA,NA
5178,2/26/2017,1451,H1527,M,1.42,CMM,37.891,11.958,5.683,4.681,3.884,5.393,3.432,3.694,8.502,7.902,NA,NA
5272,5/25/2017,1479,H1527,M,1.69,CMM,39.211,12.397,6.403,5.82,3.803,6.607,4.447,4.77,9.883,7.991,NA,NA
6467,5/24/2018,1769,H1527,M,4.68,CMM,50.701,14.657,6.324,6.909,5.273,8.898,6.245,6.691,11.997,10.393,NA,NA
3989,6/11/2016,1106,H1535,M,0.33,CMM,23.573,7.949,4.108,3.164,1.936,3.236,2.336,2.558,4.714,4.417,AS - Remeasured Head Length,RM Set 1
4020,6/21/2016,1116,H1535,M,0.37,CMM,23.763,7.727,3.583,3.168,2.014,3.472,2.145,2.484,5.104,4.798,NA,NA
4491,9/6/2016,1241,H1535,M,0.6,CMM,27.994,NA,NA,NA,NA,NA,NA,NA,NA,NA,NA,NA
5177,2/26/2017,1451,H1535,M,0.82,CMM,33.66,10.958,5.295,4.851,3.196,5.352,4.038,4.355,7.984,6.933,NA,NA
5271,5/25/2017,1479,H1535,M,1.26,CMM,37.309,12.116,5.907,5.325,3.448,7.127,4.811,4.735,8.954,7.83,NA,NA
6475,5/24/2018,1771,H1535,M,4.27,CMM,54.364,14.556,6.37,6.92,5.478,9.987,6.931,7.606,13.401,11.584,NA,NA
3981,6/11/2016,1104,H1538,M,0.33,CMM,21.778,7.938,4.566,2.96,1.982,2.742,2.309,2.32,4.665,3.932,AS - Remeasured Head Length,RM Set 1
4123,7/11/2016,1143,H1538,M,0.46,CMM,26.038,8.382,4.911,3.667,2.591,3.811,2.454,2.621,5.277,4.566,NA,NA
4526,9/18/2018,1249,H1538,M,0.63,CMM,28.991,9.699,5.1,3.566,2.847,4.02,2.841,3.156,5.966,5.295,NA,NA
5171,2/26/2017,1450,H1538,M,0.92,CMM,33.312,10.705,5.486,4.523,3.114,4.869,3.377,3.998,7.51,6.687,NA,NA
5291,6/1/2017,1485,H1538,M,1.24,CMM,35.811,11.095,5.644,4.535,3.214,5.947,4.232,4.39,7.874,7.407,NA,NA
6487,6/5/2018,1774,H1538,M,5.3,CMM,53.708,14.428,6.518,7.12,5.328,8.578,6.164,7.065,12.359,10.924,NA,NA
3988,6/11/2016,1106,H1540,F,0.29,CMM,20.909,7.424,4.34,3.189,1.949,2.868,2,2.152,4.175,4.067,AS - Remeasured Head Length,RM Set 1
6470,5/24/2018,1769,H1540,F,1.98,CMM,39.671,11.701,4.725,4.747,4.234,6.122,4.867,5.265,7.537,6.456,AS - Remeasured Tibia,RM Set 1
4021,6/21/2016,1116,H1540,F,0.34,CMM,22.021,7.074,3.822,3.205,1.796,2.81,2.087,2.224,4.436,4.014,NA,NA
4493,9/6/2016,1241,H1540,F,0.46,CMM,26.825,NA,NA,NA,NA,NA,NA,NA,NA,NA,NA,NA
5179,2/26/2017,1452,H1540,F,0.88,CMM,31.743,9.85,5.257,4.721,3.169,5.138,3.334,3.976,7.142,6.5,NA,NA
5273,5/25/2017,1480,H1540,F,1.19,CMM,35.231,10.556,5.563,4.78,3.579,5.276,3.64,3.853,8.172,6.939,NA,NA
3993,6/11/2016,1107,H1541,F,0.34,CMM,22.786,7.86,4.612,3.767,2.052,3.344,2.29,2.627,5.006,4.217,AS - Remeasured Head Length,RM Set 1
4025,6/21/2016,1117,H1541,F,0.42,CMM,24.88,7.723,3.667,3.454,2.188,3.403,2.912,3.261,5.191,4.739,NA,NA
4496,9/6/2016,1242,H1541,F,0.68,CMM,28.893,NA,NA,NA,NA,NA,NA,NA,NA,NA,NA,NA
5182,2/26/2017,1452,H1541,F,1.02,CMM,32.847,10.299,5.321,4.758,3.566,5.79,4.189,4.749,7.244,6.622,NA,NA
5276,5/25/2017,1480,H1541,F,1.5,CMM,36.912,10.846,5.418,4.883,3.934,5.948,4.584,5.284,7.88,7.441,NA,NA
6474,5/24/2018,1770,H1541,F,2.38,CMM,40.683,11.302,4.734,5.392,4.487,5.535,4.364,4.769,9.534,7.96,NA,NA
3986,6/11/2016,1105,H1543,M,0.31,CMM,22.403,8.194,5.039,3.248,2.36,3.06,1.745,2.27,4.349,3.862,AS - Remeasured Head Length,RM Set 1
4128,7/11/2016,1144,H1543,M,0.49,CMM,26.526,8.704,5.139,3.912,2.876,3.59,3.05,3.228,5.964,4.999,NA,NA
4530,9/18/2018,1250,H1543,M,0.63,CMM,30.02,9.921,5.219,3.992,2.878,4.774,3.447,3.767,6.247,5.565,NA,NA
5175,2/26/2017,1451,H1543,M,1,CMM,34.691,11.203,5.315,4.915,3.053,5.89,4.089,4.038,8.119,7.291,NA,NA
6486,6/5/2018,1774,H1543,M,5.77,CMM,52.885,14.412,6.793,7.625,5.762,9.571,6.661,6.866,12.845,10.782,NA,NA
5295,6/1/2017,1486,H1543,M,2.01,CMM,39.364,12.576,6.296,5.241,4.071,6.166,5.101,5.139,9.054,8.184,pectoral unclear,NA
3985,6/11/2016,1105,H1544,F,0.33,CMM,22.352,8.128,4.578,3.31,2.145,2.839,1.969,2.179,4.592,3.941,AS - Remeasured Head Length,RM Set 1
6479,6/5/2018,1772,H1544,F,1.39,CMM,39.392,11.547,5.194,5.069,3.826,5.787,4.061,4.496,9.087,7.299,AS - Remeasured Head Width,RM Set 1
4127,7/11/2016,1144,H1544,F,0.45,CMM,26.126,8.584,4.188,3.763,2.488,3.632,2.583,3.012,5.106,4.815,NA,NA
4529,9/18/2018,1250,H1544,F,0.67,CMM,29.216,9.501,4.892,4.167,3.331,4.487,3.324,3.667,6.37,5.52,NA,NA
5174,2/26/2017,1450,H1544,F,1.07,CMM,34.449,10.411,5.462,4.972,3.302,5.379,3.324,4.095,7.846,6.804,NA,NA
5294,6/1/2017,1486,H1544,F,1.45,CMM,35.53,10.551,5.655,4.67,3.408,6.125,4.212,4.088,8.241,7.715,NA,NA
3991,6/11/2016,1106,H1545,F,0.39,CMM,24.366,8.328,5.015,3.504,2.324,3.393,2.421,2.536,4.651,4.394,AS - Remeasured Head Length,RM Set 1
4023,6/21/2016,1116,H1545,F,0.4,CMM,24.404,7.536,4.747,3.485,2.43,3.665,2.529,2.913,5.144,4.792,NA,NA
4494,9/6/2016,1241,H1545,F,0.54,CMM,27.333,NA,NA,NA,NA,NA,NA,NA,NA,NA,NA,NA
5180,2/26/2017,1452,H1545,F,0.91,CMM,33.016,10.177,5.094,4.387,3.468,5.08,3.961,4.535,6.973,6.621,NA,NA
5274,5/25/2017,1480,H1545,F,1.3,CMM,35.91,10.739,5.573,4.91,3.954,6.175,3.869,4.711,7.895,7.187,NA,NA
6478,5/24/2018,1771,H1545,F,1.92,CMM,39.887,11.221,4.659,4.648,4.765,6.535,4.627,5.176,8.807,7.746,NA,NA
3982,6/11/2016,1104,H1546,F,0.23,CMM,19.404,7.062,3.534,2.843,2.115,2.357,1.689,2.006,3.75,3.175,AS - Remeasured Head Length,RM Set 1
6482,6/5/2018,1773,H1546,F,1.46,CMM,40.21,11.256,4.451,4.58,3.988,4.8,4.042,4.406,8.538,7.683,AS - Remeasured Head Width,RM Set 1
4125,7/11/2016,1143,H1546,F,0.41,CMM,24.896,7.911,4.46,3.145,2.185,3.471,2.671,2.845,4.923,4.664,NA,NA
4527,9/18/2018,1249,H1546,F,0.65,CMM,29.228,9.424,4.858,4.066,2.878,4.694,3.519,3.859,6.136,6.303,NA,NA
5172,2/26/2017,1450,H1546,F,1.09,CMM,34.841,10.303,5.155,4.494,3.465,5.496,3.845,3.772,7.332,6.911,NA,NA
5292,6/1/2017,1485,H1546,F,1.41,CMM,35.586,10.701,5.285,4.618,3.675,5.706,4.597,4.276,7.459,6.973,NA,NA
3987,6/11/2016,1105,H1565,M,0.35,CMM,22.708,6.625,4.705,3.296,1.91,3.279,2.411,2.526,4.626,4.067,NA,NA
4129,7/11/2016,1144,H1565,M,0.45,CMM,26.121,8.733,5.108,3.864,2.137,3.551,2.064,2.604,5.429,4.962,NA,NA
5176,2/26/2017,1451,H1565,M,0.8,CMM,33.424,11.025,5.247,4.532,3.018,5.252,3.935,4.402,7.063,6.553,NA,NA
5270,5/25/2017,1479,H1565,M,1.43,CMM,38.492,12.091,5.771,5.383,3.729,6.082,3.894,4.836,8.866,8.063,NA,NA
4490,9/6/2016,1240,H1565,M,0.55,CMM,28.026,9.059,5.837,3.923,2.314,4.412,2.498,2.739,6.389,5.267,very unclear/light arms,NA
3983,6/11/2016,1105,H1567,M,0.28,CMM,20.858,6.136,4.747,2.297,1.829,2.892,1.826,2.13,4.253,3.65,AS - Remeasured Radius,RM Set 1
4124,7/11/2016,1143,H1567,M,0.47,CMM,26.559,8.607,4.104,3.719,2.464,3.617,3.024,3.293,5.331,4.851,NA,NA
4525,9/18/2018,1249,H1567,M,0.64,CMM,29.009,9.576,4.978,4.127,2.868,4.164,3.001,3.244,5.676,5.498,NA,NA
5170,2/26/2017,1449,H1567,M,1.17,CMM,36.757,11.52,5.575,4.611,3.433,5.555,4.439,4.392,8.336,7.232,NA,NA
5290,6/1/2017,1485,H1567,M,1.94,CMM,41.365,12.251,5.75,5.592,3.7,6.266,4.274,4.594,9.442,8.574,NA,NA
6483,6/5/2018,1773,H1567,M,5.01,CMM,50.642,13.645,6.468,7.313,5.17,8.332,5.716,6.496,12.816,10.836,NA,NA
4055,6/21/2016,1123,H1571,F,0.28,CMM,21.023,6.739,3.826,3.263,2.237,2.989,2.277,2.464,4.274,3.734,NA,NA
4176,7/14/2016,1156,H1571,F,0.41,CMM,25.346,8.143,4.501,3.559,2.603,3.699,2.955,3.479,5.486,4.859,NA,NA
4546,9/25/2016,1255,H1571,F,0.64,CMM,28.761,8.853,4.898,4.37,3.083,4.071,3.05,3.252,6.272,5.826,NA,NA
5331,6/11/2017,1496,H1571,F,1.76,CMM,36.41,10.599,7.73,5.062,4.036,6.108,4.371,4.546,8.549,6.56,NA,NA
6496,6/18/2018,1777,H1571,F,2.49,CMM,41.765,11.12,5.139,4.968,4.6,6.567,4.572,5.238,8.744,7.528,NA,NA
4047,6/21/2016,1121,H1581,M,0.21,CMM,19.767,6.229,3.571,2.263,1.819,2.485,1.541,1.713,3.874,3.603,NA,NA
4212,7/19/2016,1166,H1581,M,0.34,CMM,25.282,7.848,4.318,3.525,2.162,3.501,2.816,3.083,5.47,4.709,NA,NA
4636,11/17/2016,1290,H1581,M,1,CMM,33.435,9.895,5.561,4.52,3.497,4.756,3.877,4.498,7.496,7.124,NA,NA
5188,4/11/2017,1454,H1581,M,1.33,CMM,38.085,11.149,7.727,5.437,3.752,5.642,4.04,4.326,9.071,7.78,NA,NA
5384,6/14/2017,1511,H1581,M,1.96,CMM,42.199,12.122,8.242,5.538,3.394,6.669,4.757,5.072,9.654,8.561,NA,NA
4053,6/21/2016,1122,H1582,M,0.3,CMM,21.168,7.244,3.992,2.404,1.839,2.709,1.999,2.409,4.258,3.743,NA,NA
4178,7/14/2016,1156,H1582,M,0.37,CMM,24.224,8.135,4.46,3.367,2.058,3.137,2.5,2.259,4.402,4.32,NA,NA
4543,9/25/2016,1254,H1582,M,0.65,CMM,28.574,9.673,4.884,4.528,3.137,4.791,3.563,3.557,5.884,5.337,NA,NA
5328,6/11/2017,1495,H1582,M,2.1,CMM,38.519,11.37,8.183,5.679,3.537,5.576,3.519,3.842,8.804,7.604,NA,NA
6489,6/18/2018,1775,H1582,M,5.79,CMM,50.561,14.113,6.589,7.445,5.642,9.095,6.265,6.636,11.567,9.962,NA,NA
4056,6/21/2016,1124,H1583,F,0.2,CMM,20.891,6.556,4.111,2.93,1.804,2.921,2.077,2.219,4.156,3.689,NA,NA
4215,7/19/2016,1166,H1583,F,0.35,CMM,25.042,8.228,4.488,3.573,2.371,3.226,2.613,3.104,5.303,4.772,NA,NA
4639,11/17/2016,1291,H1583,F,0.84,CMM,30.306,9.393,5.639,4.525,2.821,4.92,3.345,3.685,6.814,6.001,NA,NA
5387,6/14/2017,1512,H1583,F,1.38,CMM,35.574,10.915,5.703,5.178,3.552,5.804,3.365,4.147,8.077,7.081,NA,NA
6514,7/3/2018,1783,H1583,F,1.89,CMM,40.055,11.899,5.607,5.428,4.189,6.461,4.319,4.875,8.665,7.578,NA,NA
4049,6/21/2016,1121,H1585,F,0.24,CMM,21.363,6.572,3.363,3.164,1.707,2.165,1.879,1.864,4.157,3.747,AS - Remeasured Pectoral,RM Set 1
4214,7/19/2016,1166,H1585,F,0.29,CMM,23.229,7.9,4.194,3.196,2.08,2.955,1.991,2.047,4.358,4.016,NA,NA
4638,11/17/2016,1291,H1585,F,0.92,CMM,30.392,9.314,5.895,4.571,3.345,4.336,3.49,3.865,6.603,5.791,NA,NA
5386,6/14/2017,1512,H1585,F,1.47,CMM,35.485,10.749,5.364,5.194,3.575,5.431,3.696,4.606,7.873,7.119,NA,NA
6513,7/3/2018,1782,H1585,F,1.74,CMM,39.426,11.657,4.881,5.132,4.095,6.315,4.501,4.656,8.168,7.12,NA,NA
4050,6/21/2016,1122,H1586,M,0.24,CMM,21.018,6.986,4.132,2.718,1.831,2.47,1.913,1.978,4.211,4.207,NA,NA
4216,7/19/2016,1166,H1586,M,0.32,CMM,24.052,8.039,4.396,3.318,2.259,3.438,2.742,2.807,5.107,4.625,NA,NA
4541,9/25/2016,1254,H1586,M,0.56,CMM,27.408,8.899,5.137,3.844,2.744,4.218,2.874,3.242,6.184,5.499,NA,NA
5326,6/11/2017,1495,H1586,M,1.54,CMM,37.977,11.556,8.317,5.451,3.312,5.765,3.297,3.477,9.094,8.044,NA,NA
4054,6/21/2016,1123,H1587,F,0.31,CMM,21.741,6.846,4.122,3.09,1.973,3.013,2.249,2.415,4.358,3.796,NA,NA
4177,7/14/2016,1156,H1587,F,0.37,CMM,24.734,7.867,4.35,3.469,2.458,3.337,2.38,2.4,4.912,4.466,NA,NA
4545,9/25/2016,1255,H1587,F,0.53,CMM,27.764,9.027,4.594,3.68,2.793,4.237,2.965,3.343,5.744,5.705,NA,NA
5330,6/11/2017,1496,H1587,F,1.06,CMM,33.497,10.152,6.961,4.477,2.949,5.231,3.388,3.628,7.29,6.234,NA,NA
6490,6/18/2018,1775,H1587,F,1.12,CMM,36.251,10.256,4.938,4.539,4.314,5.698,2.89,3.032,8.07,6.86,NA,NA
4046,6/21/2016,1121,H1590,M,0.2,CMM,20.806,6.506,3.749,2.489,1.703,2.576,1.852,2.18,4.121,3.684,NA,NA
4635,11/17/2016,1290,H1590,M,0.72,CMM,30.94,10.009,5.351,4.208,3.089,4.761,3.443,3.693,7.284,6.634,NA,NA
5187,4/11/2017,1454,H1590,M,1.03,CMM,35.204,10.973,6.683,4.648,2.807,5.17,3.886,4.011,8.44,6.271,NA,NA
5383,6/14/2017,1511,H1590,M,1.45,CMM,37.818,11.466,7.778,5.412,3.256,6.078,3.91,4.333,9.166,7.633,NA,NA
6499,7/3/2018,1778,H1590,M,5.26,CMM,54.486,15.947,6.568,7.406,5.298,9.875,7.067,7.747,13.449,11.599,NA,NA
4211,7/19/2016,1165,H1590,M,0.26,CMM,22.596,7.372,4.356,3.132,2.128,3.287,2.575,2.565,4.899,4.207,Test Set,NA
5329,6/11/2017,1496,H1592,M,1.9,CMM,37.961,11.25,5.316,5.683,3.523,6.081,4.442,4.519,8.871,7.069,AS - Remeasured Head Width,RM Set 1
4052,6/21/2016,1122,H1592,M,0.2,CMM,18.529,5.932,3.88,NA,1.665,2.196,1.493,1.673,3.775,3.222,NA,NA
4179,7/14/2016,1156,H1592,M,0.31,CMM,23.593,7.484,4.499,3.475,2.692,3.628,2.52,2.558,4.871,4.325,NA,NA
4544,9/25/2016,1254,H1592,M,0.57,CMM,27.222,8.738,4.744,3.878,2.819,3.904,2.705,2.962,5.971,5.432,NA,NA
6495,6/18/2018,1777,H1592,M,4.1,CMM,48.073,13.408,6.491,6.29,5.248,8.203,6.426,6.941,11.222,9.494,NA,NA
4048,6/21/2016,1121,H1595,M,0.24,CMM,19.787,6.796,4.089,2.782,1.926,2.651,1.64,2.025,4.138,3.755,NA,NA
4213,7/19/2016,1166,H1595,M,0.36,CMM,23.901,8.108,4.557,3.423,2.303,3.699,2.631,2.811,5.08,4.847,NA,NA
4637,11/17/2016,1290,H1595,M,0.84,CMM,30.088,9.828,5.634,4.707,3.309,5.251,3.427,4.007,7.34,6.123,NA,NA
5189,4/11/2017,1454,H1595,M,1.14,CMM,35.562,11.238,7.816,5.191,3.637,5.66,3.604,3.91,8.248,7.135,NA,NA
5385,6/14/2017,1511,H1595,M,1.8,CMM,38.127,11.806,7.961,5.572,3.432,6.744,4.576,4.881,9.063,7.753,NA,NA
5327,6/11/2017,1495,H1596,M,1.29,CMM,35.456,11.125,4.866,5.391,3.718,5.285,3.881,4.08,8.392,7.082,AS - Remeasured Head Width,RM Set 1
4051,6/21/2016,1122,H1596,M,0.28,CMM,20.904,6.861,4.054,2.744,1.877,2.602,1.812,1.922,4.293,3.778,NA,NA
4217,7/19/2016,1167,H1596,M,0.3,CMM,23.779,7.894,4.375,3.194,2.092,3.628,2.423,2.556,4.785,4.3,NA,NA
4542,9/25/2016,1254,H1596,M,0.38,CMM,24.578,8.183,4.583,3.273,2.274,3.623,2.766,2.866,5.321,4.621,NA,NA
4040,6/21/2016,1120,H1602,F,0.2,CMM,19.981,5.89,3.268,3.257,1.578,2.074,2.013,2.473,3.748,3.593,"AS - Remeasured Pectoral, Radius, and Ulna",RM Set 1
4323,8/3/2016,1194,H1602,F,0.6,CMM,28.217,8.956,3.972,3.899,2.749,3.682,2.737,3.095,5.778,5.558,NA,NA
4630,11/17/2016,1289,H1602,F,0.96,CMM,32.825,9.675,5.125,4.6,3.303,5.436,3.498,3.987,7.382,6.733,NA,NA
4043,6/21/2016,1120,H1603,M,0.2,CMM,19.181,5.875,3.115,2.737,1.488,2.032,0.998,1.18,3.462,3.365,AS - Remeasured Radius and Ulna,RM Set 1
4324,8/3/2016,1194,H1603,M,0.45,CMM,25.014,8.765,3.808,3.63,2.614,3.153,2.492,2.853,5.246,4.602,NA,NA
4631,11/17/2016,1289,H1603,M,1,CMM,32.476,9.668,5.97,4.621,3.376,4.834,3.207,4.266,7.551,6.591,NA,NA
5183,4/11/2017,1453,H1603,M,1.23,CMM,35.88,11.071,7.387,4.644,3.299,5.608,4.307,4.47,8.498,7.32,NA,NA
5380,6/14/2017,1510,H1603,M,1.67,CMM,39.785,11.754,7.329,5.395,3.889,6.549,4.381,4.526,9.07,8.041,NA,NA
6505,7/3/2018,1780,H1603,M,5.08,CMM,50.364,14.275,6.515,7.038,5.149,8.416,6.37,6.989,12.027,11.311,NA,NA
4133,7/11/2016,1145,H1606,F,0.27,CMM,21.026,6.557,3.851,3.049,2.093,2.641,1.507,2.03,4.143,3.852,NA,NA
4318,8/3/2016,1193,H1606,F,0.3,CMM,23.671,7.828,3.662,3.168,2.368,3.164,2.34,2.591,4.598,4.261,NA,NA
4626,11/17/2016,1288,H1606,F,0.79,CMM,30.012,9.423,5.539,4.261,3.122,4.488,4.015,4.139,6.608,6.041,NA,NA
5165,2/26/2017,1448,H1606,F,0.83,CMM,33.74,10.04,5.267,4.387,3.266,4.862,3.472,3.699,6.98,6.279,NA,NA
5195,4/11/2017,1456,H1606,F,0.98,CMM,35.824,10.639,7.059,4.61,3.27,5.269,3.848,3.903,7.147,6.714,NA,NA
4042,6/21/2016,1120,H1607,F,0.24,CMM,19.064,5.926,3.411,2.885,1.874,2.691,1.515,1.973,3.875,3.37,NA,NA
4325,8/3/2016,1194,H1607,F,0.44,CMM,24.92,8.171,4.006,3.426,2.457,3.151,2.503,3.031,5.166,4.875,NA,NA
4632,11/17/2016,1289,H1607,F,0.91,CMM,31.628,9.26,5.74,4.313,3.268,4.384,3.671,4.042,6.902,6.537,NA,NA
5184,4/11/2017,1453,H1607,F,1.09,CMM,35.029,10.601,7.201,4.862,2.986,4.794,4.116,4.252,7.095,6.663,NA,NA
5381,6/14/2017,1510,H1607,F,1.21,CMM,34.527,10.368,7.258,4.992,3.447,5.982,3.916,4.149,7.688,6.773,NA,NA
6515,7/3/2018,1783,H1607,F,2.18,CMM,41.048,11.619,4.951,5.52,4.221,6.786,4.725,4.967,8.048,7.269,NA,NA
4210,7/19/2016,1165,H1610,F,0.29,CMM,23.015,8.318,4.302,3.267,2.054,3.203,2.066,2.711,5.27,4.441,AS - Remeasured Head Length,RM Set 1
5186,4/11/2017,1453,H1610,F,1.13,CMM,37.092,10.702,6.898,4.854,3.025,5.723,4.275,4.485,7.547,6.814,AS - Remeasured Pelvic,RM Set 1
4045,6/21/2016,1121,H1610,F,0.14,CMM,19.105,6.303,3.649,2.623,1.516,2.534,1.575,1.961,3.565,3.451,NA,NA
4634,11/17/2016,1290,H1610,F,0.91,CMM,32.759,9.58,5.06,4.191,3.024,4.393,3.37,3.706,7.815,7.123,NA,NA
5382,6/14/2017,1510,H1610,F,1.26,CMM,37.223,10.765,6.899,4.577,3.426,5.428,3.72,4.047,8.268,7.342,NA,NA
6507,7/3/2018,1781,H1610,F,2.07,CMM,40.7,11.293,4.834,5.309,4.004,5.336,4.435,4.729,8.735,7.128,NA,NA
6508,7/3/2018,1781,H1611,M,5.09,CMM,51.958,13.895,6.476,6.705,5.384,9.172,4.355,4.967,12.329,10.568,AS - Remeasured Radius and Ulna,RM Set 1
4134,7/11/2016,1145,H1611,M,0.42,CMM,23.614,7.586,5.123,3.834,2.454,2.841,2.025,2.34,4.828,4.371,NA,NA
4319,8/3/2016,1193,H1611,M,0.45,CMM,25.741,8.745,4.064,3.462,2.705,3.508,2.558,2.815,5.211,4.703,NA,NA
4627,11/17/2016,1288,H1611,M,0.63,CMM,29.584,9.825,5.244,3.706,2.878,4.723,2.945,3.516,6.185,5.999,NA,NA
5166,2/26/2017,1448,H1611,M,0.82,CMM,32.026,10.808,5.065,4.427,2.979,5.273,3.648,4.137,7.588,6.57,NA,NA
5196,4/11/2017,1456,H1611,M,0.86,CMM,32.824,10.946,6.979,4.395,2.622,5.232,3.147,3.659,7.475,6.465,NA,NA
5425,6/21/2017,1524,H1611,M,1.2,CMM,35.247,11.56,5.724,4.785,3.302,5.941,4.183,4.277,8.3,7.291,NA,NA
5475,7/3/2017,1536,H1611,M,1.39,CMM,35.39,11.364,8.002,5.019,3.387,5.73,3.685,3.878,8.524,7.061,NA,NA
4136,7/11/2016,1146,H1612,F,0.34,CMM,23.108,6.908,4.066,3.569,2.173,2.856,2.025,2.283,4.762,4.312,NA,NA
4321,8/3/2016,1193,H1612,F,0.38,CMM,25.096,8.002,3.982,3.454,2.17,3.4,2.508,2.609,4.831,5.36,NA,NA
4629,11/17/2016,1288,H1612,F,0.84,CMM,32.46,10.107,5.321,4.102,2.861,4.738,3.65,4.306,7.178,6.894,NA,NA
5168,2/26/2017,1449,H1612,F,0.99,CMM,33.514,10.929,5.175,4.74,3.323,4.9,3.25,3.572,7.06,6.44,NA,NA
5198,4/11/2017,1457,H1612,F,1.08,CMM,34.079,10.406,7.098,4.89,3.315,5.427,4.019,4.195,7.379,6.502,NA,NA
5426,6/21/2017,1524,H1612,F,1.36,CMM,35.968,10.891,5.702,5.559,3.338,5.659,3.946,4.052,7.407,6.903,NA,NA
5476,7/3/2017,1537,H1612,F,1.35,CMM,36.842,11.238,7.328,4.995,4.114,5.557,3.993,4.35,8.553,7.247,NA,NA
6504,7/3/2018,1780,H1612,F,2.26,CMM,41.525,11.729,5.118,5.578,4.21,6.47,4.575,5.071,8.739,7.387,NA,NA
4044,6/21/2016,1120,H1613,M,0.2,CMM,19.563,6.354,3.788,3.038,1.76,2.988,1.54,1.95,3.93,3.53,NA,NA
4135,7/11/2016,1145,H1614,M,0.36,CMM,24.756,7.687,4.224,3.737,2.031,3.369,2.422,2.736,4.358,4.204,NA,NA
4320,8/3/2016,1193,H1614,M,0.41,CMM,24.953,8.263,4.169,3.518,2.584,3.392,2.601,2.551,5.332,4.512,NA,NA
4628,11/17/2016,1288,H1614,M,0.64,CMM,30.292,9.952,5.161,4.002,2.849,4.708,3.587,3.822,6.531,5.843,NA,NA
5167,2/26/2017,1449,H1614,M,0.82,CMM,32.988,10.862,5.39,4.453,3.259,4.984,3.248,3.809,7.07,6.583,NA,NA
5197,4/11/2017,1457,H1614,M,0.88,CMM,33.465,10.674,7.184,4.474,3.308,4.818,3.766,3.946,7.844,6.475,NA,NA
5424,6/21/2017,1524,H1614,M,1.2,CMM,36.54,11.725,5.519,5.031,3.599,6.265,3.829,4.183,8.334,7.451,NA,NA
5474,7/3/2017,1536,H1614,M,1.55,CMM,37.053,11.79,7.835,5.429,4.07,6.033,4.121,4.286,8.488,6.989,NA,NA
6502,7/3/2018,1779,H1614,M,5.14,CMM,54.678,15.03,6.686,7.623,5.614,8.931,6.308,7.368,12.89,10.927,NA,NA
4041,6/21/2016,1120,H1616,F,0.14,CMM,16.466,5.156,2.895,2.435,1.449,2.189,1.104,1.407,3.685,3.161,AS - Remeasured Pectoral,RM Set 1
4326,8/3/2016,1194,H1616,F,0.36,CMM,24.303,7.784,3.767,3.041,2.156,3.316,2.931,3.397,5.071,4.618,NA,NA
4633,11/17/2016,1289,H1616,F,0.79,CMM,29.862,9,5.115,4.056,3.247,4.735,4.058,4.339,7.043,6.137,NA,NA
5185,4/11/2017,1453,H1616,F,0.85,CMM,33.819,10.175,6.611,4.552,3.246,5.922,3.538,3.703,7.694,6.482,NA,NA
4166,7/14/2016,1154,H1619,M,0.29,CMM,22.652,7.719,4.456,3.238,2.184,2.996,2.328,2.56,4.417,4.095,NA,NA
4313,8/3/2016,1192,H1619,M,0.37,CMM,23.912,8.494,3.648,3.264,2.282,3.251,2.54,2.454,4.688,4.119,NA,NA
4681,12/1/2016,1305,H1619,M,0.74,CMM,29.493,9.407,5.531,4.464,3.035,4.174,3.282,3.662,6.524,5.562,NA,NA
5160,2/26/2017,1447,H1619,M,0.88,CMM,31.583,10.105,5.278,4.771,3.053,4.711,3.469,3.675,7.037,6.501,NA,NA
5210,4/11/2017,1461,H1619,M,0.93,CMM,33.634,10.923,7.194,4.634,3.101,5.661,3.906,3.939,7.671,6.665,NA,NA
5469,7/3/2017,1535,H1619,M,1.76,CMM,37.454,11.461,8.139,5.337,3.655,5.933,4.044,4.313,8.482,7.246,NA,NA
6532,7/18/2018,1787,H1619,M,4.52,CMM,51.91,14.908,6.074,7.29,5.179,8.676,5.857,6.767,12.071,10.582,NA,NA
5472,7/3/2017,1536,H1627,M,1.82,CMM,37.663,11.41,4.574,5.753,3.613,6.633,4.459,4.67,9.077,8.119,AS - Remeasured Head Width,RM Set 1
4131,7/11/2016,1145,H1627,M,0.36,CMM,23.51,7.42,4.808,3.981,2.218,3.194,1.928,2.313,4.485,4.073,NA,NA
4316,8/3/2016,1192,H1627,M,0.36,CMM,24.587,8.414,3.597,3.169,2.316,3.282,2.573,2.623,4.836,4.515,NA,NA
4624,11/17/2016,1287,H1627,M,0.71,CMM,29.698,9.497,5.32,4.032,3.097,5.036,3.638,4.089,6.678,5.998,NA,NA
5163,2/26/2017,1448,H1627,M,0.94,CMM,34.463,11.111,5.252,4.937,3.304,5.217,4.006,4.106,7.562,7.223,NA,NA
5193,4/11/2017,1456,H1627,M,1.16,CMM,35.461,11.398,8.004,5.102,3.52,5.684,3.971,4.123,8.279,7.419,NA,NA
5422,6/21/2017,1523,H1627,M,1.44,CMM,37.316,12.076,5.989,5.326,3.755,7.327,4.816,5.315,8.683,7.694,NA,NA
6533,7/18/2018,1788,H1627,M,5.31,CMM,51.268,14.174,6.74,6.906,5.416,9.154,6.482,6.724,12.029,9.773,NA,NA
4169,7/14/2016,1154,H1629,M,0.22,CMM,21.597,7.03,3.833,3.055,1.672,2.924,2.298,2.505,4.04,3.561,NA,NA
4312,8/3/2016,1192,H1629,M,0.32,CMM,23.52,7.751,3.63,3.18,2.142,3.108,2.551,2.319,5.014,4.457,NA,NA
4680,12/1/2016,1305,H1629,M,0.84,CMM,31.137,9.809,5.276,4.473,3.025,5.033,3.77,4.079,7.005,6.299,NA,NA
5209,4/11/2017,1460,H1629,M,1.4,CMM,38.178,11.116,7.856,5.253,3.245,6.641,4.183,4.588,9.304,8.171,NA,NA
5468,7/3/2017,1535,H1629,M,1.92,CMM,42.715,12.303,7.935,5.501,3.68,6.742,5.077,5.638,10.084,9.003,NA,NA
6519,7/18/2018,1784,H1629,M,4.28,CMM,47.201,13.755,5.891,6.647,4.823,8.538,6.281,6.966,9.813,8.775,NA,NA
4130,7/11/2016,1144,H1630,F,0.28,CMM,21.927,7.079,3.701,2.985,1.938,2.981,2.168,2.337,4.136,3.817,NA,NA
4315,8/3/2016,1192,H1630,F,0.32,CMM,23.592,8.055,3.729,3.013,2.165,3.206,2.571,3.004,4.446,4.196,NA,NA
4683,12/1/2016,1305,H1630,F,0.65,CMM,28.347,9.375,4.758,4.22,3.206,4.792,3.345,3.502,6.092,5.319,NA,NA
5162,2/26/2017,1447,H1630,F,0.79,CMM,32.072,9.9,5.079,4.418,2.942,4.969,3.138,3.471,7.045,6.375,NA,NA
5192,4/11/2017,1455,H1630,F,0.98,CMM,34.257,10.726,7.04,4.709,3.166,5.112,4.014,4.394,7.157,6.474,NA,NA
5471,7/3/2017,1535,H1630,F,1.25,CMM,35.107,11.057,7.142,4.881,3.311,5.743,4.168,4.237,7.525,6.37,NA,NA
6543,7/18/2018,1790,H1630,F,1.97,CMM,41.682,11.833,4.987,5.052,4.182,6.344,4.119,4.611,8.64,7.468,NA,NA
4132,7/11/2016,1145,H1633,F,0.32,CMM,22.293,7.615,3.469,3.441,2.135,3.204,2.026,2.285,3.984,3.931,"AS - Remeasured Head Length, Pectoral, Pelvic, Humerus, and Ulna",RM Set 1
4317,8/3/2016,1193,H1633,F,0.36,CMM,23.88,8.001,3.818,3.46,2.458,3.199,2.428,3.011,5.045,4.7,AS - Remeasured Radius and Ulna,RM Set 1
4625,11/17/2016,1287,H1633,F,0.81,CMM,31.136,9.908,5.054,4.145,3.08,4.502,3.475,3.641,6.375,6.076,NA,NA
5164,2/26/2017,1448,H1633,F,0.98,CMM,32.286,10.283,5.374,4.727,3.147,5.002,3.779,4.147,6.507,6.305,NA,NA
5194,4/11/2017,1456,H1633,F,1.05,CMM,34.745,10.815,7.368,5.007,2.929,5.545,3.926,3.932,7.3,6.437,NA,NA
5423,6/21/2017,1523,H1633,F,1.25,CMM,36.474,11.532,5.473,4.761,3.423,5.184,4.092,4.503,7.46,7.025,NA,NA
5473,7/3/2017,1536,H1633,F,1.3,CMM,35.783,11.228,7.51,4.788,3.42,5.515,3.866,4.322,7.386,6.609,NA,NA
6497,7/3/2018,1778,H1633,F,2.08,CMM,40.987,11.899,4.978,5.277,4.372,5.656,4.084,4.762,8.865,7.225,NA,NA
4165,7/14/2016,1154,H1635,M,0.33,CMM,22.891,7.666,4.537,3.489,2.328,3.389,2.021,2.146,4.587,4.145,NA,NA
4314,8/3/2016,1192,H1635,M,0.37,CMM,23.998,8.236,3.913,3.5,2.464,3.699,2.841,2.663,5.028,4.392,NA,NA
4682,12/1/2016,1305,H1635,M,0.59,CMM,28.526,9.093,4.941,4.025,2.83,4.102,3.248,3.584,5.971,5.696,NA,NA
5161,2/26/2017,1447,H1635,M,0.63,CMM,30.564,9.951,4.883,3.916,2.783,4.552,3.522,3.798,6.756,6.211,NA,NA
5211,4/11/2017,1461,H1635,M,0.67,CMM,29.924,9.718,6.665,4.258,3.013,4.302,3.359,3.782,7.018,6.136,NA,NA
5470,7/3/2017,1535,H1635,M,1.17,CMM,34.541,10.69,7.67,4.732,3.079,5.521,3.717,3.884,7.71,7.004,NA,NA
6518,7/18/2018,1784,H1635,M,4.42,CMM,48.96,14.011,6.146,6.496,5.132,8.913,6.522,7.143,12.354,9.914,NA,NA
5464,7/3/2017,1534,H1639,F,1.15,CMM,34.278,10.667,4.628,5.51,3.588,6.11,4.263,4.302,8.438,7.215,AS - Remeasured Head Width,RM Set 1
4172,7/14/2016,1155,H1639,F,0.26,CMM,21.074,7.121,4.254,3.367,1.996,3.088,1.798,2.206,4.203,3.574,NA,NA
4309,8/3/2016,1191,H1639,F,0.37,CMM,23.171,7.526,4.072,3.476,2.2,2.971,2.275,2.241,4.628,4.388,NA,NA
4674,12/1/2016,1304,H1639,F,0.66,CMM,27.721,9.343,5.038,4.514,2.671,4.721,2.962,3.305,6.226,5.92,NA,NA
5154,2/26/2017,1445,H1639,F,0.79,CMM,30.132,9.736,5.363,4.926,3.178,4.747,3.37,4.114,6.949,6.032,NA,NA
5203,4/11/2017,1459,H1639,F,0.98,CMM,33.816,10.638,6.899,4.864,3.418,5.556,3.468,3.908,7.681,6.926,NA,NA
4222,7/19/2016,1168,H1640,F,0.25,CMM,20.771,6.924,3.943,3.11,1.903,2.492,1.563,1.88,4.189,3.677,NA,NA
4304,8/3/2016,1189,H1640,F,0.3,CMM,22.421,7.714,3.602,3.175,2.342,2.91,2.655,2.48,4.674,3.888,NA,NA
4708,12/1/2016,1316,H1640,F,0.72,CMM,28.704,9.331,5.039,4.458,2.727,4.734,3.172,3.441,6.393,5.775,NA,NA
5149,2/26/2017,1444,H1640,F,1.07,CMM,33.473,10.48,5.652,5.634,3.624,5.283,3.742,4.6,7.658,6.834,NA,NA
5214,4/11/2017,1462,H1640,F,1.23,CMM,35.889,10.631,7.451,5.165,3.358,5.359,3.498,3.87,8.04,6.912,NA,NA
5572,7/13/2017,1561,H1640,F,1.47,CMM,37.696,11.179,7.207,5.969,3.724,6.334,4.284,4.497,8.554,7.359,NA,NA
6521,7/18/2018,1785,H1640,F,2.17,CMM,43.16,12.373,5.113,5.252,4.006,7.063,5.229,5.578,9.591,8.076,NA,NA
4173,7/14/2016,1155,H1642,M,0.25,CMM,20.375,6.773,4.185,2.993,2.183,2.736,2.164,2.239,3.911,3.551,NA,NA
4308,8/3/2016,1190,H1642,M,0.28,CMM,21.498,7.22,3.558,3.191,2.077,2.645,2.145,2.208,4.332,3.892,NA,NA
4675,12/1/2016,1304,H1642,M,0.69,CMM,29.341,9.303,5.337,4.268,2.992,4.669,3.382,3.675,6.507,6.289,NA,NA
5155,2/26/2017,1446,H1642,M,0.95,CMM,32.2,10.494,5.469,4.873,3.376,5.225,3.75,4.024,7.544,6.541,NA,NA
5204,4/11/2017,1459,H1642,M,1.06,CMM,34.456,11.193,7.561,5.088,2.805,4.932,3.806,4.616,8.534,7.21,NA,NA
5463,7/3/2017,1533,H1642,M,1.25,CMM,36.34,11.486,7.558,4.835,3.163,5.782,4.376,4.65,8.91,7.752,NA,NA
6529,7/18/2018,1787,H1642,M,5.18,CMM,54.435,13.856,7.101,7.288,5.248,8.821,6.87,8.044,13.017,11.741,NA,NA
5467,7/3/2017,1534,H1647,F,1.21,CMM,34.016,10.508,4.703,5.017,3.084,5.521,3.717,4.076,7.893,6.983,AS - Remeasured Head Width,RM Set 1
4170,7/14/2016,1155,H1647,F,0.26,CMM,20.778,6.848,3.992,2.736,2.034,2.72,2.131,2.715,4.064,3.646,NA,NA
4311,8/3/2016,1191,H1647,F,0.36,CMM,23.187,8.018,3.442,3.086,2.349,3.336,2.41,2.515,4.661,4.504,NA,NA
4679,12/1/2016,1305,H1647,F,0.9,CMM,31.017,9.561,4.875,4.56,3.32,4.626,3.364,3.945,6.751,6.357,NA,NA
5159,2/26/2017,1447,H1647,F,0.95,CMM,33.234,10.627,5.234,4.762,3.19,5.036,3.294,3.611,7.394,7.227,NA,NA
5208,4/11/2017,1460,H1647,F,1.06,CMM,32.908,10.327,7.221,5.165,3.19,5.12,3.559,3.984,7.836,7.034,NA,NA
4327,8/3/2016,1195,H1650,F,0.35,CMM,23.436,7.906,4.253,3.366,2.355,3.419,2.22,2.394,4.875,4.287,AS - Remeasured Head Length,RM Set 1
4171,7/14/2016,1155,H1650,F,0.24,CMM,21.228,6.883,3.779,3.087,1.873,3.036,2.102,2.117,4.187,3.756,NA,NA
4676,12/1/2016,1304,H1650,F,0.88,CMM,30.508,9.148,5.44,4.574,2.877,4.954,3.189,3.237,6.481,6.118,NA,NA
5156,2/26/2017,1446,H1650,F,1.01,CMM,33.632,10.383,5.221,4.836,2.943,5.064,3.914,4.324,7.152,7.158,NA,NA
5205,4/11/2017,1459,H1650,F,1.13,CMM,34.694,10.754,6.752,4.966,3.035,5.423,4.054,4.3,7.422,7.014,NA,NA
4223,7/19/2016,1168,H1653,F,0.17,CMM,19.749,7.252,3.063,3.276,1.997,2.118,2.471,2.582,3.579,3.552,"AS - Remeasured Head Length, Pectoral, Pelvic, Ulna, and Tibia",RM Set 1
4322,8/3/2016,1194,H1653,F,0.25,CMM,21.752,7.286,3.305,3.067,2.04,2.98,2.697,2.526,4.45,3.918,NA,NA
4710,12/1/2016,1317,H1653,F,0.77,CMM,28.787,8.655,4.888,4.507,3.076,5.003,3.217,3.385,6.54,5.641,NA,NA
5151,2/26/2017,1445,H1653,F,0.86,CMM,31.898,10.124,4.88,4.144,2.963,4.468,3.69,3.937,6.699,6.666,NA,NA
5216,4/11/2017,1462,H1653,F,0.9,CMM,34.009,10.223,7.019,4.936,3.002,5.302,3.458,3.667,7.279,6.327,NA,NA
5460,7/3/2017,1533,H1653,F,1.22,CMM,35.477,10.425,7.289,5.005,3.426,5.851,3.344,3.379,7.575,6.545,NA,NA
6530,7/18/2018,1787,H1653,F,1.83,CMM,40.14,11.287,4.634,5.008,3.936,6.712,4.896,5.326,8.435,7.126,NA,NA
4168,7/14/2016,1154,H1657,F,0.2,CMM,21.442,6.842,3.884,3.248,1.918,2.686,2.035,2.046,3.723,3.687,AS - Remeasured Pectoral,RM Set 1
4328,8/3/2016,1195,H1657,F,0.27,CMM,23.238,6.647,4.274,2.939,2.039,3.076,2.325,2.804,4.685,3.904,NA,NA
4677,12/1/2016,1304,H1657,F,0.72,CMM,31.346,9.787,4.972,4.499,3.071,4.619,3.148,3.625,6.186,6.051,NA,NA
5157,2/26/2017,1446,H1657,F,0.97,CMM,35.145,10.973,5.291,4.729,3.415,5.495,4.405,4.283,7.198,6.566,NA,NA
5206,4/11/2017,1460,H1657,F,1.09,CMM,37.322,11.793,6.92,4.655,3.435,5.894,3.972,4.452,8.517,7.21,NA,NA
5465,7/3/2017,1534,H1657,F,1.28,CMM,37.905,11.496,7.344,4.842,3.629,6.611,4.544,4.729,8.568,7.163,NA,NA
4167,7/14/2016,1154,H1658,M,0.18,CMM,19.712,7.015,4.085,3.148,1.966,2.507,1.917,2.287,3.675,3.298,NA,NA
4310,8/3/2016,1191,H1658,M,0.28,CMM,21.742,7.622,3.391,3.021,2.409,3.067,2.138,2.744,4.316,3.928,NA,NA
4678,12/1/2016,1304,H1658,M,0.72,CMM,30.109,9.377,5.299,4.258,3.041,4.789,3.32,3.429,7.074,5.818,NA,NA
5158,2/26/2017,1446,H1658,M,0.75,CMM,31.893,10.563,5.391,4.454,3.174,6.053,4.22,4.313,7.066,6.876,NA,NA
5207,4/11/2017,1460,H1658,M,0.85,CMM,33.547,10.685,7.038,4.573,3.297,5.48,3.557,3.642,7.655,6.7,NA,NA
5466,7/3/2017,1534,H1658,M,1.2,CMM,35.858,11.435,7.695,4.848,3.762,5.995,4.165,4.661,8.431,7.358,NA,NA
4219,7/19/2016,1167,H1659,F,0.28,CMM,22.692,7.427,4.042,2.869,1.853,2.931,2.028,2.196,4.161,3.768,NA,NA
4423,8/18/2016,1222,H1659,F,0.43,CMM,25.341,8.338,3.933,3.706,2.319,3.304,2.374,2.377,4.867,4.663,NA,NA
4706,12/1/2016,1316,H1659,F,0.78,CMM,29.733,9.425,5.151,4.471,3.346,5.354,3.294,3.632,6.206,6.082,NA,NA
5147,2/26/2017,1444,H1659,F,0.93,CMM,32.664,10.304,5.51,4.926,3.196,5.142,3.668,4.217,6.704,6.391,NA,NA
5212,4/11/2017,1461,H1659,F,1,CMM,33.832,10.853,6.956,4.664,3.323,5.488,3.908,4.069,7.603,6.277,NA,NA
5569,7/13/2017,1561,H1659,F,1.43,CMM,34.271,10.496,6.978,4.659,3.123,5.269,3.414,3.971,8.232,6.628,NA,NA
6524,7/18/2018,1785,H1659,F,1.98,CMM,40.644,11.14,4.694,5.093,3.949,6.332,4.666,5.421,8.606,6.814,NA,NA
4282,8/3/2016,1182,H1660,M,0.36,CMM,24.262,NA,NA,NA,NA,NA,NA,NA,NA,NA,NA,NA
4420,8/18/2016,1221,H1660,M,0.45,CMM,25.91,9.117,3.789,3.899,2.316,3.577,2.582,2.746,5.844,4.778,NA,NA
5263,5/9/2017,1476,H1660,M,1.08,CMM,34.704,10.676,5.584,5.05,3.409,5.912,4.364,4.621,8.05,7.142,NA,NA
4280,8/3/2016,1182,H1661,F,0.25,CMM,21.818,NA,NA,NA,NA,NA,NA,NA,NA,NA,NA,NA
4418,8/18/2016,1220,H1661,F,0.26,CMM,22.475,7.546,4.254,3.305,2.041,3.593,2.383,2.379,4.544,4.073,NA,NA
5260,5/9/2017,1475,H1661,F,1,CMM,33.274,10.397,5.63,5.127,3.188,5.084,3.663,4.171,7.503,7.034,NA,NA
5566,7/13/2017,1560,H1661,F,1.22,CMM,34.927,10.96,6.539,4.544,3.042,5.691,4.188,4.324,8.331,6.95,NA,NA
6528,7/18/2018,1786,H1661,F,2.09,CMM,40.698,11.57,5.157,5.304,4.109,6.325,4.701,5.204,9.243,7.952,NA,NA
4218,7/19/2016,1167,H1664,M,0.24,CMM,20.336,7.254,4.134,3.049,1.979,2.626,1.86,2.166,3.976,3.415,NA,NA
4422,8/18/2016,1221,H1664,M,0.41,CMM,24.511,8.578,3.683,3.151,2.181,3.468,2.32,2.45,4.945,4.599,NA,NA
5264,5/9/2017,1476,H1664,M,1.23,CMM,34.509,10.975,5.759,4.757,3.48,6.844,4.132,4.33,8.2,7.168,NA,NA
5568,7/13/2017,1561,H1664,M,1.76,CMM,36.963,12.305,7.99,5.049,3.395,5.954,3.501,4.078,9.207,7.499,NA,NA
6527,7/18/2018,1786,H1664,M,6.26,CMM,52.366,13.859,6.406,7.624,5.724,9.355,5.926,7.303,12.354,10.74,NA,NA
4283,8/3/2016,1182,H1671,M,0.24,CMM,20.608,NA,NA,NA,NA,NA,NA,NA,NA,NA,NA,NA
4421,8/18/2016,1221,H1671,M,0.35,CMM,23.595,7.881,3.61,2.954,2.056,3.213,2.534,2.638,5.216,4.224,NA,NA
4306,8/3/2016,1190,H1673,M,0.27,CMM,21.712,7.575,3.641,3.157,2.013,3.043,2.066,2.131,4.1,3.512,"AS - Remeasured Pectoral, Pelvic, and Humerus",RM Set 1
4174,7/14/2016,1155,H1673,M,0.2,CMM,19.846,6.284,3.747,2.916,1.814,2.543,1.597,1.631,3.678,3.264,NA,NA
4736,12/1/2016,1326,H1673,M,0.67,CMM,29.608,9.188,4.959,4.317,3.198,4.435,2.42,3.213,5.726,5.45,NA,NA
5153,2/26/2017,1445,H1673,M,0.96,CMM,35.059,10.694,5.311,4.784,3.286,5.259,3.604,4.155,7.138,6.714,NA,NA
5218,4/11/2017,1463,H1673,M,1.06,CMM,34.934,10.69,7.509,4.948,3.346,5.692,3.811,4.31,7.348,6.697,NA,NA
5461,7/3/2017,1533,H1673,M,1.31,CMM,38.565,11.358,8.329,5.198,3.845,6.256,4.056,4.635,8.526,7.693,NA,NA
4175,7/14/2016,1156,H1676,F,0.19,CMM,20.113,6.571,3.581,2.771,1.768,2.838,2.072,2.314,3.863,3.499,NA,NA
4307,8/3/2016,1190,H1676,F,0.25,CMM,22.086,7.275,3.491,2.681,2.031,3.08,2.319,2.324,4.371,4.132,NA,NA
4711,12/1/2016,1317,H1676,F,0.69,CMM,30.049,9.325,4.863,4.058,2.811,4.608,3.535,3.874,6.418,6.241,NA,NA
5152,2/26/2017,1445,H1676,F,0.9,CMM,33.782,10.468,5.005,5.865,3.161,5.573,4.319,4.538,7.891,7.365,NA,NA
5217,4/11/2017,1462,H1676,F,1.11,CMM,35.803,10.784,7.335,5.193,3.812,6.345,4.403,4.881,8.747,7.759,NA,NA
5462,7/3/2017,1533,H1676,F,1.29,CMM,39.094,11.158,7.913,5.913,4.028,6.973,5.118,5.279,9.016,8.43,NA,NA
4221,7/19/2016,1167,H1677,M,0.21,CMM,19.666,6.889,4.114,3.026,1.955,2.855,2.125,2.117,4.087,3.412,NA,NA
4305,8/3/2016,1190,H1677,M,0.28,CMM,22.407,7.639,3.927,2.929,2.135,3.141,2.179,2.116,4.054,4.162,NA,NA
4709,12/1/2016,1316,H1677,M,0.79,CMM,29.97,9.378,5.119,4.338,3.197,4.625,3.118,3.362,6.544,5.68,NA,NA
5150,2/26/2017,1444,H1677,M,1.06,CMM,34.619,10.964,5.537,4.472,3.037,5.655,4.101,4.767,7.941,7.267,NA,NA
5215,4/11/2017,1462,H1677,M,1.25,CMM,36.922,11.652,7.83,5.819,3.647,5.605,3.845,3.994,8.605,7.111,NA,NA
5571,7/13/2017,1561,H1677,M,1.94,CMM,39.877,12.036,7.545,5.895,3.717,6.847,4.4,4.908,9.625,8.133,NA,NA
4303,8/3/2016,1189,H1678,M,0.22,CMM,21.928,7.78,3.777,2.542,2.042,2.43,2.275,2.378,3.928,3.62,AS - Remeasured Pectoral,RM Set 1
4220,7/19/2016,1167,H1678,M,0.21,CMM,20.109,6.71,3.98,3.113,1.939,2.743,1.889,2.347,3.864,3.475,NA,NA
4707,12/1/2016,1316,H1678,M,0.87,CMM,31.367,9.887,5.682,4.714,3.188,5.181,3.555,3.924,6.581,6.236,NA,NA
5148,2/26/2017,1444,H1678,M,1.12,CMM,37.491,11.471,5.775,4.839,3.37,6.894,4.328,4.875,8.399,7.376,NA,NA
5213,4/11/2017,1461,H1678,M,1.31,CMM,40.16,11.8,7.654,5.096,3.104,6.467,4.392,4.639,8.547,7.737,NA,NA
5570,7/13/2017,1561,H1678,M,1.75,CMM,40.194,11.75,7.736,5.304,3.08,7.385,4.842,5.38,9.62,8.296,NA,NA
4279,8/3/2016,1181,H1680,F,0.27,CMM,22.27,7.373,4.065,3.601,2.071,3.237,2.092,2.387,4.493,3.95,AS - Remeasured Pectoral,RM Set 1
4481,8/30/2016,1238,H1680,F,0.36,CMM,23.741,7.876,4.94,3.575,2.64,3.614,2.463,2.794,5.005,4.424,NA,NA
5258,5/9/2017,1475,H1680,F,1.2,CMM,36.106,11.319,5.671,5.118,3.647,6.534,4.208,4.521,8.19,7.749,NA,NA
5614,7/20/2017,1570,H1680,F,1.43,CMM,39.492,12.342,5.776,5.011,3.891,6.921,5.094,5.411,9.525,7.762,NA,NA
4447,8/18/2016,1228,H1682,M,0.36,CMM,22.984,8.005,4.708,3.516,2.224,3.215,1.632,2.247,5.146,4.131,AS - Remeasured Head Length,RM Set 1
4284,8/3/2016,1182,H1682,M,0.27,CMM,21.767,NA,NA,NA,NA,NA,NA,NA,NA,NA,NA,NA
5261,5/9/2017,1475,H1682,M,1.13,CMM,33.807,10.37,5.39,4.895,3.431,6.064,4.192,4.551,8.366,7.526,NA,NA
5567,7/13/2017,1560,H1682,M,1.2,CMM,35.462,11.153,7.531,5.213,3.118,5.594,4.115,4.244,8.404,7.15,NA,NA
6522,7/18/2018,1785,H1682,M,4.89,CMM,49.583,13.596,6.218,6.889,5.336,8.373,6.189,7.312,11.025,9.698,NA,NA
4480,8/30/2016,1238,H1683,M,0.33,CMM,23.85,8.167,4.962,3.466,2.202,2.814,2.288,2.445,4.684,4.134,arms unclear,NA
4278,8/3/2016,1181,H1683,M,0.21,CMM,20.05,6.612,4.032,3.254,1.975,2.461,1.826,2.061,3.778,3.309,NA,NA
5257,5/9/2017,1474,H1683,M,1.07,CMM,35.114,11.428,5.5,5.281,3.029,5.548,3.656,4.083,8.036,7.285,NA,NA
5613,7/20/2017,1570,H1683,M,1.43,CMM,38.241,12.242,5.849,5.492,3.586,7.297,4.157,4.345,8.989,8.041,NA,NA
6562,8/2/2018,1796,H1683,M,4.2,CMM,54.121,15.308,6.448,7.355,5.454,9.387,6.216,7.077,12.14,9.853,NA,NA
4275,8/3/2016,1181,H1689,M,0.2,CMM,19.434,6.602,3.965,2.978,1.703,2.731,2.009,2.107,3.825,3.447,NA,NA
4506,9/6/2016,1244,H1689,M,0.35,CMM,22.791,7.546,4.175,3.537,2.26,3.115,2.01,2.46,4.769,4.405,NA,NA
5254,5/9/2017,1474,H1689,M,1.25,CMM,35.885,11.311,5.666,5.183,3.008,5.485,3.684,4.241,7.835,7.456,NA,NA
5612,7/20/2017,1570,H1689,M,1.44,CMM,39.075,11.87,6.237,5.613,3.647,6.876,4.847,5.145,8.866,8.251,NA,NA
4277,8/3/2016,1181,H1690,M,0.31,CMM,22.547,7.386,4.3,3.424,2.292,3.104,2.085,2.403,4.18,3.819,NA,NA
4507,9/6/2016,1244,H1690,M,0.36,CMM,25.126,8.179,4.134,2.816,2.197,3.604,2.856,2.807,4.93,4.285,NA,NA
5255,5/9/2017,1474,H1690,M,1.15,CMM,35.229,11.145,5.47,4.776,3.057,5.644,3.825,4.33,7.866,6.707,NA,NA
5611,7/20/2017,1570,H1690,M,1.38,CMM,36.9,11.025,4.862,5.074,3.12,6.299,4.675,4.731,9.032,8.028,NA,NA
4271,8/3/2016,1180,H1692,M,0.26,CMM,20.603,7.338,4.294,3.259,2.018,2.637,1.931,2.148,4.192,3.423,NA,NA
4503,9/6/2016,1243,H1692,M,0.3,CMM,22.94,NA,NA,NA,NA,NA,NA,NA,NA,NA,NA,NA
5252,5/9/2017,1473,H1692,M,0.84,CMM,31.713,10.287,5.563,4.343,3.248,6.038,3.367,3.559,7.313,6.327,NA,NA
5664,7/27/2017,1580,H1692,M,1.12,CMM,36.018,11.107,5.984,5.031,3.383,5.586,3.955,3.906,8.429,7.594,NA,NA
6563,8/2/2018,1796,H1692,M,4.91,CMM,53.917,14.37,6.45,7.002,5.587,8.247,6.052,7.079,12.721,10.739,NA,NA
4285,8/3/2016,1183,H1693,M,0.16,CMM,18.255,NA,NA,NA,NA,NA,NA,NA,NA,NA,NA,NA
4501,9/6/2016,1243,H1693,M,0.25,CMM,21.965,NA,NA,NA,NA,NA,NA,NA,NA,NA,NA,NA
5251,5/9/2017,1473,H1693,M,1.21,CMM,36.352,11.444,5.456,4.93,3.539,6.341,3.937,4.558,8.191,7.719,NA,NA
5665,7/27/2017,1580,H1693,M,1.23,CMM,37.03,11.316,6.216,5.584,3.493,7.535,4.837,5.261,9.618,8.472,NA,NA
6558,8/2/2018,1795,H1693,M,3.03,CMM,43.413,12.341,6.108,6.027,4.623,8.491,5.848,6.214,10.573,9.217,NA,NA
4270,8/3/2016,1179,H1695,F,0.23,CMM,20.11,6.826,3.812,3.13,1.897,2.926,2.024,2.176,4.06,3.61,NA,NA
4500,9/6/2016,1243,H1695,F,0.34,CMM,22.91,NA,NA,NA,NA,NA,NA,NA,NA,NA,NA,NA
5250,5/9/2017,1473,H1695,F,1.1,CMM,34.616,10.744,5.483,4.959,3.607,5.997,4.063,4.794,7.705,6.789,NA,NA
5666,7/27/2017,1580,H1695,F,1.43,CMM,36.157,11.069,5.754,5.019,3.748,6.974,4.467,4.854,8.434,7.206,NA,NA
6566,8/2/2018,1797,H1695,F,1.89,CMM,41.136,12.009,5.163,5.776,4.226,6.692,3.971,4.657,9.551,7.837,NA,NA
4273,8/3/2016,1180,H1696,M,0.23,CMM,19.003,6.55,4.173,2.995,1.86,3.32,1.555,1.925,3.75,3.356,"AS - Remeasured Humerus, Radius, and Ulna",RM Set 1
5253,5/9/2017,1473,H1696,M,1.36,CMM,38.476,11.435,5.961,5.542,3.543,6.047,3.163,4.093,8.825,7.84,AS - Remeasured Radius,RM Set 1
4504,9/6/2016,1244,H1696,M,0.31,CMM,23.368,7.299,4.224,3.891,2.264,3.513,2.433,2.787,4.731,4.212,NA,NA
5663,7/27/2017,1580,H1696,M,1.74,CMM,43.043,12.477,6.162,5.398,3.545,7.062,4.928,5.163,10.094,9.29,NA,NA
4266,8/3/2016,1179,H1697,M,0.18,CMM,19.336,6.721,3.898,2.85,1.739,2.458,1.882,2.312,3.773,3.627,NA,NA
4524,9/18/2018,1249,H1697,M,0.34,CMM,25.139,8.258,4.245,3.297,2.238,3.473,2.556,2.707,5.33,4.508,NA,NA
5247,5/9/2017,1472,H1697,M,1.42,CMM,37.654,11.598,6.198,5.723,3.398,6.008,4.143,4.249,8.531,7.727,NA,NA
5565,7/13/2017,1560,H1701,F,1.26,CMM,36.672,11.494,5.038,4.929,3.421,5.587,2.893,3.373,9.199,7.326,AS - Remeasured Head Width,RM Set 1
4281,8/3/2016,1182,H1701,F,0.23,CMM,21.708,NA,NA,NA,NA,NA,NA,NA,NA,NA,NA,NA
4419,8/18/2016,1221,H1701,F,0.31,CMM,23.465,8.012,3.709,3.15,2.054,3.497,2.443,2.389,4.645,4.217,NA,NA
5259,5/9/2017,1475,H1701,F,1.1,CMM,36.972,12.261,5.759,4.917,3.794,6.813,4.575,4.839,9.032,7.797,NA,NA
4505,9/6/2016,1244,H1702,M,0.26,CMM,21.675,7.358,4.157,3.282,1.947,3.461,2.177,2.363,4.608,3.927,AS - Remeasured Humerus,RM Set 1
4274,8/3/2016,1180,H1702,M,0.18,CMM,18.641,6.522,3.853,2.979,1.766,2.768,1.949,2.214,3.407,3.069,NA,NA
4276,8/3/2016,1181,H1703,M,0.26,CMM,21.272,6.84,3.77,3.087,2.018,2.64,2.028,2.26,4.367,3.974,NA,NA
4508,9/6/2016,1244,H1703,M,0.34,CMM,24.28,7.724,4.111,3.617,2.251,3.82,2.382,2.944,5.064,4.745,NA,NA
5256,5/9/2017,1474,H1703,M,1.01,CMM,34.234,10.669,5.328,4.875,3.288,6.201,3.637,4.22,7.498,7.732,NA,NA
5610,7/20/2017,1570,H1703,M,1.18,CMM,38.712,11.69,5.804,5.543,3.577,6.097,5.16,5.115,8.777,8.293,NA,NA
4267,8/3/2016,1179,H1704,M,0.18,CMM,18.596,6.083,3.781,3.035,1.752,2.628,1.85,2.147,3.326,3.086,NA,NA
4497,9/6/2016,1242,H1704,M,0.32,CMM,22.941,NA,NA,NA,NA,NA,NA,NA,NA,NA,NA,NA
5248,5/9/2017,1472,H1704,M,1.01,CMM,34.312,10.525,5.673,4.976,3.609,6.051,3.866,4.117,7.93,6.768,NA,NA
5660,7/27/2017,1579,H1704,M,1.14,CMM,36.558,10.839,5.71,4.897,3.573,6.383,4.45,4.611,9.162,7.633,NA,NA
4268,8/3/2016,1179,H1705,M,0.2,CMM,20.255,6.513,3.886,2.569,1.922,2.221,1.574,1.713,3.624,3.143,AS - Remeasured Pectoral,RM Set 1
5661,7/27/2017,1579,H1705,M,1.49,CMM,40.478,11.711,5.795,4.955,3.776,6.671,3.26,3.754,9.332,8.508,AS - Remeasured Radius and Ulna,RM Set 1
4498,9/6/2016,1242,H1705,M,0.28,CMM,22.664,NA,NA,NA,NA,NA,NA,NA,NA,NA,NA,NA
5249,5/9/2017,1472,H1705,M,1.19,CMM,37.245,11.569,5.561,4.945,3.72,6.325,4.048,4.861,8.382,7.638,NA,NA
4272,8/3/2016,1180,H1706,M,0.19,CMM,18.994,6.41,3.92,3.132,1.884,2.794,2.04,2.034,3.869,3.39,NA,NA
4502,9/6/2016,1243,H1706,M,0.3,CMM,23.421,NA,NA,NA,NA,NA,NA,NA,NA,NA,NA,NA
4269,8/3/2016,1179,H1707,M,0.24,CMM,19.561,6.867,4.309,2.922,2.037,2.566,1.926,2.178,3.903,3.409,NA,NA
4499,9/6/2016,1243,H1707,M,0.31,CMM,22.408,NA,NA,NA,NA,NA,NA,NA,NA,NA,NA,NA
5262,5/9/2017,1476,H1707,M,1.4,CMM,36.406,11.193,5.783,5.715,3.518,5.894,3.943,4.827,8.508,7.296,NA,NA
5659,7/27/2017,1579,H1707,M,1.56,CMM,38.347,10.978,6.508,5.613,3.763,7.603,4.804,4.602,9.195,8.273,NA,NA
4256,8/3/2016,1177,H1709,M,0.13,CMM,18.646,6.821,2.583,2.898,1.631,2.096,1.344,1.752,3.547,3.415,"AS - Remeasured Head Length, Head Width, Pectoral, Pelvic, Humerus, Radius, Ulna, Femur, and Tibia",RM Set 1
4257,8/3/2016,1177,H1711,M,0.15,CMM,18.968,6.381,3.819,2.676,1.884,2.707,1.934,2.077,3.874,4.063,NA,NA
4425,8/18/2016,1222,H1712,M,0.27,CMM,21.132,7.356,3.423,3.099,2.144,3.013,2.166,2.281,4.177,4.471,NA,NA
5246,5/9/2017,1471,H1712,M,1.09,CMM,34.42,11.085,5.77,4.976,3.351,6.665,3.746,4.438,9.024,7.997,NA,NA
5695,8/3/2017,1586,H1712,M,1.73,CMM,38.678,11.361,7.568,5.601,3.393,6.939,5.103,5.44,9.876,8.386,NA,NA
4424,8/18/2016,1222,H1714,M,0.2,CMM,20.401,6.837,3.56,2.892,1.976,2.576,1.628,2.222,3.956,4.061,"AS - Remeasured Pectoral, Radius, and Ulna",RM Set 1
4523,9/18/2018,1249,H1714,M,0.33,CMM,24.297,8.133,4.191,3.226,2.141,3.273,2.488,2.914,4.819,4.498,NA,NA
5245,5/9/2017,1471,H1714,M,1.23,CMM,36.067,11.438,5.809,4.963,3.458,7.241,4.874,5.361,8.645,7.461,NA,NA
6580,9/26/2018,1801,H1714,M,5.09,CMM,48.71,13.624,5.646,7.019,5.645,8.531,5.491,6.07,12.946,10.603,NA,NA
5694,8/3/2017,1586,H1718,F,1.16,CMM,34.727,10.799,6.535,4.721,2.893,6.247,4.357,4.451,7.837,6.903,NA,NA
5691,8/3/2017,1585,H1719,F,1.08,CMM,35.404,10.751,6.953,5.161,3.565,6.57,3.71,4.584,8.248,7.601,NA,NA
4264,8/3/2016,1178,H1720,M,0.15,CMM,17.238,5.933,3.774,3.148,1.531,2.439,2.166,2.134,3.483,3.35,AS - Remeasured Pectoral,RM Set 1
5662,7/27/2017,1579,H1720,M,1.26,CMM,38.459,10.45,5.428,5.075,3.348,6.705,4.522,5.31,9.506,7.86,NA,NA
4265,8/3/2016,1178,H1728,M,0.24,CMM,19.352,6.554,3.983,3.01,1.958,2.47,1.952,2.329,3.327,3.024,NA,NA
5655,7/27/2017,1578,H1728,M,1.81,CMM,41.223,12.256,6.296,5.39,3.809,6.074,4.573,5.25,8.575,8.513,NA,NA
4259,8/3/2016,1177,H1731,F,0.17,CMM,19.185,6.502,3.697,2.86,1.692,2.671,1.603,1.846,3.457,3.514,NA,NA
5690,8/3/2017,1585,H1732,F,1.57,CMM,37.388,10.851,7.155,5.104,3.629,6.371,4.36,4.768,8.935,7.602,NA,NA
4260,8/3/2016,1177,H1733,F,0.21,CMM,20.056,6.486,3.892,2.925,1.953,2.657,2.067,2.132,3.608,3.228,NA,NA
5656,7/27/2017,1578,H1733,F,1.35,CMM,37.854,11.159,6.157,5.12,3.627,6.681,4.697,5.151,9.239,8.044,NA,NA
4261,8/3/2016,1178,H1736,F,0.22,CMM,18.709,6.271,4.007,3.002,1.751,2.692,1.762,1.786,3.457,3.192,NA,NA
5657,7/27/2017,1578,H1736,F,1.22,CMM,35.822,10.664,5.636,4.605,3.098,5.807,4.13,4.273,7.995,7.291,NA,NA
5722,8/11/2017,1591,H1745,F,1.19,CMM,36.952,11.136,7.211,4.708,3.808,6.269,4.882,4.959,8.409,7.267,NA,NA
5721,8/11/2017,1591,H1746,F,1.45,CMM,39.197,11.747,7.286,5.346,3.649,6.416,3.981,4.65,9.046,8.155,NA,NA
4258,8/3/2016,1177,H1750,M,0.18,CMM,18.737,6.278,3.93,2.771,1.81,2.5,1.647,2.251,3.649,3.161,NA,NA
4993,1/22/2017,1392,H1753,M,1.61,CMM,37.06,11.548,6.49,5.869,4.074,6.691,4.469,5.105,8.881,7.97,NA,NA
5688,8/3/2017,1584,H1754,F,1.78,CMM,39.456,12.274,7.15,5.26,3.606,7.054,4.648,4.837,9.74,8.152,NA,NA
5689,8/3/2017,1585,H1756,M,1.6,CMM,38.76,11.315,7.677,5.213,3.422,6.846,4.665,5.294,9.77,8.189,NA,NA
5693,8/3/2017,1586,H1759,F,1.46,CMM,37.398,11.115,6.909,5.114,3.357,6.398,5.052,5.193,7.417,8.038,"AS - Remeasured Pelvic, Humerus, and Ulna",RM Set 1
5724,8/11/2017,1592,H1760,M,1.7,CMM,37.503,11.719,7.884,5.194,3.468,6.072,4.126,4.661,8.966,8.039,NA,NA
4263,8/3/2016,1178,H1761,M,0.16,CMM,19.184,6.513,3.682,3.227,1.829,2.463,1.918,2.229,3.595,3.472,NA,NA
5725,8/11/2017,1592,H1771,M,1.72,CMM,40.505,10.725,7.509,6.478,3.561,6.878,4.983,5.061,9.868,8.328,NA,NA
5686,8/3/2017,1584,H1773,M,1.36,CMM,37.368,10.727,7.365,5.356,4.336,6.859,4.303,4.837,9.383,7.684,NA,NA
4262,8/3/2016,1178,H1774,F,0.13,CMM,17.32,5.967,3.69,2.534,1.418,2.238,1.779,1.687,3.116,3.026,NA,NA
5658,7/27/2017,1578,H1774,F,1.27,CMM,35.774,10.637,5.988,5.173,3.278,6.027,4.529,5.222,9.231,7.59,NA,NA
5696,8/3/2017,1586,H1777,M,1.95,CMM,40.568,11.677,7.705,5.539,4.388,6.924,4.014,4.453,9.752,7.9,NA,NA
5726,8/11/2017,1592,H1779,F,1.19,CMM,36.191,10.83,6.702,4.663,3.659,5.803,3.768,4.349,7.981,6.924,NA,NA
5692,8/3/2017,1585,H1788,F,1.38,CMM,38.364,11.59,6.756,5.121,3.043,6.839,4.866,5.529,9.299,8.038,NA,NA
5687,8/3/2017,1584,H1789,M,1.39,CMM,39.5,12.203,6.842,5.397,3.064,6.265,4.176,4.68,8.522,7.177,AS -  Remeasured Pelvic,RM Set 1
5723,8/11/2017,1592,H1813,F,1.21,CMM,36.562,10.674,6.26,4.44,3.594,5.829,4.275,4.585,8.008,6.984,NA,NA
4512,9/6/2016,1245,H1814,F,0.21,CMM,21.346,6.989,3.944,2.519,2.018,2.817,2.193,2.148,3.98,3.676,NA,NA
5720,8/11/2017,1591,H1816,F,1.05,CMM,35.131,11.033,6.375,4.629,3.195,5.343,4.277,4.63,7.286,6.339,NA,NA
5719,8/11/2017,1591,H1822,F,1.19,CMM,36.167,10.223,7.101,4.959,3.715,5.946,4.111,4.362,8.261,7.002,NA,NA
5713,8/11/2017,1589,H1829,M,1.24,CMM,38.387,11.477,7.972,5.275,3.722,6.379,4.56,4.859,9.099,8.09,NA,NA
5766,8/18/2017,1600,H1831,M,1.68,CMM,43.012,12.833,6.277,5.725,3.659,7.408,5.702,5.562,9.814,9.563,NA,NA
5718,8/11/2017,1591,H1857,M,1.33,CMM,37.14,11.091,7.243,5.623,3.289,6.524,4.077,4.581,9.134,8.38,NA,NA
4860,12/4/2016,1352,H1860,F,0.58,CMM,27.559,8.552,4.606,4.219,2.87,3.893,2.959,3.216,5.545,5.169,NA,NA
5353,6/12/2017,1502,H1860,F,1.4,CMM,37.829,11.357,7.656,5.438,3.015,5.675,4.047,4.548,8.119,7.15,NA,NA
5819,8/24/2017,1609,H1860,F,1.59,CMM,43.496,11.719,7.747,5.365,3.934,8.447,5.895,6.35,11.82,9.212,NA,NA
5758,8/18/2017,1598,H1861,F,1.54,CMM,37.803,11.224,5.758,4.935,3.869,6.554,4.547,4.771,8.175,7.525,NA,NA
5710,8/11/2017,1589,H1868,F,0.94,CMM,33.868,10.718,6.384,4.609,2.801,5.954,3.794,4.417,7.919,6.663,NA,NA
5765,8/18/2017,1600,H1869,F,1.51,CMM,36.8,10.315,6.869,5.199,3.852,6.946,4.852,4.989,9.138,7.821,NA,NA
4829,12/3/2016,1346,H1872,M,0.38,CMM,25.359,8.336,4.127,3.512,2.048,3.523,2.836,3.235,5.314,5,NA,NA
5818,8/24/2017,1609,H1872,M,1.52,CMM,39.435,11.828,6.368,5.239,3.454,6.611,4.92,5.125,9.44,8.633,NA,NA
5764,8/18/2017,1600,H1873,F,1.72,CMM,38.164,11.567,5.699,5.205,3.571,6.94,5.091,5.487,9.235,8.322,NA,NA
5753,8/18/2017,1597,H1875,F,1.27,CMM,36.05,10.401,5.522,4.729,3.519,5.316,4.262,4.292,8.374,7.12,NA,NA
5772,8/18/2017,1601,H1877,M,1.76,CMM,41.081,11.084,5.976,5.375,3.819,7.097,4.862,5.626,9.387,8.489,NA,NA
5771,8/18/2017,1601,H1880,M,1.92,CMM,41.102,12.897,6.593,5.785,3.697,6.9,4.968,5.079,9.614,8.397,NA,NA
5770,8/18/2017,1601,H1885,F,1.45,CMM,35.721,11.085,5.584,4.116,3.085,5.941,3.798,4.219,7.985,7.166,NA,NA
4865,12/4/2016,1353,H1886,M,0.61,CMM,26.331,8.478,4.789,4.541,2.937,3.642,2.689,2.797,5.334,4.69,NA,NA
5343,6/12/2017,1499,H1886,M,1.74,CMM,39.393,12.151,8.381,6.212,3.796,5.733,4.389,4.678,9.3,7.506,NA,NA
5822,8/24/2017,1610,H1886,M,1.95,CMM,38.186,11.69,6.251,5.006,3.732,7.482,5.107,5.475,9.634,7.532,NA,NA
5348,6/12/2017,1500,H1890,F,1.45,CMM,36.219,11.014,7.594,5.1,3.835,6.089,4.095,4.496,8.63,7.02,NA,NA
5756,8/18/2017,1598,H1890,F,1.42,CMM,37.262,11.854,5.873,4.64,3.663,6.812,4.879,4.93,8.383,7.485,NA,NA
5752,8/18/2017,1597,H1891,M,1.66,CMM,41.041,12.096,5.878,5.939,3.922,6.904,5.394,5.582,9.233,8.635,NA,NA
5342,6/12/2017,1499,H1891,M,1.51,CMM,37.576,11.071,7.161,6.14,3.067,6.909,4.327,4.593,8.402,7.547,no tail,NA
5289,5/25/2017,1484,H1894,F,0.87,CMM,31.699,9.817,5.074,5.06,3.07,5.475,3.488,4.02,6.842,6.307,NA,NA
5768,8/18/2017,1601,H1894,F,1.23,CMM,34.138,10.245,5.558,4.54,3.309,6.414,4.159,4.46,7.562,6.197,NA,NA
4511,9/6/2016,1245,H1899,M,0.26,CMM,21.299,6.995,4.006,3.061,1.961,2.767,2.261,2.437,4.082,3.657,NA,NA
5287,5/25/2017,1484,H1899,M,1.01,CMM,34.52,10.912,5.33,4.664,3.446,5.885,4.063,4.643,8.094,7.624,NA,NA
5763,8/18/2017,1600,H1899,M,1.29,CMM,38.798,11.69,6.174,4.886,3.363,7.418,4.932,4.855,7.845,8.093,NA,NA
4509,9/6/2016,1245,H1902,M,0.21,CMM,21.19,7.016,3.799,2.84,1.829,3.217,2.389,2.382,4.098,3.884,NA,NA
5285,5/25/2017,1483,H1902,M,1,CMM,33.367,10.399,5.425,4.566,3.079,5.655,3.348,4.337,7.704,7.174,NA,NA
5755,8/18/2017,1598,H1902,M,1.19,CMM,36.049,10.625,5.973,4.985,3.297,6.319,4.609,4.646,8.655,8.188,NA,NA
4510,9/6/2016,1245,H1904,F,0.27,CMM,21.95,6.972,4.005,3.244,2.236,3.177,2.195,2.221,4.398,3.856,NA,NA
5286,5/25/2017,1484,H1904,F,0.86,CMM,32.435,9.666,5.087,4.465,2.962,4.782,3.674,4.286,7.834,6.598,NA,NA
5767,8/18/2017,1600,H1904,F,1.03,CMM,34.477,10.362,5.342,4.574,3.771,6.02,4.032,3.959,8.194,7.421,NA,NA
4482,8/30/2016,1238,H1905,M,0.26,CMM,21.105,7.487,4.331,2.634,1.881,2.967,1.583,1.775,4.322,3.398,"AS - Remeasured Humerus, Radius, and Ulna",RM Set 1
4513,9/6/2016,1245,H1906,F,0.24,CMM,20.496,6.764,3.889,3.09,2.159,2.823,1.999,2.467,3.948,4.139,NA,NA
5288,5/25/2017,1484,H1906,F,0.94,CMM,32.886,9.919,4.674,4.386,2.931,5.051,3.707,4.22,7.083,6.748,NA,NA
5769,8/18/2017,1601,H1906,F,1.17,CMM,34.692,9.609,5.201,4.4,3.223,5.853,3.799,3.969,7.492,6.96,NA,NA
5757,8/18/2017,1598,H1909,F,1.43,CMM,36.314,10.135,5.795,5.011,3.244,6.999,4.649,4.796,8.056,7.296,NA,NA
5762,8/18/2017,1599,H1910,M,1.33,CMM,37.793,11.747,5.98,5.117,3.704,6.774,4.15,4.488,8.893,7.871,NA,NA
5761,8/18/2017,1599,H1912,M,1.96,CMM,44.19,13.555,6.864,6.197,3.789,7.094,5.113,5.754,10.348,8.533,NA,NA
4896,12/4/2016,1360,H1923,F,0.64,CMM,28.241,8.804,4.458,4.121,2.885,3.922,2.958,3.158,5.566,5.686,NA,NA
5340,6/12/2017,1498,H1923,F,1.6,CMM,36.777,10.309,7.799,5.333,3.665,5.827,3.664,4.096,8.716,7.365,NA,NA
5760,8/18/2017,1599,H1925,M,1.32,CMM,38.04,11.112,5.68,5.001,3.309,6.136,4.839,5.278,8.528,8.09,NA,NA
5759,8/18/2017,1599,H1927,M,1.6,CMM,33.706,10.4,5.432,4.737,3.216,6.461,4.095,4.071,7.911,6.501,NA,NA
4823,12/3/2016,1344,H1929,F,0.33,CMM,23.271,7.55,4.36,3.375,2.164,3.82,2.598,2.78,4.67,4.354,NA,NA
5814,8/24/2017,1608,H1929,F,1.31,CMM,34.883,10.258,5.498,4.696,3.147,6.146,4.681,4.416,8.248,7.423,NA,NA
4863,12/4/2016,1353,H1932,M,0.55,CMM,26.091,8.434,4.795,4.045,2.501,3.803,3.036,3.078,5.009,4.681,NA,NA
5345,6/12/2017,1500,H1932,M,1.9,CMM,40.472,11.642,8.815,6.202,3.724,6.72,4.815,5.232,9.743,8.277,NA,NA
5817,8/24/2017,1609,H1932,M,2.03,CMM,37.655,10.897,6.193,5.17,3.617,6.357,4.713,4.998,7.931,7.626,NA,NA
4830,12/3/2016,1346,H1933,F,0.31,CMM,23.744,7.951,3.932,3.244,3.163,3.401,2.499,2.702,4.933,4.587,AS - Remeasured Pevlic ,RM Set 1
4831,12/3/2016,1346,H1934,M,0.34,CMM,25.243,8.514,4.035,3.36,2.219,3.013,2.325,2.824,4.93,4.484,NA,NA
4859,12/4/2016,1352,H1935,M,0.53,CMM,25.016,8.144,4.542,4.035,2.724,3.62,2.745,2.94,5.233,4.721,NA,NA
5358,6/12/2017,1503,H1935,M,1.79,CMM,38.026,11.235,8.468,6.022,3.761,6.98,4.718,4.62,9.322,7.63,NA,NA
5813,8/24/2017,1608,H1935,M,2.07,CMM,41.439,11.734,8.176,5.965,4.15,7.874,5.212,5.866,10.467,9.374,NA,NA
4858,12/4/2016,1352,H1940,M,0.6,CMM,27.278,8.763,4.478,3.833,2.66,3.883,2.898,3.05,5.292,4.938,NA,NA
5351,6/12/2017,1501,H1940,M,2.33,CMM,43.236,12.229,8.385,6.373,3.972,6.557,4.712,4.806,9.578,8.53,NA,NA
5812,8/24/2017,1608,H1940,M,2.06,CMM,43.852,13.027,6.324,6.227,3.956,7.721,4.902,5.109,10.417,9.227,NA,NA
5751,8/18/2017,1597,H1944,F,1.57,CMM,39.038,11.79,5.845,4.896,3.92,8.083,5.233,5.293,8.427,7.923,NA,NA
4818,12/3/2016,1343,H1948,F,0.33,CMM,23.999,7.469,4.307,3.098,2.005,3.587,2.617,2.76,4.581,4.1,NA,NA
5810,8/24/2017,1607,H1948,F,1.16,CMM,34.715,10.062,5.466,4.618,3.185,5.691,3.893,4.036,7.607,6.829,NA,NA
5754,8/18/2017,1597,H1951,F,1.36,CMM,36.227,11.001,5.57,5.383,3.194,6.019,4.665,4.948,7.699,6.481,NA,NA
5355,6/12/2017,1502,H1952,M,1.94,CMM,39.277,12.471,6.036,6.497,4.169,6.159,4.324,4.824,9.329,8.089,AS - Remeasured Head Width,RM Set 1
5750,8/18/2017,1597,H1952,M,1.99,CMM,42.026,12.978,6.448,6.128,3.961,8.106,5.58,6.192,10.149,8.204,JG remeasured SVL; Corrected mass from data sheet,Mass/SVL check
4855,12/4/2016,1351,H1957,M,0.58,CMM,26.765,8.642,4.714,4.206,2.723,4.059,2.848,2.941,5.586,4.715,NA,NA
5349,6/12/2017,1501,H1957,M,1.73,CMM,38.551,11.99,7.825,5.402,3.616,6.454,4.523,4.76,8.339,7.604,NA,NA
5848,9/1/2017,1616,H1957,M,2.16,CMM,42.74,12.536,6.499,5.673,4.003,7.865,4.762,5.413,10.773,9.081,NA,NA
5809,8/24/2017,1607,H1963,F,1.44,CMM,38.629,11.116,5.642,4.765,3.945,5.997,4.685,4.802,8.445,7.497,NA,NA
4833,12/3/2016,1346,H1965,F,0.28,CMM,22.467,7.173,4.337,3.03,2.422,3.18,2.335,2.46,4.913,4.319,NA,NA
4857,12/4/2016,1352,H1968,F,0.55,CMM,27.1,8.79,4.818,5.11,2.422,4.019,2.993,3.274,5.485,5.234,AS - Remeasured Pectoral,RM Set 1
5344,6/12/2017,1499,H1968,F,1.54,CMM,37.248,10.748,7.458,5.462,4.231,6.205,4.096,4.202,8.682,6.381,NA,NA
4852,12/4/2016,1351,H1969,M,0.56,CMM,25.631,8.386,4.742,4.096,2.682,3.928,2.545,2.763,5.199,5.07,NA,NA
5357,6/12/2017,1503,H1969,M,1.99,CMM,41.199,12.368,8.639,6.056,4.073,7.489,5.2,5.266,9.891,8.481,NA,NA
5821,8/24/2017,1610,H1971,M,2.04,CMM,44.225,13.287,5.821,5.922,3.879,7.902,5.806,6.834,9.456,7.836,"AS - Remeasured Head Length, Head Width, Pectoral, Pelvic, Humerus, Radius, Ulna, Femur, and Tibia",RM Set 1
4864,12/4/2016,1353,H1971,M,0.63,CMM,27.487,9.031,4.716,4.044,2.762,3.218,2.486,2.805,5.251,4.604,NA,NA
5354,6/12/2017,1502,H1971,M,1.81,CMM,41.259,12.088,8.012,4.983,3.531,6.901,4.37,4.473,8.262,7.446,NA,NA
5866,9/1/2017,1620,H1972,M,2.33,CMM,34.936,10.824,6.839,4.093,3.33,6.085,4.754,5.139,9.297,7.971,JG remeasured SVL,Mass/SVL check
4849,12/4/2016,1350,H1972,M,0.68,CMM,28.975,9.241,4.885,4.437,2.892,3.841,3.041,3.2,6.139,5.526,NA,NA
5356,6/12/2017,1502,H1972,M,1.97,CMM,42.005,12.138,8.782,6.462,3.833,6.722,5.009,5.27,9.64,8.395,NA,NA
5820,8/24/2017,1610,H1974,M,1.35,CMM,38.016,11.774,5.389,5.303,3.676,7.281,4.672,5.404,9.402,8.022,"AS - Remeasured Head Length, Head Width, Pectoral, Pelvic, Humerus, Radius, Ulna, Femur, and Tibia",RM Set 1
4834,12/3/2016,1347,H1974,M,0.36,CMM,24.718,8.003,4.343,3.593,2.521,3.503,2.236,2.482,5.004,4.603,NA,NA
4835,12/3/2016,1347,H1976,F,0.4,CMM,25.609,8.532,4.478,3.805,2.358,3.156,2.595,3.047,4.812,4.435,NA,NA
4866,12/4/2016,1354,H1977,M,0.46,CMM,25.878,8.539,4.41,3.734,2.158,3.803,2.551,2.68,4.898,4.298,NA,NA
5341,6/12/2017,1499,H1977,M,1.42,CMM,37.852,11.423,7.53,5.276,2.907,5.746,3.842,4.296,8.382,7.06,NA,NA
5823,8/24/2017,1610,H1977,M,1.57,CMM,39.359,11.409,6.795,6.232,3.945,6.617,4.896,5.129,9.635,8.211,NA,NA
5346,6/12/2017,1500,H1979,F,1.7,CMM,37.702,11.426,5.045,6.068,4.148,6.51,4.234,4.345,8.873,6.805,AS - Remeasured Head Width,RM Set 1
4862,12/4/2016,1353,H1979,F,0.63,CMM,26.484,8.575,4.519,4.012,2.537,4.319,2.695,2.986,4.966,4.662,NA,NA
4822,12/3/2016,1344,H1980,M,0.24,CMM,21.467,7.427,3.922,3.241,2.068,2.86,2.194,1.943,4.177,3.8,NA,NA
4824,12/3/2016,1345,H1982,M,0.24,CMM,22.094,7.243,3.995,2.996,2.308,3.152,2.368,2.5,4.568,4.028,NA,NA
5811,8/24/2017,1608,H1982,M,1.28,CMM,39.118,11.549,5.567,5.118,3.826,6.701,4.807,5.341,8.279,8.368,NA,NA
4820,12/3/2016,1344,H1983,M,0.17,CMM,21.909,7.413,3.832,2.885,2.114,2.809,2.298,2.355,4.474,3.804,NA,NA
4821,12/3/2016,1344,H1984,M,0.18,CMM,21.819,7.041,3.909,2.874,1.952,3.097,2.137,2.304,4.031,3.593,NA,NA
4807,12/3/2016,1341,H1986,F,0.44,CMM,26.048,8.359,5.273,4.031,2.623,4.202,2.572,2.783,5.503,4.924,NA,NA
5320,6/3/2017,1493,H1986,F,1.06,CMM,35.753,10.723,6.462,4.895,3.143,5.432,3.858,4.129,7.776,6.547,NA,NA
5851,9/1/2017,1616,H1986,F,1.45,CMM,36.87,10.279,5.311,4.571,3.637,5.701,4.527,4.513,7.755,7.194,NA,NA
4825,12/3/2016,1345,H1987,M,0.24,CMM,21.921,7.433,4.049,2.999,2.316,3.2,2.149,2.287,4.709,4.351,NA,NA
4861,12/4/2016,1353,H1991,M,0.59,CMM,26.195,9.142,4.698,3.777,2.751,4.156,2.999,3.55,5.554,4.99,NA,NA
5337,6/12/2017,1498,H1991,M,1.97,CMM,40.496,12.268,8.651,6.801,3.865,6.994,4.555,4.691,9.781,8.377,NA,NA
5816,8/24/2017,1609,H1991,M,1.98,CMM,43.052,12.104,6.331,6.097,4.177,7.291,4.371,4.982,10.521,9.303,NA,NA
4804,12/3/2016,1341,H1993,M,0.38,CMM,24.849,8.138,5.143,3.547,2.246,3.739,2.504,2.77,4.959,4.42,NA,NA
5318,6/3/2017,1493,H1993,M,1.2,CMM,35.775,10.97,6.835,4.475,3.141,5.434,2.811,3.348,8.384,6.796,NA,NA
5869,9/1/2017,1620,H1993,M,1.59,CMM,44.35,11.731,8.238,6.271,4.169,7.939,5.354,5.577,11.149,10.478,NA,NA
4853,12/4/2016,1351,H1998,M,0.5,CMM,25.232,8.114,4.221,4.196,2.765,3.485,2.57,2.867,5.255,4.769,NA,NA
5347,6/12/2017,1500,H1998,M,1.37,CMM,34.999,10.886,7.99,5.558,3.387,5.814,3.715,4.025,8.526,6.701,NA,NA
5859,9/1/2017,1618,H1998,M,1.8,CMM,38.907,11.981,6.474,5.449,3.808,7.406,5.186,5.295,9.752,8.009,NA,NA
4827,12/3/2016,1345,H2001,M,0.22,CMM,20.453,7.126,4.017,2.944,1.989,2.989,1.821,2.159,4.405,3.947,JWM remeasured SVL; Corrected mass from data sheet,Mass/SVL check
4826,12/3/2016,1345,H2005,M,0.21,CMM,22.754,7.252,4.162,2.617,2.677,3.187,2.152,2.313,4.33,4.052,NA,NA
4832,12/3/2016,1346,H2006,F,0.33,CMM,24.139,8.028,3.916,3.172,2.261,3.765,2.123,2.263,4.896,4.506,NA,NA
5815,8/24/2017,1608,H2006,M,1.48,CMM,38.82,11.042,5.631,4.816,3.895,6.957,4.924,5.432,8.879,8.06,NA,NA
4816,12/3/2016,1343,H2011,M,0.22,CMM,21.996,7.512,4.189,3.25,2.175,2.868,2.254,2.443,4.548,4.103,NA,NA
5808,8/24/2017,1607,H2011,M,1.35,CMM,37.907,11.273,6.003,5.05,3.732,6.164,4.439,4.566,9.091,8.287,NA,NA
4851,12/4/2016,1350,H2012,M,0.58,CMM,27.107,8.941,4.692,3.84,2.703,3.857,3.076,3.151,5.256,4.764,NA,NA
5352,6/12/2017,1501,H2012,M,1.76,CMM,40.153,11.711,8.277,5.329,3.678,6.058,4.751,4.989,9.209,7.78,NA,NA
5850,9/1/2017,1616,H2012,M,2.33,CMM,42.718,12.042,7.069,5.792,4.259,6.712,4.672,4.788,9.811,8.86,NA,NA
4819,12/3/2016,1344,H2016,M,0.27,CMM,21.644,7.79,4.309,3.27,2.173,2.958,2.119,2.482,4.54,4.103,NA,NA
4828,12/3/2016,1345,H2018,F,0.23,CMM,21.088,6.916,3.995,3.13,1.987,2.773,1.994,1.972,3.926,3.527,NA,NA
5284,5/25/2017,1483,H2022,M,0.91,CMM,33.07,10.56,5.353,4.647,3.059,5.23,3.956,4.15,7.477,6.466,NA,NA
5855,9/1/2017,1617,H2022,M,1.73,CMM,38.668,12.189,5.803,5.178,3.424,6.448,4.729,4.55,8.914,8.189,NA,NA
4898,12/4/2016,1360,H2024,M,0.31,CMM,24.778,8.196,4.091,3.648,2.311,3.4,2.684,2.758,4.979,4.355,NA,NA
5844,9/1/2017,1615,H2024,M,1.51,CMM,38.596,10.158,7.104,5.322,3.378,7.528,4.564,4.741,9.122,8.452,NA,NA
5308,6/3/2017,1490,H2024,M,1,CMM,35.124,10.496,7.37,4.719,3.003,5.493,3.273,3.619,7.788,7.11,unclear arms ,NA
4895,12/4/2016,1359,H2025,F,0.37,CMM,24.828,8.125,4.295,3.421,2.38,3.358,2.584,2.667,4.804,4.501,NA,NA
5306,6/3/2017,1490,H2025,F,1.1,CMM,33.717,10.147,6.743,4.752,3.085,4.832,3.437,3.795,6.968,6.102,NA,NA
5845,9/1/2017,1615,H2025,F,1.27,CMM,35.576,9.618,5.633,4.772,3.374,5.227,3.41,4.089,7.7,7.614,NA,NA
4814,12/3/2016,1343,H2027,M,0.44,CMM,25.591,8.202,4.585,3.068,2.243,3.777,2.569,2.725,4.88,4.662,NA,NA
4813,12/3/2016,1342,H2028,F,0.36,CMM,23.224,7.33,4.238,3.484,2.228,3.113,2.389,2.48,4.572,4.662,NA,NA
5853,9/1/2017,1617,H2028,F,1.45,CMM,34.867,9.982,5.755,4.915,3.386,7.116,4.499,4.758,8.381,7.509,NA,NA
4817,12/3/2016,1343,H2030,F,0.22,CMM,21.422,6.979,3.794,2.728,2.194,3.48,2.558,2.604,4.515,3.842,NA,NA
4856,12/4/2016,1351,H2032,M,0.54,CMM,26.178,8.504,4.522,4.145,2.743,3.58,2.707,2.861,5.13,4.678,NA,NA
5339,6/12/2017,1498,H2032,M,1.69,CMM,39.263,11.875,7.383,5.511,3.845,6.039,3.659,4.141,8.559,7.12,NA,NA
5847,9/1/2017,1615,H2032,M,1.89,CMM,41.928,11.053,5.439,4.726,3.651,6.317,4.374,4.925,8.614,8.304,NA,NA
5323,6/3/2017,1494,H2033,F,0.99,CMM,33.174,9.939,4.448,5.091,3.556,5.22,3.76,3.891,7.537,6.724,AS - Remeasured Head Width,RM Set 1
4810,12/3/2016,1342,H2033,F,0.27,CMM,20.637,7.173,3.916,2.961,1.897,2.707,2.124,2.278,4.031,3.627,NA,NA
5852,9/1/2017,1616,H2033,F,1.4,CMM,35.315,10.347,5.774,4.942,3.201,6.853,4.332,4.442,8.159,6.843,NA,NA
4811,12/3/2016,1342,H2035,M,0.32,CMM,23.327,8.043,4.217,3.047,2.321,3.231,2.473,2.768,4.441,3.881,NA,NA
5324,6/3/2017,1494,H2035,M,0.9,CMM,32.527,10.444,6.925,4.799,3.28,5.009,3.62,3.879,6.808,6.04,NA,NA
5858,9/1/2017,1618,H2035,M,1.43,CMM,38.098,11.912,6.553,5.094,3.435,6.265,4.705,4.924,9.194,7.506,NA,NA
4815,12/3/2016,1343,H2036,F,0.3,CMM,21.078,6.512,4.246,3.378,2.05,2.528,1.591,2.32,4.1,4.162,NA,NA
5807,8/24/2017,1607,H2036,F,0.93,CMM,33.37,10.258,5.103,4.203,2.928,5.18,3.633,3.993,7.399,6.322,NA,NA
4812,12/3/2016,1342,H2037,M,0.32,CMM,24.438,7.717,4.071,3.54,2.385,3.119,2.697,2.781,4.95,4.374,NA,NA
5325,6/3/2017,1494,H2037,M,1,CMM,34.663,10.271,7.023,4.814,3.092,5.312,3.857,3.995,8.274,7.275,NA,NA
5846,9/1/2017,1615,H2037,M,1.45,CMM,38.488,10.897,5.792,5.313,3.592,6.986,4.577,4.716,9.429,7.864,NA,NA
4848,12/4/2016,1350,H2039,M,0.37,CMM,24.09,7.919,4.683,3.547,2.275,3.133,2.185,2.572,4.841,4.164,NA,NA
5298,6/3/2017,1488,H2039,M,1.49,CMM,37.361,11.193,7.868,5.407,3.601,6.136,4.048,4.336,8.322,7.48,NA,NA
4850,12/4/2016,1350,H2040,M,0.52,CMM,26.194,8.348,4.632,4.609,2.789,4.134,2.836,3.244,5.646,5.114,NA,NA
5338,6/12/2017,1498,H2040,M,1.98,CMM,41.003,12.072,8.021,5.891,3.744,7.634,4.986,5.197,9.955,8.144,NA,NA
5867,9/1/2017,1620,H2040,M,2.25,CMM,39.767,10.94,8.113,5.859,3.716,6.317,3.396,4.346,8.633,7.885,NA,NA
4806,12/3/2016,1341,H2041,F,0.34,CMM,24.259,7.615,5.094,3.938,2.526,3.356,2.594,2.879,5.101,4.271,NA,NA
5319,6/3/2017,1493,H2041,F,1.07,CMM,35.594,10.899,7.204,5.083,3.403,5.878,4.247,4.796,7.687,7.164,NA,NA
5854,9/1/2017,1617,H2041,F,1.48,CMM,37.456,11.339,6.141,5.688,3.845,6.273,4.475,4.661,9.047,8.405,NA,NA
4798,12/3/2016,1339,H2044,M,0.3,CMM,22.856,7.715,5.13,3.766,2.406,3.003,1.622,2.081,5.005,4.257,NA,NA
5313,6/3/2017,1491,H2044,M,1.3,CMM,35.273,11.311,7.244,5.353,3.244,5.811,4.36,4.656,8.644,6.903,NA,NA
5857,9/1/2017,1617,H2044,M,1.64,CMM,38.941,12.144,6.353,5.752,3.727,6.578,4.874,4.969,9.088,8.346,NA,NA
5350,6/12/2017,1501,H2045,M,1.82,CMM,39.985,11.914,8.084,5.678,3.461,6.286,3.314,3.79,8.702,7.509,AS - Remeasured Ulna,RM Set 1
4854,12/4/2016,1351,H2045,M,0.44,CMM,24.97,8.2,4.726,3.431,2.631,3.263,2.248,2.488,4.839,4.464,NA,NA
5870,9/1/2017,1620,H2045,M,1.84,CMM,43.639,12.572,7.013,5.918,4.004,7.855,5.58,5.847,11.308,9.899,NA,NA
4794,12/3/2016,1339,H2046,F,0.26,CMM,22.496,7.896,4.503,3.283,2.109,3.249,2.13,2.44,4.881,4.271,NA,NA
4800,12/3/2016,1340,H2048,M,0.29,CMM,24.043,7.479,4.895,3.058,2.133,3.02,2.348,2.852,4.524,4.026,NA,NA
5315,6/3/2017,1492,H2048,M,1.16,CMM,35.054,10.314,6.89,4.817,3.25,5.154,4.142,4.205,8.183,6.626,NA,NA
5860,9/1/2017,1618,H2048,M,1.51,CMM,38.553,10.839,6.014,4.744,3.658,6.829,4.685,4.89,8.924,7.436,NA,NA
4809,12/3/2016,1342,H2049,M,0.28,CMM,21.545,7.366,3.909,3.343,2.049,2.648,2.06,2.34,3.865,3.372,NA,NA
5322,6/3/2017,1494,H2049,M,0.91,CMM,33.185,10.055,6.479,4.961,2.824,4.888,3.688,3.704,6.823,5.835,NA,NA
4799,12/3/2016,1340,H2050,F,0.35,CMM,23.144,7.612,5.02,3.309,2.245,3.117,2.272,2.757,5.109,4.187,NA,NA
5314,6/3/2017,1492,H2050,F,1.09,CMM,34.704,10.326,7.318,4.655,3.42,5.86,3.836,3.971,8.111,6.634,NA,NA
5862,9/1/2017,1618,H2050,F,1.3,CMM,38.074,11.368,5.593,4.695,3.576,6.702,4.253,4.213,8.695,7.724,NA,NA
4802,12/3/2016,1340,H2051,M,0.25,CMM,22.151,7.405,4.552,3.085,2.003,2.569,2.126,2.314,4.085,3.621,NA,NA
4803,12/3/2016,1340,H2053,M,0.34,CMM,24.785,7.912,4.893,3.432,2.302,3.212,2.322,2.902,5.055,4.389,NA,NA
4795,12/3/2016,1339,H2054,F,0.25,CMM,22.597,7.261,4.421,2.88,2.094,3.43,2.472,2.979,4.757,4.165,NA,NA
5311,6/3/2017,1491,H2054,F,0.93,CMM,32.021,9.75,6.689,4.539,2.887,5.056,3.291,3.449,7.236,6.379,NA,NA
5913,9/7/2017,1627,H2057,M,2.11,CMM,46.239,13.474,5.653,6.136,3.961,6.478,4.277,4.432,9.946,9.606,NA,NA
4991,1/22/2017,1392,H2058,M,0.83,CMM,31.426,9.586,5.003,4.788,2.895,4.32,3.349,3.691,6.308,5.796,NA,NA
5976,9/18/2017,1642,H2058,M,2.01,CMM,41.594,11.847,7.046,6.115,4.336,8.163,4.414,4.485,10.091,8.662,NA,NA
5379,6/14/2017,1509,H2059,M,0.79,CMM,31.658,10.311,5.348,4.454,3.098,5.555,4.004,4.075,7.34,6.878,NA,NA
5923,9/7/2017,1629,H2059,M,1.11,CMM,34.931,11.287,4.98,4.643,3.353,6.154,4.49,4.699,8.509,7.558,NA,NA
5373,6/14/2017,1507,H2060,F,1.14,CMM,33.716,10.271,5.439,4.921,3.111,5.422,4.463,5.249,7.975,7.384,NA,NA
5916,9/7/2017,1628,H2060,F,1.39,CMM,35.69,10.776,5.027,4.841,3.609,5.766,4.675,4.474,7.731,7.017,NA,NA
5336,6/12/2017,1497,H2064,F,1.45,CMM,36.962,11.359,7.297,5.258,3.346,6.134,4.409,4.666,7.772,7.015,NA,NA
5900,9/7/2017,1624,H2064,F,1.56,CMM,38.151,11.322,6.007,5.051,3.784,7.537,4.785,4.906,8.502,7.609,NA,NA
5917,9/7/2017,1628,H2065,F,1.43,CMM,38.525,11.749,5.351,5.104,4.181,6.812,4.955,5.058,8.823,7.926,NA,NA
5376,6/14/2017,1508,H2066,F,0.86,CMM,32.702,10.07,5.067,4.343,2.952,5.523,3.603,3.851,7.372,6.781,NA,NA
5920,9/7/2017,1629,H2066,F,1.1,CMM,34.136,10.206,4.648,4.82,3.03,5.693,3.994,3.855,7.099,6.763,NA,NA
5922,9/7/2017,1629,H2067,F,1.47,CMM,38.196,11.062,5.097,5.04,3.967,5.692,4.43,4.58,8.215,7.72,NA,NA
5906,9/7/2017,1626,H2068,M,1.98,CMM,42.319,12.329,6.93,5.685,4.098,6.754,5.319,5.715,9.561,7.827,NA,NA
4801,12/3/2016,1340,H2069,F,0.29,CMM,22.551,6.98,4.836,3.593,2.112,3.371,2.435,2.559,4.282,3.964,NA,NA
5316,6/3/2017,1492,H2069,F,1.01,CMM,33.468,10.379,6.497,4.963,2.897,5.211,3.628,4.121,7.582,6.59,NA,NA
5861,9/1/2017,1618,H2069,F,1.43,CMM,36.435,10.655,5.406,4.869,3.304,6.741,4.133,4.309,8.997,7.86,NA,NA
4796,12/3/2016,1339,H2070,M,0.23,CMM,22.953,7.186,4.66,2.907,2.117,3.318,2.296,2.637,4.6,4.096,NA,NA
4808,12/3/2016,1341,H2071,F,0.35,CMM,24.28,8.502,4.843,3.412,2.316,3.575,2.516,2.79,4.811,4.264,NA,NA
5321,6/3/2017,1493,H2071,F,0.94,CMM,33.861,10.596,6.286,4.573,3.118,5.603,3.755,4.112,7.587,6.377,NA,NA
4847,12/4/2016,1350,H2072,M,0.44,CMM,24.556,7.912,4.212,3.755,2.638,2.842,1.799,2.389,5.084,4.386,AS - Remeasured Ulna,RM Set 1
5299,6/3/2017,1488,H2072,M,1.38,CMM,36.937,10.891,7.803,4.882,3.321,6.354,4.152,4.337,8.132,7.246,NA,NA
5856,9/1/2017,1617,H2072,M,1.65,CMM,37.298,11.011,6.653,5.859,3.774,7.133,4.361,4.335,8.83,7.338,NA,NA
4892,12/4/2016,1359,H2073,M,0.29,CMM,23.03,7.695,4.157,3.306,2.39,3.27,2.386,2.598,4.688,4.04,NA,NA
5304,6/3/2017,1489,H2073,M,0.9,CMM,31.03,9.86,6.855,4.596,3,4.875,3.555,3.928,7.352,6.257,NA,NA
5837,9/1/2017,1614,H2073,M,1.4,CMM,36.198,11.016,6.057,5.121,3.487,7.193,4.836,5.215,8.733,7.605,NA,NA
4805,12/3/2016,1341,H2075,M,0.34,CMM,25.058,8.226,4.853,3.661,2.245,3.717,2.722,2.765,5.351,4.746,NA,NA
5317,6/3/2017,1492,H2075,M,1.13,CMM,35.237,11.388,6.718,4.557,2.965,5.524,4.474,4.929,7.842,6.887,NA,NA
5849,9/1/2017,1616,H2075,M,1.61,CMM,38.363,11.858,6.008,5.187,3.367,7.726,4.976,5.324,9.429,7.737,NA,NA
4891,12/4/2016,1359,H2076,M,0.24,CMM,23.601,8.037,3.898,3.071,2.031,3.472,2.486,2.582,4.732,4.3,NA,NA
5302,6/3/2017,1489,H2076,M,0.72,CMM,31.251,10.545,6.286,4.257,3.142,5.342,3.194,3.462,7.379,5.908,NA,NA
4890,12/4/2016,1358,H2077,F,0.23,CMM,21.792,7.301,4.293,3.151,2.404,3.183,2.263,2.409,4.368,3.898,NA,NA
5301,6/3/2017,1488,H2077,F,0.86,CMM,32.085,9.903,6.511,4.555,3.059,5.291,3.122,3.388,6.732,6.064,NA,NA
5363,6/14/2017,1505,H2080,M,0.93,CMM,33.313,10.73,5.817,4.953,3.18,6.256,3.621,4.027,7.639,6.967,NA,NA
5902,9/7/2017,1625,H2080,M,1.26,CMM,37.643,11.457,5.922,4.837,3.297,6.017,4.7,4.825,8.598,7.481,NA,NA
4797,12/3/2016,1339,H2081,M,0.26,CMM,22.653,7.039,4.39,2.938,1.807,2.95,1.931,2.194,4.269,3.768,AS - Remeasured Pevlic ,RM Set 1
5312,6/3/2017,1491,H2081,M,0.92,CMM,32.681,10.116,7.491,5.328,3.4,5.134,3.572,3.698,7.392,6.472,NA,NA
4893,12/4/2016,1359,H2082,M,0.32,CMM,23.043,7.421,4.354,3.313,2.124,3.026,2.214,2.405,4.571,4.29,NA,NA
5303,6/3/2017,1489,H2082,M,0.79,CMM,30.876,9.967,6.258,4.601,3.078,5.399,3.498,3.863,7.136,6.175,NA,NA
5305,6/3/2017,1489,H2083,F,0.88,CMM,31.965,9.754,4.235,4.755,3.503,5.446,3.828,4.044,7.186,6.266,AS - Remeasured Head Width,RM Set 1
4894,12/4/2016,1359,H2083,F,0.28,CMM,22.566,7.745,3.902,3.677,2.322,3.337,2.491,2.782,4.616,4.157,NA,NA
5840,9/1/2017,1614,H2083,F,1.24,CMM,37.435,10.915,5.449,4.589,3.287,6.296,3.524,4.124,7.818,7.414,NA,NA
4899,12/4/2016,1360,H2084,M,0.28,CMM,22.861,7.603,4.006,3.157,2.379,3.12,2.216,2.417,4.901,4.379,NA,NA
5309,6/3/2017,1490,H2084,M,0.93,CMM,31.882,9.986,7.144,4.564,2.806,5.369,3.244,3.807,7.959,6.546,NA,NA
5868,9/1/2017,1620,H2084,M,1.23,CMM,40.662,11.862,6.04,5.191,3.685,6.675,5.26,5.324,9.311,8.457,NA,NA
4897,12/4/2016,1360,H2086,F,0.28,CMM,22.797,7.309,4.06,3.352,2.167,3.37,2.38,2.294,4.569,3.973,NA,NA
5307,6/3/2017,1490,H2086,F,0.95,CMM,33.679,10.166,6.565,4.389,2.823,4.848,3.398,3.803,7.247,6.253,NA,NA
4900,12/4/2016,1360,H2087,F,0.27,CMM,21.868,7.296,4.458,3.147,2.147,3.066,1.91,2.3,4.551,3.902,NA,NA
5310,6/3/2017,1491,H2087,F,0.94,CMM,31.862,9.782,6.658,4.749,3.071,5.595,3.684,3.842,7.363,6.306,NA,NA
5843,9/1/2017,1615,H2087,F,1.24,CMM,35.84,NA,NA,NA,NA,NA,NA,NA,NA,NA,Not there,RM Set 1
5371,6/14/2017,1507,H2090,M,0.87,CMM,32.339,10.343,5.147,4.407,3.076,5.63,3.821,3.771,7.838,7.422,NA,NA
5904,9/7/2017,1625,H2090,M,1.12,CMM,34.444,10.562,5.519,4.975,3.25,7.068,4.568,4.614,8.438,7.025,NA,NA
5377,6/14/2017,1508,H2099,M,0.96,CMM,34.045,10.291,5.454,4.9,3.413,6.403,3.939,4.187,8.648,7.058,NA,NA
5332,6/11/2017,1496,H3001,M,0.9,CMM,33.098,10.317,6.596,4.308,2.738,4.285,1.94,2.557,7.516,6.536,AS - Remeasured Radius and Ulna,RM Set 1
5915,9/7/2017,1627,H3001,M,1.17,CMM,38.809,11.407,4.938,4.825,3.253,6.026,4.814,5.046,8.051,7.392,NA,NA
5359,6/14/2017,1504,H3005,F,0.94,CMM,31.775,9.777,5.308,4.243,2.978,5.453,3.441,3.861,6.79,6.19,NA,NA
5972,9/18/2017,1641,H3005,F,1.3,CMM,35.771,10.523,5.593,4.338,3.238,6.155,4.391,4.874,7.58,6.919,NA,NA
5364,6/14/2017,1505,H3009,F,0.86,CMM,33.034,10.377,5.377,4.872,2.97,6.031,3.871,4.385,7.36,6.414,NA,NA
5369,6/14/2017,1506,H3011,M,1.04,CMM,36.397,10.855,5.495,4.839,3.535,5.463,4.11,4.498,8.068,7.147,NA,NA
5909,9/7/2017,1626,H3011,M,1.28,CMM,38.927,11.242,5.999,4.98,3.521,6.13,4.753,5.003,8.267,7.605,NA,NA
5419,6/15/2017,1521,H3013,M,1.11,CMM,35.451,10.922,5.558,5.287,3.374,5.627,4.732,4.723,8.102,7.478,NA,NA
5973,9/18/2017,1641,H3013,M,1.61,CMM,37.652,10.805,7.264,5.335,3.669,6.242,4.972,5.76,9.672,8.218,NA,NA
4889,12/4/2016,1358,H3014,F,0.22,CMM,22.304,7.637,3.901,3.083,2.012,3.454,2.134,2.387,4.206,3.803,NA,NA
5300,6/3/2017,1488,H3014,F,0.92,CMM,33.187,10.623,6.752,5.063,3.328,4.993,3.398,3.53,7.273,6.349,NA,NA
5896,9/7/2017,1624,H3014,F,1.21,CMM,37.359,11.083,5.719,5.08,3.54,6.77,4.88,4.863,8.21,6.972,NA,NA
4987,1/22/2017,1391,H3017,M,0.88,CMM,31.311,9.333,5.044,4.551,3.256,4.479,3.566,3.678,6.341,6.211,NA,NA
5980,9/18/2017,1643,H3017,M,2.47,CMM,43.253,12.48,7.636,6.308,4.251,7.376,5.435,6.323,9.758,9.061,NA,NA
5372,6/14/2017,1507,H3020,M,1.02,CMM,34.898,10.706,5.438,4.741,3.223,5.094,3.303,3.859,7.952,7.121,NA,NA
5367,6/14/2017,1506,H3023,M,0.75,CMM,32.291,9.772,5.11,4.501,3.011,5.061,3.738,3.997,7.323,6.667,NA,NA
4988,1/22/2017,1391,H3024,M,0.74,CMM,29.491,9.407,5.204,4.616,3.26,4.515,2.936,3.09,5.992,5.628,NA,NA
5971,9/18/2017,1641,H3024,M,1.73,CMM,42.466,13.05,6.799,5.916,4.004,6.488,5.1,5.731,9.923,8.821,NA,NA
5408,6/15/2017,1518,H3025,M,0.89,CMM,34.138,10.207,5.292,4.473,3.238,5.756,3.654,3.978,7.386,6.716,NA,NA
5975,9/18/2017,1642,H3025,M,1.62,CMM,37.66,10.716,6.909,4.943,3.329,5.741,3.93,4.604,9.457,8.214,NA,NA
5374,6/14/2017,1507,H3027,M,0.83,CMM,33.579,10.779,5.201,4.476,3.314,5.26,3.58,3.846,7.598,6.92,NA,NA
5378,6/14/2017,1508,H3030,M,1.05,CMM,34.458,10.838,5.409,4.901,3.479,5.9,3.646,3.957,8.066,6.828,NA,NA
5907,9/7/2017,1626,H3030,M,1.5,CMM,38.349,11.641,6.974,4.4,3.472,7.07,5.007,5.05,9.361,8.044,NA,NA
5362,6/14/2017,1504,H3032,F,0.95,CMM,34.996,10.763,5.391,4.675,3.212,4.674,3.881,4.223,7.313,6.534,NA,NA
5921,9/7/2017,1629,H3032,F,1.27,CMM,39.984,11.68,4.518,5.019,3.489,5.482,4.836,4.648,7.767,6.898,NA,NA
5334,6/12/2017,1497,H3034,F,1.59,CMM,40.101,12.152,7.788,5.804,3.641,6.619,4.371,4.7,9.366,8.153,NA,NA
5912,9/7/2017,1627,H3034,F,1.61,CMM,39.943,11.63,5.199,5.1,3.834,5.851,5.082,5.221,9.382,8.472,NA,NA
5361,6/14/2017,1504,H3037,M,0.78,CMM,32.916,10.101,5.196,4.737,3.201,5.149,3.559,3.829,7.031,6.433,NA,NA
5365,6/14/2017,1505,H3038,F,0.83,CMM,32.94,9.948,5.341,4.412,3.21,4.919,3.658,3.777,7.229,6.129,NA,NA
5368,6/14/2017,1506,H3039,M,0.67,CMM,30.57,9.745,5.334,4.008,3.015,4.952,3.496,4.313,6.723,6.132,NA,NA
5908,9/7/2017,1626,H3039,M,0.92,CMM,35.059,10.829,5.525,4.508,2.95,5.666,4.116,4.688,7.822,7.205,NA,NA
5919,9/7/2017,1628,H3040,M,1.52,CMM,39.206,10.141,4.622,4.47,3.852,5.818,3.934,4.009,8.132,7.521,NA,NA
5392,6/15/2017,1514,H3045,M,1.01,CMM,32.422,10.189,5.392,4.726,3.412,5.785,3.699,4.773,7.668,7.439,NA,NA
6020,9/21/2017,1655,H3045,M,1.55,CMM,37.604,10.963,6.278,5.121,3.522,5.998,4.574,4.741,8.473,8.337,NA,NA
5370,6/14/2017,1506,H3046,M,0.97,CMM,35.89,11.169,5.544,4.959,3.216,6.142,4.386,4.996,8.84,7.268,NA,NA
5366,6/14/2017,1505,H3047,M,0.96,CMM,36.362,10.939,5.061,5.252,3.393,5.782,4.279,4.25,7.755,7.07,NA,NA
5924,9/7/2017,1629,H3047,M,1.12,CMM,37.511,11.41,4.586,4.844,3.479,5.7,4.347,4.53,7.714,6.98,NA,NA
5333,6/12/2017,1497,H3050,F,1.49,CMM,36.979,11.223,5.052,5.619,3.484,5.744,3.858,4.192,8.245,7.04,AS - Remeasured Head Width,RM Set 1
4990,1/22/2017,1392,H3050,F,0.69,CMM,28.256,9.008,5.298,4.585,2.998,4.314,3.073,3.718,6.171,6.347,NA,NA
5982,9/18/2017,1643,H3050,F,1.47,CMM,38.522,10.598,7.637,5.512,4.125,6.421,4.368,5.09,9.201,7.835,NA,NA
4985,1/22/2017,1391,H3053,M,0.77,CMM,30.428,9.782,5.336,4.154,2.786,4.163,3.139,3.666,5.98,5.787,NA,NA
5981,9/18/2017,1643,H3053,M,2.21,CMM,43.122,12.551,6.777,6.226,4.452,8.548,5.818,6.026,9.801,8.787,NA,NA
5978,9/18/2017,1642,H3054,F,2.09,CMM,34.418,9.808,5.617,4.362,3.464,5.663,4.29,4.456,8.012,7.284,JG remeasured SVL,Mass/SVL check
5411,6/15/2017,1519,H3054,F,0.92,CMM,31.394,9.247,4.998,4.098,3.122,4.898,3.074,3.892,7.257,6.95,NA,NA
5416,6/15/2017,1520,H3056,F,0.86,CMM,32.361,10.551,4.976,4.35,3.05,5.201,3.933,4.206,7.367,6.147,NA,NA
5360,6/14/2017,1504,H3057,F,1.03,CMM,33.404,10.555,5.374,4.818,3.219,5.295,3.908,4.481,8.499,7.429,NA,NA
5979,9/18/2017,1643,H3057,F,1.46,CMM,36.576,12.048,5.875,5.138,3.309,7.093,4.989,5.485,9.344,8.867,NA,NA
5417,6/15/2017,1520,H3058,M,0.84,CMM,35.196,10.287,5.595,4.703,3.681,4.631,3.73,3.954,7.303,6.291,NA,NA
5974,9/18/2017,1641,H3058,M,1.64,CMM,39.089,10.91,7.086,4.787,3.615,6.25,3.865,4.611,9.175,8.449,NA,NA
4983,1/22/2017,1390,H3059,F,0.46,CMM,25.673,8.318,4.696,3.773,2.696,3.88,2.809,3.055,5.459,4.841,NA,NA
5966,9/14/2017,1639,H3059,F,1.04,CMM,35.688,10.807,5.859,5.347,3.432,6.011,3.975,4.251,8.601,7.793,NA,NA
5410,6/15/2017,1518,H3061,M,0.96,CMM,31.612,10.689,5.08,4.703,3.254,5.628,3.783,3.943,7.837,6.896,NA,NA
5959,9/14/2017,1638,H3061,M,1.56,CMM,40.157,11.583,6.3,5.416,3.829,7.131,5.025,4.82,9.267,8.807,NA,NA
5391,6/15/2017,1514,H3062,M,1.09,CMM,33.812,10.864,5.428,4.932,3.226,5.593,4.016,4.346,8.44,6.819,NA,NA
6022,9/21/2017,1656,H3062,M,1.69,CMM,39.379,11.917,6.785,5.426,3.441,6.477,4.283,4.236,10.285,8.259,NA,NA
5985,9/18/2017,1644,H3064,F,1.03,CMM,41.105,12.025,6.421,5.507,3.808,6.925,5.487,5.99,10.153,9.038,JG remeasured SVL,Mass/SVL check
5400,6/15/2017,1516,H3064,F,0.9,CMM,34.192,10.061,5.197,4.419,2.947,4.774,3.202,3.505,7.096,6.306,NA,NA
4981,1/22/2017,1390,H3065,M,0.77,CMM,30.545,10.047,5.173,4.616,3.136,4.924,3.069,3.499,6.636,5.405,NA,NA
6021,9/21/2017,1656,H3065,M,1.99,CMM,43.742,12.69,6.814,6.164,4.065,6.867,5.582,5.488,10.721,8.885,NA,NA
5401,6/15/2017,1516,H3067,M,0.92,CMM,29.348,10.988,5.308,4.893,3.405,5.22,3.533,4.137,7.639,6.869,AS - Remeasured Head Length,RM Set 1
4881,12/4/2016,1357,H3068,F,0.39,CMM,24.173,7.858,4.177,3.662,2.438,3.869,2.521,2.905,5.166,4.628,NA,NA
4974,1/22/2017,1389,H3068,F,0.6,CMM,28.028,8.62,4.798,4.418,2.776,4.308,3.122,3.429,6.092,5.558,NA,NA
6052,9/28/2017,1663,H3068,F,1.64,CMM,37.578,11.33,5.987,4.522,3.46,6.589,5.206,5.855,9.488,8.318,NA,NA
5409,6/15/2017,1518,H3069,M,0.97,CMM,35.094,10.648,5.33,4.859,3.225,5.671,4.173,4.526,7.882,7.175,NA,NA
5406,6/15/2017,1517,H3070,M,0.9,CMM,33.074,11.001,5.021,4.809,3.184,5.852,3.734,3.841,7.336,6.564,NA,NA
5964,9/14/2017,1639,H3070,M,1.47,CMM,34.224,10.478,5.869,4.562,3.82,5.853,4.506,4.345,8.191,7.38,NA,NA
5399,6/15/2017,1516,H3072,M,0.89,CMM,32.207,10.337,5.381,4.618,3.109,5.381,4.129,4.597,7.414,6.98,NA,NA
5965,9/14/2017,1639,H3072,M,1.39,CMM,35.686,10.619,5.831,5.013,3.294,6.725,4.46,4.611,8.689,7.532,NA,NA
4979,1/22/2017,1390,H3074,F,0.74,CMM,29.852,9.3,4.942,4.614,3.196,4.424,3.589,3.634,5.905,5.727,NA,NA
6017,9/21/2017,1654,H3074,F,1.77,CMM,38.572,11.071,5.958,4.719,3.922,5.98,4.534,5.052,8.722,8.314,NA,NA
4769,12/3/2016,1333,H3075,F,0.3,CMM,23.839,7.247,4.886,3.518,2.319,3.163,2.392,2.772,5.3,4.391,NA,NA
5436,7/3/2017,1527,H3075,F,1.09,CMM,34.742,10.313,7.059,4.782,2.999,5.521,4.067,4.28,7.34,6.52,NA,NA
6047,9/28/2017,1662,H3075,F,1.59,CMM,36.029,10.106,6.006,5.121,3.406,5.475,3.647,4.195,8.844,7.447,NA,NA
5404,6/15/2017,1517,H3076,F,0.9,CMM,34.28,10.382,5.499,5.095,3.449,5.853,3.785,4.398,8.074,6.396,NA,NA
5968,9/18/2017,1640,H3076,F,1.31,CMM,34.88,10.592,7.081,5.225,3.642,6.771,4.794,5.471,8.03,6.615,NA,NA
4980,1/22/2017,1390,H3078,F,0.7,CMM,29.657,9.264,4.931,4.501,2.82,4.472,3.546,3.767,6.386,6.08,NA,NA
6016,9/21/2017,1654,H3078,F,1.71,CMM,38.029,11.03,6.294,5.305,3.845,6.401,4.863,5.024,8.701,7.647,NA,NA
4986,1/22/2017,1391,H3080,M,0.7,CMM,28.19,8.763,5.337,4.806,3.394,4.253,3.175,3.27,5.943,5.183,NA,NA
5984,9/18/2017,1644,H3080,M,1.68,CMM,38.479,10.556,5.418,4.454,3.058,5.991,3.842,4.151,7.544,6.448,NA,NA
5415,6/15/2017,1520,H3081,M,1.03,CMM,34.168,10.337,5.447,4.537,3.04,5.671,4.03,4.23,7.542,7.109,NA,NA
5969,9/18/2017,1640,H3081,M,1.99,CMM,39.166,11.214,6.127,5.197,3.609,7.333,5.109,5.897,8.815,7.589,NA,NA
5960,9/14/2017,1638,H3082,M,1.57,CMM,40.034,11.575,6.851,5.007,3.483,7.225,5.257,5.297,9.406,8.544,NA,NA
4989,1/22/2017,1392,H3083,M,0.64,CMM,29.787,9.308,5.008,3.958,2.68,4.11,3.12,3.539,5.769,5.558,NA,NA
5970,9/18/2017,1640,H3083,M,2.14,CMM,41.686,12.296,6.409,4.89,3.939,7.193,5.382,5.467,9.368,7.744,NA,NA
5420,6/15/2017,1522,H3084,M,1.11,CMM,35.364,11.122,5.226,4.833,3.597,5.972,4.234,4.306,8.054,7.461,NA,NA
5977,9/18/2017,1642,H3084,M,1.64,CMM,38.429,11.522,6.084,5.057,3.678,6.519,5.006,5.147,8.772,7.789,NA,NA
5403,6/15/2017,1517,H3086,F,0.9,CMM,31.984,10.604,5.137,4.504,3.173,5.853,3.592,3.981,6.837,6.327,NA,NA
5961,9/14/2017,1638,H3086,F,1.23,CMM,37.443,11.36,5.996,4.593,3.595,6.431,3.154,3.561,8.47,7.373,NA,NA
5407,6/15/2017,1518,H3087,F,0.84,CMM,32.102,10.155,5.113,4.375,2.845,5.687,3.559,3.786,7.336,6.764,NA,NA
5412,6/15/2017,1519,H3088,F,0.78,CMM,34.417,10.176,5.101,4.41,3.224,5.528,3.034,3.304,7.727,6.457,NA,NA
5413,6/15/2017,1519,H3089,F,0.96,CMM,33.795,10.471,5.529,4.816,3.475,6.216,4.37,4.788,7.772,6.816,NA,NA
5414,6/15/2017,1519,H3090,F,1.02,CMM,33.925,10.029,5.362,5.11,3.199,6.225,3.442,4.021,7.983,7.158,NA,NA
5418,6/15/2017,1520,H3091,F,1.02,CMM,36.494,10.837,5.348,4.641,3.224,5.771,4.179,4.396,7.503,7.072,NA,NA
5967,9/18/2017,1640,H3091,F,1.43,CMM,38.679,11.408,5.66,4.808,3.411,6.234,4.501,4.964,8.327,8.003,NA,NA
5405,6/15/2017,1517,H3092,M,1.04,CMM,34.553,10.922,5.399,4.955,3.358,5.35,4.194,4.21,8.434,6.946,NA,NA
5402,6/15/2017,1516,H3093,F,0.73,CMM,33.51,9.215,4.994,4.13,2.67,4.831,2.919,3.33,6.01,5.31,NA,NA
5983,9/18/2017,1644,H3093,F,1.18,CMM,32.873,10.085,5.634,4.728,3.204,5.49,3.517,4.171,7.325,6.609,NA,NA
4984,1/22/2017,1391,H3094,F,0.65,CMM,29.406,9.462,5.033,4.106,2.936,4.313,3.21,3.362,6.136,5.058,NA,NA
5962,9/14/2017,1638,H3094,F,1.72,CMM,39.687,12.064,6.806,5.868,4.287,7.199,4.842,4.765,8.499,7.34,NA,NA
4880,12/4/2016,1356,H3095,M,0.35,CMM,23.359,7.766,4.3,3.558,2.69,3.229,2.11,2.627,4.837,4.149,NA,NA
4973,1/22/2017,1388,H3095,M,0.56,CMM,26.768,8.214,5.003,4.237,2.784,4.186,3.113,3.104,5.633,5.089,NA,NA
6043,9/28/2017,1661,H3095,M,2.31,CMM,41.357,11.525,7.413,5.811,4.246,6.527,4.976,5.295,10.394,8.993,NA,NA
4883,12/4/2016,1357,H3097,M,0.44,CMM,25.613,8.16,4.713,3.906,2.375,3.379,2.348,2.511,5.195,4.693,NA,NA
4975,1/22/2017,1389,H3097,M,0.77,CMM,29.163,9.245,5.27,4.497,2.991,4.529,2.721,3.286,5.914,5.502,NA,NA
6051,9/28/2017,1663,H3097,M,1.82,CMM,36.572,10.494,6.211,4.719,4.073,5.659,3.429,3.726,9.276,8.064,NA,NA
5395,6/15/2017,1515,H3098,M,1.02,CMM,34.584,10.674,5.41,4.692,3.173,5.375,3.997,4.819,8.463,7.085,NA,NA
4879,12/4/2016,1356,H3099,M,0.36,CMM,24.616,8.281,4.228,3.615,2.293,3.246,2.495,2.751,4.831,4.576,NA,NA
4972,1/22/2017,1388,H3099,M,0.78,CMM,30.041,9.342,5.262,4.515,2.849,4.278,2.653,3.298,5.972,5.645,NA,NA
6041,9/28/2017,1660,H3099,M,2.56,CMM,44.545,11.862,8.014,6.228,4.572,8.172,5.201,5.237,11.31,10.047,NA,NA
4774,12/3/2016,1334,H3102,F,0.35,CMM,25.605,7.972,4.805,3.518,2.328,3.183,2.01,2.459,4.986,4.549,NA,NA
5442,7/3/2017,1528,H3102,F,1.06,CMM,34.947,10.853,6.634,4.689,3.015,5.279,3.768,3.903,7.37,6.447,NA,NA
6050,9/28/2017,1662,H3102,F,1.53,CMM,35.922,10.458,6.352,4.794,3.773,6.297,3.845,3.938,8.173,7.222,NA,NA
5398,6/15/2017,1515,H3105,M,1,CMM,33.378,10.975,5.372,4.858,3.137,5.352,3.97,4.383,7.77,6.904,NA,NA
4978,1/22/2017,1389,H3106,F,0.68,CMM,29.287,9.407,4.993,4.087,3.006,4.608,3.658,4.031,5.952,5.86,NA,NA
6060,9/28/2017,1665,H3106,F,1.51,CMM,38.329,11.865,6.207,4.487,3.846,5.629,4.718,4.915,8.506,7.715,NA,NA
5393,6/15/2017,1514,H3108,M,0.74,CMM,32.711,10.103,5.374,3.908,2.813,4.069,2.973,3.344,6.78,5.983,NA,NA
6023,9/21/2017,1656,H3108,M,1.29,CMM,35.022,10.394,6.055,4.69,2.733,4.822,3.893,4.459,8.02,6.544,NA,NA
5335,6/12/2017,1497,H3109,M,1.76,CMM,42.481,12.576,8.493,5.587,3.844,7.379,4.615,4.87,9.159,8.126,NA,NA
5914,9/7/2017,1627,H3109,M,1.8,CMM,43.848,12.627,5.158,5.386,3.361,6.938,5.601,5.418,9.224,7.725,NA,NA
5375,6/14/2017,1508,H3111,M,1.07,CMM,35.716,10.83,5.435,4.939,3.039,5.873,4.073,4.818,7.977,7.537,NA,NA
5918,9/7/2017,1628,H3111,M,1.53,CMM,40.388,12.36,5.049,5.577,3.488,6.2,4.212,4.544,8.705,8.242,NA,NA
5396,6/15/2017,1515,H3114,F,1.01,CMM,35.711,10.525,5.128,4.385,3.228,5.735,3.878,4.844,7.848,6.395,NA,NA
5963,9/14/2017,1639,H3114,F,1.24,CMM,38.152,11.761,6.366,5.882,3.727,6.197,4.07,4.875,9.005,8.16,NA,NA
5397,6/15/2017,1515,H3115,F,1.07,CMM,35.713,10.732,5.068,4.788,3.428,5.549,3.967,4.325,7.636,6.859,NA,NA
5986,9/18/2017,1644,H3115,F,1.23,CMM,35.356,10.556,5.475,4.398,3.051,6.414,3.94,4.05,7.444,6.694,NA,NA
5448,7/3/2017,1530,H3116,M,0.91,CMM,33.928,11.082,7.435,4.969,3.322,4.929,4.149,4.18,7.53,6.439,NA,NA
6059,9/28/2017,1665,H3116,M,1.33,CMM,36.282,11.15,6.554,4.832,3.124,6.35,4.489,4.634,8.258,7.622,NA,NA
5449,7/3/2017,1530,H3117,M,0.9,CMM,32.269,10.071,7.186,4.639,2.938,5.011,3.774,4.029,7.706,6.482,NA,NA
5394,6/15/2017,1514,H3120,F,0.85,CMM,35.613,10.45,5.068,4.904,3.268,5.783,3.41,4.129,8.036,6.628,NA,NA
5445,7/3/2017,1529,H3121,F,1.12,CMM,35.408,10.891,7.129,4.428,2.935,5.729,3.576,4.008,8.411,7.129,NA,NA
6057,9/28/2017,1664,H3121,F,1.51,CMM,39.492,11.862,6.314,4.524,3.405,6.759,4.749,5.126,8.983,8.142,NA,NA
5443,7/3/2017,1529,H3122,F,0.95,CMM,33.798,10.648,7.137,4.813,3.252,5.311,3.789,3.938,8.078,6.568,NA,NA
6056,9/28/2017,1664,H3122,F,1.44,CMM,35.471,10.218,6.475,4.86,3.206,6.822,4.258,4.326,9.303,7.825,NA,NA
4982,1/22/2017,1390,H3123,M,0.62,CMM,27.746,8.766,4.89,3.984,2.82,3.923,2.902,3.206,5.478,5.049,NA,NA
6024,9/21/2017,1656,H3123,M,1.57,CMM,38.844,11.985,6.447,5.168,3.923,6.698,4.24,4.542,8.603,7.76,NA,NA
4771,12/3/2016,1334,H3125,F,0.23,CMM,22.787,7.133,4.8,NA,2.192,3.143,2.203,2.45,4.355,3.646,NA,NA
5439,7/3/2017,1528,H3125,F,0.99,CMM,33.673,10.187,7.115,5.161,2.84,5.336,3.36,3.668,7.12,5.787,NA,NA
4773,12/3/2016,1334,H3126,M,0.26,CMM,23.008,7.53,4.581,3.393,2.022,3.192,2.324,2.613,4.761,3.72,NA,NA
5441,7/3/2017,1528,H3126,M,1.16,CMM,34.988,10.96,7.777,5.235,3.284,5.805,3.581,4.148,8.074,6.867,NA,NA
4772,12/3/2016,1334,H3127,M,0.29,CMM,24.116,7.571,4.868,NA,2.347,3.05,2.187,2.361,5.094,4.419,NA,NA
5440,7/3/2017,1528,H3127,M,1.06,CMM,35.874,10.865,7.684,5.33,3.628,6.034,4.008,4.402,7.868,6.877,NA,NA
5447,7/3/2017,1530,H3128,F,0.79,CMM,31.501,10.308,6.752,4.521,2.858,4.268,3.336,3.677,7.537,6.121,NA,NA
6058,9/28/2017,1664,H3128,F,1.12,CMM,33.795,10.067,5.514,4.468,3.272,5.605,3.486,3.946,7.901,6.833,NA,NA
4764,12/3/2016,1332,H3130,M,0.26,CMM,22.851,6.983,4.272,2.882,2.1,2.847,2.248,2.4,4.583,3.847,NA,NA
5432,7/3/2017,1526,H3130,M,1.01,CMM,33.891,10.442,7.84,4.71,3.201,4.788,3.324,3.501,7.95,6.663,NA,NA
6044,9/28/2017,1661,H3130,M,2.16,CMM,40.31,12.231,7.613,5.577,4.006,6.507,4.717,5.175,10.183,8.359,NA,NA
4977,1/22/2017,1389,H3131,F,0.68,CMM,29.384,9.411,5.211,3.726,2.77,4.463,3.425,3.555,6.629,5.754,NA,NA
6055,9/28/2017,1664,H3131,F,2.05,CMM,39.475,10.926,6.497,5.341,4.219,5.925,3.863,4.51,10.331,8.328,NA,NA
4882,12/4/2016,1357,H3132,M,0.36,CMM,24.999,8.377,4.588,2.863,2.378,3.404,2.671,2.762,4.908,4.29,NA,NA
4976,1/22/2017,1389,H3132,M,0.6,CMM,28.92,9.29,4.809,4.187,2.607,4.023,2.858,3.351,5.723,5.057,NA,NA
6049,9/28/2017,1662,H3132,M,1.99,CMM,41.676,11.462,7.274,5.876,3.599,7.022,4.912,5.147,10.13,8.597,NA,NA
5446,7/3/2017,1529,H3133,M,1.07,CMM,33.931,10.684,7.338,4.926,3.492,5.956,4.143,4.259,8.804,7.55,NA,NA
6054,9/28/2017,1663,H3133,M,1.64,CMM,36.626,11.107,5.931,4.528,3.411,6.626,4.93,5.335,8.781,8.185,NA,NA
4768,12/3/2016,1333,H3134,F,0.23,CMM,23.195,7.355,4.79,3.183,2.232,2.81,2.184,2.569,4.332,3.978,NA,NA
5437,7/3/2017,1527,H3134,F,0.8,CMM,31.808,9.905,6.788,4.518,3.191,4.858,3.152,3.4,7.034,5.592,NA,NA
4770,12/3/2016,1333,H3135,M,0.24,CMM,23.333,7.739,4.628,3.033,2.194,3.113,2.502,2.704,4.664,3.923,NA,NA
5438,7/3/2017,1527,H3135,M,1.06,CMM,34.508,11.08,7.719,5.104,3.754,5.902,3.511,3.909,8.169,6.424,NA,NA
6048,9/28/2017,1662,H3135,M,1.71,CMM,40.39,11.834,7.177,4.995,4.124,7.302,5.199,5.403,10.193,8.822,NA,NA
4766,12/3/2016,1333,H3136,M,0.25,CMM,22.965,6.963,4.862,2.999,2.192,3.138,2.171,2.357,4.669,3.716,NA,NA
5434,7/3/2017,1526,H3136,M,0.86,CMM,33.47,10.014,7.309,4.521,3.105,5.211,3.529,4.065,7.028,6.063,NA,NA
6045,9/28/2017,1661,H3136,M,1.73,CMM,38.563,10.888,6.814,5.737,3.635,6.691,4.528,5.172,8.936,7.704,NA,NA
4750,12/3/2016,1329,H3137,F,0.33,CMM,24.345,7.749,5.208,3.557,2.544,3.357,2.508,2.593,5.444,4.575,NA,NA
5515,7/6/2017,1547,H3137,F,1.01,CMM,34.097,10.307,5.6,4.978,3.561,5.513,3.882,4.063,7.819,6.894,NA,NA
5444,7/3/2017,1529,H3139,M,1.01,CMM,34.492,11.134,6.821,4.944,3.612,6.194,4.07,4.678,8.065,6.912,NA,NA
6053,9/28/2017,1663,H3139,M,1.48,CMM,42.881,12.657,6.909,5.994,3.954,6.742,4.277,5.161,10.043,7.728,NA,NA
4760,12/3/2016,1331,H3140,F,0.22,CMM,21.298,6.923,4.214,3.089,1.957,3.14,1.907,2.033,4.328,3.665,NA,NA
5428,7/3/2017,1525,H3140,F,1.06,CMM,34.571,10.387,6.995,4.545,3.235,5.423,3.398,3.797,7.004,6.601,NA,NA
6038,9/28/2017,1659,H3140,F,1.52,CMM,36.937,10.553,5.757,4.432,3.828,5.796,3.66,3.984,8.294,6.549,NA,NA
4877,12/4/2016,1356,H3141,M,0.36,CMM,23.366,7.652,4.084,3.462,2.326,3.333,2.292,2.619,4.626,4.121,NA,NA
4970,1/22/2017,1388,H3141,M,0.66,CMM,28.375,9.137,5.174,4.742,3.309,4.955,3.069,3.508,5.901,5.138,NA,NA
5530,7/13/2017,1551,H3141,M,1.91,CMM,41.499,11.993,6.227,5.828,4.011,7.445,4.148,5.437,9.024,8.054,NA,NA
4875,12/4/2016,1355,H3142,F,0.37,CMM,25.067,8.169,4.114,3.397,2.272,3.624,2.637,2.71,4.679,4.495,NA,NA
4969,1/22/2017,1387,H3142,F,0.61,CMM,28.539,9.113,5.245,4.434,2.839,4.421,3.523,3.709,6.056,5.654,NA,NA
5528,7/13/2017,1551,H3142,F,1.35,CMM,36.097,10.739,5.871,4.737,3.335,6.199,4.492,4.39,8.439,8.051,NA,NA
4752,12/3/2016,1330,H3145,F,0.25,CMM,22.603,7.096,4.711,3.085,2.17,3.221,2.392,2.539,4.57,4.158,NA,NA
5517,7/6/2017,1548,H3145,F,0.87,CMM,32.538,9.824,5.28,4.959,3.295,6.257,4.314,4.497,7.7,7.13,NA,NA
4742,12/3/2016,1328,H3146,F,0.26,CMM,22.457,7.119,4.728,3.334,2.065,3.241,2.402,2.704,4.83,4.279,NA,NA
5508,7/6/2017,1545,H3146,F,0.9,CMM,31.314,9.78,5.14,4.729,3.13,5.514,3.67,3.911,7.286,6.46,NA,NA
4871,12/4/2016,1355,H3147,M,0.3,CMM,22.382,7.342,4.203,3.44,2.182,3.055,2.424,2.517,4.733,4.001,NA,NA
4965,1/22/2017,1387,H3147,M,0.56,CMM,26.597,9.068,5.896,4.277,2.82,4.24,3.225,3.377,6.128,5.63,NA,NA
5524,7/13/2017,1550,H3147,M,1.54,CMM,36.772,11.226,6.377,5.473,3.513,6.848,4.652,4.927,8.463,7.825,NA,NA
4765,12/3/2016,1332,H3148,M,0.24,CMM,23.41,7.327,4.493,2.896,1.938,3.777,2.185,2.643,4.82,4.242,NA,NA
5431,7/3/2017,1526,H3148,M,0.96,CMM,35.205,11.063,7.135,5.044,3,5.121,4.31,4.583,7.997,6.879,NA,NA
6046,9/28/2017,1661,H3148,M,1.55,CMM,37.641,11.485,6.057,5.359,3.396,5.554,4.126,4.863,8.351,7.596,NA,NA
4767,12/3/2016,1333,H3149,M,0.24,CMM,23.076,7.146,5.042,3.096,2.227,3.397,2.028,2.163,4.429,3.84,NA,NA
5435,7/3/2017,1527,H3149,M,1.1,CMM,36.63,11.212,7.354,4.984,2.764,5.684,4.241,4.647,8.243,7.03,NA,NA
6042,9/28/2017,1660,H3149,M,1.93,CMM,42.687,11.968,6.532,5.102,3.79,6.773,5.079,5.756,10.27,8.331,NA,NA
4791,12/3/2016,1338,H3150,M,0.26,CMM,22.514,7.29,4.626,3.351,2.337,3.499,2.422,2.584,4.69,3.88,NA,NA
5433,7/3/2017,1526,H3150,M,0.98,CMM,33.542,10.25,7.725,5.584,3.384,5.56,3.554,3.882,8.396,6.731,NA,NA
4876,12/4/2016,1356,H3153,M,0.33,CMM,23.573,7.864,4.31,3.202,2.297,3.104,2.543,2.549,4.637,4.216,NA,NA
5008,1/22/2017,1396,H3153,M,0.56,CMM,26.817,8.544,4.741,4.011,2.874,3.609,2.572,2.998,5.536,4.799,NA,NA
5529,7/13/2017,1551,H3153,M,2.04,CMM,40.536,11.907,6.372,6.577,4.432,7.723,4.944,5.777,8.621,7.651,NA,NA
4873,12/4/2016,1355,H3154,F,0.26,CMM,21.885,7.257,4.219,3.337,2.386,3.227,2.164,2.429,4.68,4.196,NA,NA
4966,1/22/2017,1387,H3154,F,0.65,CMM,27.908,8.753,5.272,4.046,2.615,4.271,2.811,3.378,5.871,5.285,NA,NA
5527,7/13/2017,1550,H3154,F,0.99,CMM,34.786,10.755,5.25,5.016,3.158,5.006,4.099,4.178,7.65,7.008,NA,NA
4759,12/3/2016,1331,H3156,M,0.24,CMM,22.996,7.532,4.592,3.01,2.123,3.128,2.281,2.456,4.513,3.949,NA,NA
5523,7/6/2017,1549,H3156,M,1.08,CMM,36.602,11.284,5.714,5.261,3.18,6.228,4.251,4.377,7.868,7.421,NA,NA
4744,12/3/2016,1328,H3158,F,0.31,CMM,24.072,7.578,4.621,3.406,2.102,3.242,2.588,2.674,5.032,4.3,NA,NA
5509,7/6/2017,1546,H3158,F,0.86,CMM,33.737,10.238,5.182,4.498,3.418,5.197,3.981,3.96,7.778,6.388,NA,NA
4878,12/4/2016,1356,H3159,M,0.38,CMM,25.908,8.493,4.498,3.271,2.399,3.355,2.277,2.438,4.637,4.324,NA,NA
4971,1/22/2017,1388,H3159,M,0.58,CMM,29.121,8.86,4.988,3.803,2.476,3.659,2.477,2.67,5.428,5.118,NA,NA
6037,9/28/2017,1659,H3159,M,2.07,CMM,40.713,11.711,6.288,5.079,3.476,5.883,4.72,4.745,9.914,8.618,NA,NA
5430,7/3/2017,1525,H3160,F,0.9,CMM,32.505,10.119,4.51,4.859,3.075,5.322,3.939,4.36,7.447,6.434,AS - Remeasured Head Width,RM Set 1
4763,12/3/2016,1332,H3160,F,0.23,CMM,21.991,7.158,3.91,3.285,2.124,3.081,2.297,2.51,4.45,3.928,NA,NA
6040,9/28/2017,1660,H3160,F,1.4,CMM,35.216,10.647,6.124,5.576,3.334,5.76,4.141,4.494,8.281,7.283,NA,NA
4762,12/3/2016,1332,H3164,M,0.3,CMM,23.418,7.6,5.026,3.574,2.292,3.786,2.526,2.829,4.728,4.334,NA,NA
5429,7/3/2017,1525,H3164,M,1.16,CMM,37.157,11.501,7.1,5.14,3.352,5.292,4.421,4.966,8.18,7.215,NA,NA
6039,9/28/2017,1659,H3164,M,1.67,CMM,43.985,13.398,7.356,6.357,4.007,6.487,4.149,4.646,10.327,8.328,NA,NA
4761,12/3/2016,1331,H3165,F,0.22,CMM,21.652,7.053,4.297,3.111,1.888,2.842,2.001,2.556,4.692,4.145,NA,NA
6036,9/28/2017,1659,H3165,F,1.43,CMM,37.585,11.123,6.497,4.665,3.454,6.432,4.794,5.269,9.956,9.12,NA,NA
4872,12/4/2016,1355,H3169,M,0.23,CMM,20.58,6.994,3.862,3.254,2.083,3.126,2.176,2.175,4.384,3.739,NA,NA
4967,1/22/2017,1387,H3169,M,0.54,CMM,25.56,8.316,5.14,3.777,2.37,3.731,2.516,3.094,5.687,5.005,NA,NA
5526,7/13/2017,1550,H3169,M,1.36,CMM,36.085,11.064,5.847,5.534,3.256,5.248,4.336,4.442,8.165,7.772,NA,NA
4870,12/4/2016,1354,H3170,F,0.29,CMM,23.663,7.457,4.199,3.059,2.014,3.195,2.207,2.389,4.584,4.14,NA,NA
4758,12/3/2016,1331,H3172,F,0.23,CMM,22.163,7.249,4.635,3.148,1.953,2.878,1.737,1.95,4.541,3.594,NA,NA
5427,7/3/2017,1525,H3172,F,0.98,CMM,34.565,10.48,6.944,4.432,3.211,5.176,3.438,3.565,7.183,6.424,NA,NA
4754,12/3/2016,1330,H3173,M,0.21,CMM,21.105,6.925,4.58,3.049,2.163,3,2.125,2.309,4.675,4.163,NA,NA
5520,7/6/2017,1548,H3173,M,0.75,CMM,32.067,10.486,5.329,4.466,2.832,5.233,3.9,4.163,7.602,6.95,NA,NA
4753,12/3/2016,1330,H3175,M,0.26,CMM,21.644,7.218,4.915,3.147,2.194,3.065,2.111,2.346,4.411,3.8,NA,NA
5518,7/6/2017,1548,H3175,M,1,CMM,35.576,10.979,5.571,4.561,3.396,5.596,4.195,4.574,7.61,7.147,NA,NA
4755,12/3/2016,1330,H3177,M,0.25,CMM,21.995,7.506,4.243,2.879,2.045,2.904,1.842,2.363,4.455,3.767,NA,NA
5519,7/6/2017,1548,H3177,M,0.78,CMM,33.053,10.498,5.586,4.359,3.019,5.485,3.877,4.029,7.154,6.419,NA,NA
4756,12/3/2016,1330,H3178,M,0.26,CMM,22.94,7.184,4.699,3.297,2.353,2.796,2.066,2.172,4.515,3.838,NA,NA
5521,7/6/2017,1549,H3178,M,0.97,CMM,34.554,10.652,5.538,4.83,3.317,5.004,3.866,4.274,8.409,6.9,NA,NA
4757,12/3/2016,1331,H3180,F,0.26,CMM,23.324,7.346,4.606,3.378,2.274,3.543,2.022,2.403,4.761,4.067,NA,NA
5522,7/6/2017,1549,H3180,F,0.89,CMM,35.026,10.612,5.267,4.334,3.284,5.972,3.741,4.123,7.739,7.262,NA,NA
4842,12/3/2016,1348,H3185,F,0.28,CMM,23.565,7.666,4.051,3.303,2.064,3.091,2.332,2.338,4.641,3.898,NA,NA
5502,7/6/2017,1544,H3185,F,0.86,CMM,33.092,9.951,5.595,4.725,2.999,5.619,3.483,3.311,6.71,6.587,NA,NA
4746,12/3/2016,1328,H3187,F,0.27,CMM,21.723,7.165,4.939,3.323,2.303,3.393,2.379,2.455,4.759,3.93,NA,NA
5511,7/6/2017,1546,H3187,F,0.92,CMM,33.304,10.899,5.409,5.106,3.503,6.19,3.989,4.375,8.029,6.675,NA,NA
4749,12/3/2016,1329,H3191,M,0.29,CMM,23.639,7.477,4.743,3.78,2.167,3.098,2.024,2.236,4.823,3.936,NA,NA
5514,7/6/2017,1547,H3191,M,1.03,CMM,36.283,11.244,5.648,5.386,3.724,5.665,4.491,4.649,8.475,7.274,NA,NA
5494,7/6/2017,1542,H3192,F,0.9,CMM,31.8,9.53,5.069,4.495,3.025,5.302,3.426,3.665,7.722,6.916,NA,NA
4745,12/3/2016,1328,H3193,M,0.27,CMM,22.64,7.508,5.034,3.508,2.441,3.456,1.989,2.127,4.772,3.847,NA,NA
5510,7/6/2017,1546,H3193,M,1.1,CMM,35.638,11.383,5.456,4.925,3.564,6.278,4.122,4.512,7.795,6.788,NA,NA
4751,12/3/2016,1329,H3196,M,0.24,CMM,21.931,7.559,5.012,3.107,2.245,2.775,1.844,2.201,4.741,3.921,NA,NA
5516,7/6/2017,1547,H3196,M,1.01,CMM,34.934,11.112,5.649,5.06,3.409,5.022,3.746,4.314,7.691,7.061,NA,NA
4743,12/3/2016,1328,H3197,M,0.25,CMM,22.813,7.457,4.789,3.002,2.129,2.926,2.298,2.567,4.859,4.382,NA,NA
5507,7/6/2017,1545,H3197,M,0.85,CMM,33.28,10.503,5.632,4.533,3.15,5.502,4.34,4.313,7.985,7.06,NA,NA
4747,12/3/2016,1329,H3202,M,0.29,CMM,23.781,7.766,4.961,3.819,2.194,3.486,2.165,2.626,4.854,4.067,AS - Remeasured Pectoral,RM Set 1
5512,7/6/2017,1546,H3202,M,0.91,CMM,34.979,10.931,5.384,4.723,3.386,5.491,4.183,4.228,7.444,6.938,NA,NA
4846,12/3/2016,1349,H3203,M,0.25,CMM,22.869,7.369,3.947,3.115,2.022,3.256,2.218,2.381,4.405,4.122,NA,NA
5506,7/6/2017,1545,H3203,M,0.9,CMM,34.559,10.758,5.415,4.457,3.246,6.174,3.711,3.703,7.681,6.861,NA,NA
4748,12/3/2016,1329,H3204,M,0.28,CMM,22.799,7.556,4.975,3.168,2.08,2.895,2.256,2.594,4.839,3.87,NA,NA
5513,7/6/2017,1547,H3204,M,0.84,CMM,32.739,10.168,5.71,4.486,3.422,4.932,3.499,3.907,7.64,6.14,NA,NA
4874,12/4/2016,1355,H3207,M,0.32,CMM,22.86,7.198,4.189,3.503,2.092,3.299,2.516,2.584,4.434,4.046,NA,NA
4968,1/22/2017,1387,H3207,M,0.61,CMM,28.077,8.345,5.592,3.943,2.628,4.617,3.062,3.777,5.78,5.468,NA,NA
5525,7/13/2017,1550,H3207,M,1.38,CMM,42.537,11.966,6.279,6.169,3.936,7.167,5.261,5.476,9.215,8.955,NA,NA
4868,12/4/2016,1354,H3209,F,0.29,CMM,21.519,7.316,4.186,3.616,2.244,3.422,2.368,2.502,4.448,3.747,NA,NA
4869,12/4/2016,1354,H3211,F,0.3,CMM,23.294,7.356,4.283,3.277,2.392,3.204,1.953,2.108,4.332,4.058,NA,NA
4845,12/3/2016,1349,H3214,M,0.22,CMM,21.532,6.895,4.188,2.891,2.011,2.884,2.116,2.156,4.094,3.642,NA,NA
5505,7/6/2017,1545,H3214,M,0.77,CMM,32.522,10.441,5.146,4.729,3.252,5.763,3.826,3.844,7.53,6.588,NA,NA
4839,12/3/2016,1348,H3217,M,0.23,CMM,20.37,7.144,4.22,3.018,1.94,2.85,2.201,2.294,4.226,3.671,NA,NA
5499,7/6/2017,1543,H3217,M,0.85,CMM,31.847,10.071,5.447,4.59,3.022,4.678,3.27,3.723,7.546,6.555,NA,NA
4838,12/3/2016,1347,H3218,F,0.22,CMM,20.871,7.121,4.614,2.965,2.092,2.782,2.118,2.317,4.329,3.874,NA,NA
5498,7/6/2017,1543,H3218,F,1.03,CMM,34.063,10.782,5.584,4.924,3.435,6.006,4.123,4.261,8.022,7.208,NA,NA
4837,12/3/2016,1347,H3220,F,0.26,CMM,22.225,7.52,4.05,3.156,2.31,3.237,2.161,2.391,4.632,4.117,NA,NA
5497,7/6/2017,1543,H3220,F,0.91,CMM,33.912,10.736,5.719,4.713,3.449,6.273,3.918,4.173,7.367,7.322,NA,NA
4843,12/3/2016,1348,H3221,M,0.21,CMM,22.631,7.262,4.302,2.774,1.81,3.203,2.375,2.534,4.391,4.004,NA,NA
5503,7/6/2017,1544,H3221,M,0.75,CMM,33.5,10.657,5.216,4.925,2.946,5.335,3.498,3.92,7.785,7.702,NA,NA
4836,12/3/2016,1347,H3222,F,0.24,CMM,22.285,7.453,3.735,3.023,2.147,2.788,2.068,2.283,4.131,3.645,NA,NA
5496,7/6/2017,1542,H3222,F,0.99,CMM,36.04,11.178,5.538,5.33,3.905,6.006,4.076,4.703,7.734,7.427,NA,NA
4841,12/3/2016,1348,H3223,M,0.22,CMM,21.968,7.247,3.97,2.796,2.058,2.81,2.132,2.224,3.875,3.715,NA,NA
5501,7/6/2017,1544,H3223,M,1.01,CMM,35.155,11.128,5.664,4.727,3.772,6.095,4.142,4.314,7.651,6.422,NA,NA
4840,12/3/2016,1348,H3224,F,0.23,CMM,20.969,6.983,3.964,2.567,2.016,3.14,2.26,2.379,4.254,3.991,NA,NA
5500,7/6/2017,1543,H3224,F,1.01,CMM,33.322,10.467,5.773,4.986,3.285,5.883,4.714,4.682,8.344,7.522,NA,NA
4844,12/3/2016,1349,H3227,M,0.28,CMM,22.48,7.51,4.016,3.165,2.212,2.898,2.1,2.306,4.25,3.951,NA,NA
5504,7/6/2017,1544,H3227,M,0.98,CMM,34.477,10.725,5.627,5.04,3.403,6.873,4.123,4.21,8.206,6.998,NA,NA
5033,1/23/2017,1401,H3230,M,0.55,CMM,25.767,7.957,5.044,3.744,2.553,3.878,2.739,3.01,5.798,5.095,NA,NA
5551,7/13/2017,1556,H3230,M,1.12,CMM,35.244,10.415,6.201,4.917,3.08,5.748,3.975,4.214,8.505,7.658,NA,NA
5486,7/6/2017,1540,H3234,M,1,CMM,34.485,10.579,5.088,4.997,3.19,6.878,4.584,4.967,8.558,7.401,AS - Remeasured Humerus,RM Set 1
5005,1/22/2017,1395,H3235,M,0.6,CMM,27.095,8.624,4.597,3.921,2.769,3.823,3.066,3.156,5.528,4.956,NA,NA
5052,1/23/2017,1405,H3236,F,0.53,CMM,25.588,8.117,4.302,4.124,2.58,3.461,2.805,2.979,5.541,4.862,AS - Remeasured Head Width,RM Set 1
5564,7/13/2017,1560,H3236,F,1.1,CMM,31.729,9.562,6.518,4.414,2.74,5.412,3.181,3.379,7.3,6.199,NA,NA
5490,7/6/2017,1541,H3237,M,0.96,CMM,35.147,10.652,5.269,5.327,3.322,6.556,4.184,4.406,7.895,6.882,NA,NA
5485,7/6/2017,1540,H3238,M,0.9,CMM,33.907,10.544,5.235,4.933,2.89,5.992,3.941,3.818,7.016,6.285,NA,NA
5493,7/6/2017,1542,H3239,M,1.05,CMM,35.003,11.299,5.448,5.568,3.344,5.925,4.533,4.936,8.756,7.503,NA,NA
5491,7/6/2017,1541,H3240,F,0.85,CMM,34.177,10.173,5.068,4.642,3.483,5.428,3.773,4.563,7.452,6.862,NA,NA
5495,7/6/2017,1542,H3241,F,0.9,CMM,32.883,10.388,5.592,4.989,3.418,6.091,3.889,4.136,7.831,6.905,NA,NA
5484,7/6/2017,1539,H3243,M,0.95,CMM,34.112,10.532,7.124,4.783,2.835,5.577,3.629,3.751,7.712,6.516,NA,NA
5057,1/23/2017,1406,H3244,M,0.49,CMM,25.595,8.411,5.267,3.696,2.622,4.247,2.431,2.918,5.286,4.687,NA,NA
5481,7/6/2017,1539,H3244,M,0.91,CMM,33.813,10.71,7.034,4.97,3.318,5.267,3.814,4.281,7.231,6.539,NA,NA
5488,7/6/2017,1540,H3246,F,1.02,CMM,35.505,10.375,5.296,4.825,3.543,6.171,4.294,4.815,8.034,7.685,NA,NA
5489,7/6/2017,1541,H3247,M,0.89,CMM,33.955,10.51,5.388,4.942,3.27,5.703,4.254,4.527,7.554,7.044,NA,NA
5492,7/6/2017,1541,H3249,M,0.85,CMM,32.624,10.092,5.366,4.343,3.396,6.227,3.641,3.789,7.478,6.787,NA,NA
5487,7/6/2017,1540,H3252,M,1.07,CMM,34.934,11.001,5.642,4.9,3.746,5.863,4.098,4.615,8.699,7.055,NA,NA
4867,12/4/2016,1354,H3254,M,0.3,CMM,23.645,7.898,4.213,3.248,2.139,3.223,2.496,2.626,4.368,3.951,NA,NA
5482,7/6/2017,1539,H3256,M,1.04,CMM,34.081,10.572,7.487,5.019,3.127,5.615,3.528,4.149,8.528,7.013,NA,NA
5483,7/6/2017,1539,H3257,F,1.04,CMM,35.4,10.637,6.847,4.77,3.559,5.935,3.764,3.898,7.821,7.104,NA,NA
5561,7/13/2017,1559,H3259,M,1.07,CMM,34.618,10.016,6.99,5.306,3.284,4.183,2.756,3.021,7.857,6.662,AS - Remeasured Humerus,RM Set 1
5044,1/23/2017,1403,H3259,M,0.55,CMM,26.675,7.861,4.965,3.936,2.668,3.676,2.236,2.507,5.493,4.754,NA,NA
5028,1/23/2017,1400,H3260,M,0.49,CMM,25.715,8.103,5.221,3.919,3.08,4.071,3.156,3.435,6.241,5.241,NA,NA
5609,7/20/2017,1569,H3260,M,0.99,CMM,34.867,10.683,5.778,4.913,3.255,6.006,4.189,4.302,8.048,7.571,NA,NA
5034,1/23/2017,1401,H3262,M,0.42,CMM,24.299,7.755,4.737,3.615,2.455,3.694,2.582,2.673,5.678,5.176,NA,NA
5550,7/13/2017,1556,H3262,M,1.02,CMM,33.279,9.795,6.136,4.898,3.073,5.77,3.834,4.194,8.004,6.485,NA,NA
5051,1/23/2017,1405,H3265,M,0.41,CMM,24.376,8.16,5.665,3.389,2.387,3.728,2.537,2.993,5.701,4.644,NA,NA
5048,1/23/2017,1404,H3267,M,0.56,CMM,27.465,8.453,5.12,4.508,2.779,4.058,3.129,3.524,5.578,4.823,NA,NA
5563,7/13/2017,1559,H3267,M,1.21,CMM,36.022,11.242,6.978,4.983,3.107,6.041,4.303,4.533,7.835,6.689,NA,NA
5056,1/23/2017,1406,H3269,M,0.5,CMM,25.671,8.564,5.574,3.702,2.834,4.025,2.695,2.973,5.798,4.925,NA,NA
5480,7/6/2017,1538,H3269,M,0.83,CMM,32.957,10.405,7.196,4.602,2.928,4.908,3.485,3.668,7.414,6.448,NA,NA
5010,1/22/2017,1396,H3272,M,0.69,CMM,29.133,8.799,4.946,4.278,2.745,3.795,2.834,3.156,5.985,5.163,NA,NA
5050,1/23/2017,1405,H3273,F,0.39,CMM,24.361,7.964,5.36,3.824,2.261,3.967,2.387,2.598,4.957,4.358,NA,NA
5562,7/13/2017,1559,H3273,F,1,CMM,34.474,10.592,6.186,4.387,3.199,5.32,3.896,4.246,7.757,6.483,NA,NA
5043,1/23/2017,1403,H3276,M,0.49,CMM,25.717,7.688,4.665,3.484,2.385,3.921,2.468,2.798,4.875,4.316,NA,NA
5054,1/23/2017,1405,H3277,F,0.43,CMM,25.395,8.494,5.295,3.516,2.389,3.726,2.8,2.958,4.808,4.379,NA,NA
5478,7/6/2017,1538,H3277,F,0.9,CMM,33.891,10.536,7.158,4.552,3.145,5.428,3.727,4.134,7.173,6.214,NA,NA
5049,1/23/2017,1404,H3280,M,0.45,CMM,25.868,8.578,4.433,3.58,2.466,3.628,2.572,2.911,5.324,4.97,NA,NA
5053,1/23/2017,1405,H3281,F,0.49,CMM,27.027,8.702,5.39,4.123,2.781,4.257,2.832,3.221,5.576,4.868,NA,NA
5477,7/6/2017,1538,H3281,F,0.84,CMM,33.622,10.682,6.572,4.518,3.401,5.581,3.533,4.091,7.376,6.643,NA,NA
5061,1/23/2017,1407,H3282,F,0.46,CMM,25.083,8.195,4.855,3.591,2.257,3.78,2.429,2.655,5.298,4.543,NA,NA
5055,1/23/2017,1406,H3284,F,0.54,CMM,27.771,9.061,5.434,3.844,2.574,4.552,3.18,3.686,5.886,5.298,NA,NA
5479,7/6/2017,1538,H3284,F,0.97,CMM,34.203,10.429,7.094,4.651,3.468,6.096,4.121,4.344,7.852,6.955,NA,NA
5009,1/22/2017,1396,H3285,M,0.62,CMM,26.821,8.382,4.741,4.346,2.965,4.403,2.699,3.037,5.41,4.784,NA,NA
5004,1/22/2017,1395,H3287,F,0.6,CMM,26.672,9.006,4.784,4.11,2.906,4.067,3.006,3.33,5.733,4.937,NA,NA
4792,12/3/2016,1338,H3290,F,0.23,CMM,21.278,6.775,4.841,NA,1.952,3.37,2.182,2.444,5.008,3.786,NA,NA
5015,1/23/2017,1397,H3290,F,0.46,CMM,25.003,8.094,4.584,3.901,2.45,3.533,2.494,2.796,4.955,4.846,NA,NA
5599,7/20/2017,1567,H3290,F,0.9,CMM,31.14,9.697,5.208,4.625,2.912,5.972,3.813,3.966,7.275,6.844,NA,NA
5022,1/23/2017,1399,H3291,M,0.58,CMM,26.39,8.678,4.451,4.041,2.443,3.687,3.091,3.671,5.329,5.67,NA,NA
5605,7/20/2017,1568,H3291,M,1.13,CMM,35.48,10.996,5.924,4.905,3.436,6.231,3.851,4.036,8.422,7.657,NA,NA
5021,1/23/2017,1398,H3292,F,0.47,CMM,24.741,7.89,4.524,3.672,2.526,3.708,2.907,3.203,5.418,5.009,NA,NA
5604,7/20/2017,1568,H3292,F,0.91,CMM,32.833,10.038,5.157,4.39,2.873,5.592,3.551,3.881,6.837,6.263,NA,NA
5025,1/23/2017,1399,H3294,F,0.49,CMM,26.891,8.15,5.122,3.753,2.533,4.048,3.318,3.714,5.674,5.356,NA,NA
5042,1/23/2017,1403,H3296,M,0.36,CMM,23.751,7.399,4.512,3.19,2.206,3.18,2.054,2.552,5.09,4.617,NA,NA
5032,1/23/2017,1401,H3297,M,0.45,CMM,25.29,8.13,4.971,3.928,2.522,3.855,2.748,2.669,5.571,4.93,NA,NA
5549,7/13/2017,1556,H3297,M,1.11,CMM,34.748,10.795,5.738,4.837,2.92,4.826,4.15,4.453,7.852,6.831,NA,NA
5047,1/23/2017,1404,H3298,F,0.5,CMM,25.63,7.904,5.016,3.631,2.759,3.87,2.943,2.944,5.462,5.135,NA,NA
5560,7/13/2017,1559,H3298,F,0.99,CMM,34.35,10.579,6.422,4.985,3.469,6.648,4.083,4.524,8.302,6.966,NA,NA
5023,1/23/2017,1399,H3300,M,0.35,CMM,24.436,7.019,4.149,3.318,2.082,3.13,2.202,2.41,5.089,4.292,NA,NA
5030,1/23/2017,1400,H3302,M,0.35,CMM,23.784,7.727,4.539,3.309,2.499,3.358,2.463,2.787,5.462,5.157,AS - Remeasured Tibia,RM Set 1
5547,7/13/2017,1555,H3302,M,0.86,CMM,31.927,9.404,5.715,4.587,3.292,4.719,3.666,4.109,8.5,7.436,AS - Remeasured Tibia,RM Set 1
5036,1/23/2017,1401,H3303,M,0.46,CMM,25.762,7.787,4.846,3.634,2.334,4.139,3.034,3.459,5.515,5.091,NA,NA
5556,7/13/2017,1558,H3303,M,1.05,CMM,32.533,9.816,6.247,4.813,3.156,6.046,3.738,4.228,7.14,6.271,NA,NA
5035,1/23/2017,1401,H3304,F,0.36,CMM,25.629,8.038,4.394,3.43,2.364,3.945,2.567,2.853,5.184,4.888,NA,NA
5555,7/13/2017,1557,H3304,F,0.95,CMM,33.598,10.418,6.153,4.487,3.095,6.09,4.134,4.285,7.542,6.723,NA,NA
5026,1/23/2017,1399,H3305,M,0.47,CMM,26.094,8.686,4.933,3.778,2.716,4.111,2.806,2.853,5.625,5.281,NA,NA
5608,7/20/2017,1569,H3305,M,1.26,CMM,36.947,11.753,5.852,4.901,3.263,5.345,4.046,4.383,8.64,7.529,NA,NA
5041,1/23/2017,1402,H3306,F,0.45,CMM,25.221,8.066,4.937,3.469,2.402,3.503,2.538,2.703,5.32,4.767,NA,NA
5557,7/13/2017,1558,H3306,F,1.15,CMM,36.674,11.069,6.577,4.605,3.623,5.461,2.922,3.259,8.286,6.77,NA,NA
5037,1/23/2017,1402,H3307,M,0.34,CMM,24.465,7.811,4.619,3.294,2.257,3.818,2.683,2.678,5.202,4.421,NA,NA
5554,7/13/2017,1557,H3307,M,1.29,CMM,36.393,10.636,7.79,5.337,3.34,6.058,4.504,4.766,8.816,7.274,NA,NA
4999,1/22/2017,1394,H3308,F,0.58,CMM,28.481,8.676,4.887,3.762,2.71,3.793,2.835,3.249,5.538,5.09,NA,NA
5039,1/23/2017,1402,H3309,F,0.6,CMM,28.26,8.739,4.957,4.235,2.774,3.911,3.141,3.56,5.803,5.168,NA,NA
5046,1/23/2017,1403,H3310,M,0.46,CMM,25.208,7.731,4.448,3.525,1.639,3.704,2.547,2.67,4.885,4.275,AS - Remeasured Pelvic,RM Set 1
5559,7/13/2017,1558,H3310,M,0.86,CMM,30.771,9.293,6.253,4.508,2.624,5.312,3.168,3.254,6.712,5.864,NA,NA
5006,1/22/2017,1395,H3311,M,0.64,CMM,27.801,8.914,4.802,4.172,2.623,4.48,2.64,3.331,5.92,5.304,NA,NA
5029,1/23/2017,1400,H3313,F,0.4,CMM,25.841,7.939,5.097,3.479,2.446,3.743,2.429,2.652,5.168,4.689,NA,NA
5060,1/23/2017,1407,H3313,F,0.51,CMM,26.557,8.447,5.338,3.665,2.454,4.109,2.473,2.774,5.463,4.741,NA,NA
5546,7/13/2017,1555,H3313,F,0.96,CMM,32.281,9.892,6.004,4.308,3.081,5.234,3.762,4.12,7.008,6.179,NA,NA
5007,1/22/2017,1395,H3315,M,0.58,CMM,28.284,8.637,4.781,3.286,2.899,4.042,2.488,3.095,6.028,5.395,NA,NA
5040,1/23/2017,1402,H3316,F,0.38,CMM,25.228,7.647,4.713,3.642,2.266,3.533,2.918,3.027,5.143,4.874,NA,NA
5553,7/13/2017,1557,H3316,F,1.03,CMM,33.58,10.07,7.108,5.107,3.558,4.898,3.683,4.024,7.879,6.989,NA,NA
5045,1/23/2017,1403,H3317,F,0.53,CMM,25.897,8.361,4.426,3.828,2.337,3.68,2.401,2.465,5.118,4.567,NA,NA
5558,7/13/2017,1558,H3317,F,1.11,CMM,34.427,10.48,7.063,5.304,3.107,5.32,3.208,3.947,7.031,6.289,NA,NA
5038,1/23/2017,1402,H3318,M,0.51,CMM,26.376,8.296,5.1,3.567,2.793,4.15,2.807,2.994,5.585,4.831,NA,NA
5537,7/13/2017,1553,H3318,M,1.1,CMM,36.689,10.898,6.403,4.477,3.268,5.964,4.141,4.148,8.263,7.755,NA,NA
5031,1/23/2017,1400,H3319,M,0.38,CMM,25.339,7.809,5.006,3.262,2.511,3.837,2.681,3.104,5.169,4.804,NA,NA
5548,7/13/2017,1556,H3319,M,0.94,CMM,34.379,10.576,5.975,4.352,3.165,5.599,4.235,4.953,8.257,7.339,NA,NA
5027,1/23/2017,1400,H3320,F,0.43,CMM,24.868,7.771,4.822,3.805,2.235,3.545,2.346,2.496,5.484,4.825,NA,NA
5607,7/20/2017,1569,H3320,F,0.96,CMM,34.148,10.312,5.425,4.463,3.346,5.563,3.795,4.194,6.944,6.552,NA,NA
5000,1/22/2017,1394,H3322,F,0.51,CMM,25.964,8.23,4.828,4.3,2.76,3.762,2.542,2.748,5.487,4.662,NA,NA
4790,12/3/2016,1337,H3323,F,0.23,CMM,21.084,7.063,4.548,3.339,2.09,3.099,1.786,2.093,4.457,3.934,NA,NA
4888,12/4/2016,1358,H3323,M,0.27,CMM,21.865,7.014,4.093,3.093,2.139,3.204,2.219,2.406,4.409,3.665,NA,NA
4997,1/22/2017,1393,H3323,M,0.5,CMM,26.691,8.497,4.58,3.778,2.596,3.849,2.487,2.694,5.371,4.712,NA,NA
5014,1/23/2017,1397,H3323,F,0.49,CMM,24.913,8.334,4.543,3.662,2.416,3.752,2.723,2.719,4.987,4.334,NA,NA
5020,1/23/2017,1398,H3325,M,0.53,CMM,26.8,7.921,5.066,3.609,2.588,3.875,2.993,3.377,5.43,4.788,NA,NA
5603,7/20/2017,1568,H3325,M,1.13,CMM,35.191,10.429,5.791,5.145,3.182,6.748,3.809,4.029,8.083,7.034,NA,NA
4887,12/4/2016,1358,H3326,M,0.32,CMM,22.053,7.209,4.054,3.144,2.111,2.924,1.878,1.981,4.107,3.87,NA,NA
4998,1/22/2017,1393,H3326,M,0.58,CMM,28.093,9.234,4.704,3.977,2.693,4.005,2.915,3.231,5.453,4.895,NA,NA
4779,12/3/2016,1335,H3330,M,0.28,CMM,23.464,7.763,4.821,3.252,2.271,3.618,2.222,2.528,4.826,4.386,NA,NA
4778,12/3/2016,1335,H3333,M,0.24,CMM,21.922,6.907,4.779,NA,2.043,2.743,1.803,1.987,4.37,4.066,NA,NA
5017,1/23/2017,1398,H3334,M,0.51,CMM,26.572,8.507,5.097,3.802,2.521,3.764,2.768,2.923,5.437,5.23,NA,NA
5602,7/20/2017,1568,H3334,M,1.1,CMM,35.276,10.993,6.119,5.24,3.474,5.532,3.721,4.241,8.131,7.305,NA,NA
5001,1/22/2017,1394,H3336,F,0.61,CMM,28.525,9.416,4.855,4.473,3.254,4.186,3.028,3.192,6.05,5.352,NA,NA
4886,12/4/2016,1358,H3337,M,0.28,CMM,22.058,7.492,3.918,3.18,1.99,2.772,1.878,2.002,4.275,4.019,NA,NA
4996,1/22/2017,1393,H3337,M,0.53,CMM,26.07,8.482,4.666,4.386,2.857,3.669,2.502,2.771,5.509,4.716,NA,NA
4781,12/3/2016,1336,H3338,F,0.24,CMM,22.391,6.9,4.651,2.813,1.952,3.253,2.07,2.51,4.568,3.862,NA,NA
5651,7/27/2017,1577,H3338,F,1.09,CMM,35.135,10.019,5.496,4.876,2.95,6.718,4.581,5.101,8.817,7.747,NA,NA
5024,1/23/2017,1399,H3339,F,0.46,CMM,25.818,7.494,4.789,3.659,2.375,3.934,3.138,2.959,5.05,4.69,NA,NA
5606,7/20/2017,1569,H3339,F,0.9,CMM,33.233,9.904,5.337,4.638,3.342,5.602,3.778,3.897,7.197,6.39,NA,NA
5019,1/23/2017,1398,H3340,M,0.38,CMM,24.205,8.291,4.733,3.692,2.317,3.706,2.507,2.886,5.024,4.2,NA,NA
5601,7/20/2017,1567,H3340,M,0.95,CMM,34.241,10.934,5.448,4.405,3.142,5.617,3.351,4.247,7.147,6.765,NA,NA
4789,12/3/2016,1337,H3341,M,0.18,CMM,20.768,6.162,4.58,3.553,1.904,2.906,1.909,2.093,4.301,3.59,AS - Remeasured Pectoral,RM Set 1
5013,1/23/2017,1397,H3341,M,0.39,CMM,24.38,7.681,4.246,3.952,2.318,3.195,2.39,2.733,5.094,4.931,NA,NA
5598,7/20/2017,1567,H3341,M,1.04,CMM,33.678,10.136,5.66,5.091,3.208,5.319,2.931,3.48,7.64,7.075,NA,NA
5018,1/23/2017,1398,H3344,F,0.52,CMM,25.953,7.796,4.863,3.664,2.392,3.544,2.786,3.152,5.468,5.023,NA,NA
5600,7/20/2017,1567,H3344,F,0.98,CMM,33.11,10.291,5.338,4.764,3.181,6.027,3.39,3.681,7.41,6.937,NA,NA
4788,12/3/2016,1337,H3345,F,0.22,CMM,22.243,7.251,4.634,3.067,2.093,3.103,2.074,2.54,4.414,3.909,AS - Remeasured Pectoral,RM Set 1
5012,1/23/2017,1397,H3345,F,0.5,CMM,25.777,8.303,4.475,4.035,2.551,4.145,2.125,2.536,5.165,4.503,NA,NA
5597,7/20/2017,1566,H3345,F,1.09,CMM,34.314,10.233,5.797,4.947,3.079,5.544,4.275,4.834,8.018,6.925,NA,NA
5002,1/22/2017,1394,H3347,F,0.56,CMM,27.853,8.7,4.558,3.796,2.573,3.915,2.68,2.59,5.288,4.67,NA,NA
4787,12/3/2016,1337,H3349,M,0.19,CMM,20.373,6.802,4.531,2.873,1.867,2.666,1.901,2.057,4.147,3.53,NA,NA
5595,7/20/2017,1566,H3349,M,1.16,CMM,35.92,10.882,5.637,4.898,3.3,5.825,3.918,4.042,7.855,6.955,NA,NA
4782,12/3/2016,1336,H3350,F,0.23,CMM,21.892,7.232,4.478,3.234,1.866,2.731,1.741,2.12,4.743,3.803,NA,NA
5652,7/27/2017,1577,H3350,F,1.02,CMM,32.98,9.92,5.442,4.458,2.961,5.952,4.168,4.61,6.602,5.812,NA,NA
4785,12/3/2016,1336,H3351,M,0.26,CMM,23.238,7.441,4.94,2.892,2.027,3.081,2.42,2.623,4.769,4.067,NA,NA
5594,7/20/2017,1566,H3351,M,1.32,CMM,37.068,11.162,6.019,4.74,3.585,7.006,4.551,4.741,9.404,7.915,NA,NA
4786,12/3/2016,1337,H3353,F,0.26,CMM,22.2,7.366,4.143,2.933,2.031,3.006,2.009,2.357,4.784,4.255,NA,NA
5593,7/20/2017,1565,H3353,F,1.22,CMM,35.322,10.615,5.422,4.8,3.766,7.087,4.142,4.376,8.402,7.806,NA,NA
4793,12/3/2016,1338,H3354,M,0.18,CMM,20.637,7.292,4.629,2.948,2.009,2.794,2.067,2.35,4.053,3.533,NA,NA
5016,1/23/2017,1397,H3354,M,0.41,CMM,25.476,8.257,4.38,3.444,2.284,3.165,2.469,2.59,4.914,4.496,NA,NA
5596,7/20/2017,1566,H3354,M,1,CMM,34.295,10.89,5.885,4.615,3.199,5.962,4.3,4.367,7.923,7.122,NA,NA
4783,12/3/2016,1336,H3356,M,0.28,CMM,23.248,7.586,4.707,3.112,2.278,3.284,2.326,2.572,4.712,3.955,NA,NA
5649,7/27/2017,1577,H3356,M,1.21,CMM,36.702,10.978,5.915,5.042,3.501,6.021,4.206,4.765,8.76,7.667,NA,NA
4780,12/3/2016,1335,H3357,M,0.24,CMM,21.984,6.804,4.463,2.959,1.934,2.902,2.379,2.61,4.223,3.637,NA,NA
5653,7/27/2017,1577,H3357,M,1.08,CMM,37.089,11.029,5.522,4.587,3.181,6.014,4.595,4.657,8.054,7.349,NA,NA
4784,12/3/2016,1336,H3359,M,0.31,CMM,22.301,7.327,4.799,3.484,2.216,3.093,2.008,2.207,4.68,4.005,NA,NA
5650,7/27/2017,1577,H3359,M,1.13,CMM,35.806,9.991,5.41,4.746,3.303,5.519,3.691,4.071,8.075,7.22,NA,NA
4884,12/4/2016,1357,H3363,F,0.32,CMM,20.826,6.569,4.261,3.424,2.201,2.811,2.256,2.308,3.907,3.334,NA,NA
4994,1/22/2017,1393,H3363,F,0.6,CMM,27.86,8.699,4.782,4.189,2.836,3.523,2.593,2.885,5.192,4.827,NA,NA
4885,12/4/2016,1357,H3374,F,0.28,CMM,21.815,7.652,3.946,3.344,2.284,3.158,2.278,2.468,4.162,3.738,NA,NA
4995,1/22/2017,1393,H3374,F,0.48,CMM,26.768,8.84,4.739,4.059,2.645,4.427,3.073,3.398,5.363,4.869,NA,NA
5003,1/22/2017,1394,H3385,M,0.54,CMM,26.464,8.153,4.695,4.024,2.798,3.995,2.743,3.124,5.723,5.244,NA,NA
4775,12/3/2016,1334,H3386,F,0.3,CMM,22.482,7.204,5.017,3.133,2.152,3.43,2.292,2.545,4.835,4.193,NA,NA
5683,8/3/2017,1583,H3386,F,1.26,CMM,37.059,11.074,7.183,5.014,3.367,6.157,3.718,4.293,9.074,7.644,NA,NA
4777,12/3/2016,1335,H3389,F,0.23,CMM,22.348,7.097,4.127,3.057,2.134,3.15,2.216,2.379,4.349,3.777,NA,NA
5654,7/27/2017,1577,H3389,F,1.13,CMM,35.106,10.343,5.571,4.588,3.387,6.63,4.405,4.406,8.779,7.457,NA,NA
5685,8/3/2017,1584,H3389,F,1.2,CMM,36.723,10.97,7.274,4.841,3.838,6.433,3.546,4.335,8.244,7.291,NA,NA
5062,1/23/2017,1407,H3396,M,0.4,CMM,25.603,8.29,4.94,3.51,2.197,3.754,3.051,3.309,5.196,4.541,NA,NA
4776,12/3/2016,1335,H3397,M,0.23,CMM,22.43,6.836,4.74,2.756,2.204,3.067,2.013,2.332,4.432,3.847,NA,NA
5684,8/3/2017,1584,H3397,M,1.07,CMM,35.573,10.293,6.754,4.939,3.241,5.767,3.92,4.459,8.323,7.467,NA,NA
5059,1/23/2017,1406,H3409,M,0.34,CMM,24.046,7.703,5.231,3.533,2.396,4.025,2.844,2.91,5.554,4.635,NA,NA
5711,8/11/2017,1589,H3409,M,1.3,CMM,35.857,10.097,7.057,5.052,3.001,5.948,4.552,5.177,8.434,6.53,NA,NA
5011,1/22/2017,1396,H3416,M,NA,CMM,NA,NA,NA,NA,NA,NA,NA,NA,NA,NA,missing?,NA
5063,1/23/2017,1407,H3424,F,0.34,CMM,24.66,7.707,5.23,3.72,2.537,4.241,2.575,2.792,5.092,4.361,NA,NA
5709,8/11/2017,1589,H3424,F,1.05,CMM,35.498,10.459,6.525,4.525,2.998,6.078,3.937,4.374,7.687,6.512,NA,NA
5058,1/23/2017,1406,H3433,M,0.32,CMM,23.338,7.543,5.022,3.694,2.368,3.3,2.278,2.567,4.88,4.231,NA,NA
5682,8/3/2017,1583,H3446,F,0.78,CMM,30.077,NA,NA,NA,NA,NA,NA,NA,NA,NA,both have same H3466 number,RM Set 1
6453,5/1/2018,1765,H3446,F,2.19,CMM,39.046,11.542,4.951,5.629,4.135,6.201,4.126,4.325,9.246,8.131,Data for 5/30/2018,NA
5296,6/1/2017,1487,H3446,F,0.45,CMM,24.299,8.013,4.527,3.873,2.615,3.33,2.577,2.42,4.705,4.644,NA,NA
6206,11/9/2017,1703,H3446,F,1.16,CMM,33.667,10.73,5.739,4.535,2.984,5.511,4.259,4.842,7.429,6.839,NA,NA
6352,2/8/2018,1740,H3446,F,1.87,CMM,38.508,11.231,4.877,4.808,3.503,5.446,4.56,4.495,7.685,7.628,NA,NA
5681,8/3/2017,1583,H3466,M,0.56,CMM,28.119,8.882,5.754,4.097,2.725,3.935,3.099,3.36,6.1,5.467,both have same H3466 number ,NA
6448,5/1/2018,1764,H3466,M,2.92,CMM,46.17,13.42,5.464,6.312,4.478,8.263,6.231,6.33,11.14,9.891,Data for 5/30/2018,NA
5297,6/1/2017,1487,H3466,M,0.31,CMM,21.727,7.07,3.688,3.038,2.011,2.923,1.93,1.934,4.161,3.789,NA,NA
6213,11/9/2017,1704,H3466,M,1.16,CMM,34.094,10.703,6.117,4.816,3.272,5.938,4.348,4.472,8.518,7.714,NA,NA
6353,2/8/2018,1740,H3466,M,1.92,CMM,40.713,11.14,5.195,5.277,3.816,6.402,5.311,5.323,8.467,8.46,NA,NA
5390,6/14/2017,1513,H3471,F,0.35,CMM,23.446,7.52,3.964,3.244,2.181,3.318,2.346,2.504,4.66,4.348,NA,NA
5712,8/11/2017,1589,H3471,F,0.52,CMM,27.554,8.868,5.628,3.769,2.954,4.109,3.051,3.254,6.4,5.412,NA,NA
6251,11/16/2017,1714,H3471,F,1.01,CMM,31.809,9.766,5.472,4.267,2.905,4.444,3.171,3.404,7.56,6.618,NA,NA
6375,2/21/2018,1746,H3471,F,1.59,CMM,37.748,10.77,5.972,4.58,3.415,6.023,3.163,3.607,8.913,7.599,NA,NA
6551,7/25/2018,1793,H3471,F,2.24,CMM,39.542,11.781,4.777,4.729,3.811,5.991,4.504,4.957,8.572,7.022,NA,NA
6610,5/30/2019,1809,H3471,F,2.65,CMM,42.194,11.898,5.227,5.639,4.494,6.764,4.29,4.759,9.298,8.193,NA,NA
5749,8/18/2017,1596,H3502,M,0.53,CMM,22.308,7.46,3.94,2.941,1.915,3.107,2.206,2.483,4.28,4.053,JG remeasured SVL,Mass/SVL check
5389,6/14/2017,1513,H3502,M,0.36,CMM,23.327,7.471,4.492,3.471,2.36,2.804,1.926,2.266,4.799,4.302,NA,NA
6256,11/16/2017,1715,H3502,M,1.24,CMM,34.675,10.502,5.939,4.739,3.128,5.891,4.028,4.852,8.174,6.811,NA,NA
6364,2/21/2018,1743,H3502,M,2,CMM,41.701,11.919,5.021,5.156,3.596,6.367,5.54,5.351,8.609,7.949,NA,NA
6555,7/25/2018,1794,H3502,M,3.81,CMM,48.551,13.724,6.124,6.316,4.459,7.678,5.739,5.898,10.689,9.772,NA,NA
6608,5/30/2019,1809,H3502,F,2.97,CMM,44.128,11.97,5.153,6.697,4.793,7.667,4.714,5.263,9.77,8.53,NA,NA
5388,6/14/2017,1513,H3506,M,0.34,CMM,23.652,8.03,4.342,3.327,2.304,3.077,2.326,2.51,4.749,4.425,NA,NA
5748,8/18/2017,1596,H3506,M,0.62,CMM,27.857,9.449,4.938,4.006,2.634,4.194,3.047,3.215,6.086,5.581,NA,NA
6255,11/16/2017,1715,H3506,M,1.4,CMM,35.255,10.973,5.724,5.131,3.655,5.525,3.795,4.687,8.902,7.949,NA,NA
6376,2/21/2018,1746,H3506,M,2.1,CMM,41.6,12.633,7.128,6.222,4.302,6.633,5.135,5.605,10.664,8.412,NA,NA
6556,7/25/2018,1794,H3506,M,5.62,CMM,49.609,13.378,6.814,6.711,5.351,9.255,6.54,7.5,12.846,11.063,NA,NA
6612,5/30/2019,1810,H3506,F,3.11,CMM,49.819,13.929,5.019,6.037,4.509,6.974,5.341,6.174,11.112,9.463,NA,NA
6280,12/7/2017,1722,H3513,M,1.22,CMM,34.717,10.783,5.609,4.625,3.095,5.703,4.62,4.773,8.188,6.787,NA,NA
5421,6/21/2017,1523,H3517,F,0.36,CMM,22.16,7.35,4.019,3.302,2.261,2.92,2.054,2.271,4.508,3.945,NA,NA
5459,7/3/2017,1532,H3517,F,0.38,CMM,24.543,8.066,5.606,3.497,2.449,3.535,2.079,2.751,5.006,4.425,NA,NA
5806,8/24/2017,1607,H3517,F,0.44,CMM,26.736,8.772,4.821,3.733,2.464,4.292,2.083,2.604,5.901,5.344,NA,NA
6279,12/7/2017,1722,H3517,F,1.01,CMM,32.213,10.394,5.379,4.351,2.889,5.139,3.4,3.852,7.795,6.761,NA,NA
6381,3/1/2018,1747,H3517,F,1.31,CMM,34.824,10.648,4.785,4.692,3.12,5.487,3.869,4.214,8.12,7.098,NA,NA
6477,5/24/2018,1771,H3517,F,1.41,CMM,34.087,10.421,4.559,4.952,3.399,5.563,3.59,4.251,8.416,7.332,NA,NA
6609,5/30/2019,1809,H3517,F,1.91,CMM,41.017,11.795,5.577,5.752,4.685,5.978,4.879,5.317,10,8.185,NA,NA
5458,7/3/2017,1532,H3518,F,0.34,CMM,23.6,7.717,5.634,3.334,2.133,3.364,2.533,2.91,4.977,4.415,NA,NA
5805,8/24/2017,1606,H3518,F,0.39,CMM,25.033,8.416,4.668,3.494,2.527,4.176,2.978,2.869,5.255,4.977,NA,NA
6278,12/7/2017,1722,H3518,F,0.93,CMM,30.407,9.879,5.421,4.278,2.873,4.634,2.431,2.866,7.516,6.593,NA,NA
6389,4/10/2018,1750,H3518,F,1.29,CMM,33.752,10.16,4.707,4.576,3.218,5.183,4.193,4.574,7.562,6.791,NA,NA
6473,5/24/2018,1770,H3518,F,1.32,CMM,34.861,10.543,4.925,4.81,3.192,4.767,2.924,3.667,8.735,7.795,NA,NA
5456,7/3/2017,1532,H3520,F,0.36,CMM,24.524,7.788,5.673,3.667,2.695,3.986,2.618,2.968,5.063,4.29,NA,NA
5803,8/24/2017,1606,H3520,F,0.47,CMM,26.522,8.32,4.713,3.374,2.474,4.411,3.103,3.257,5.844,5.129,NA,NA
6284,12/7/2017,1723,H3520,F,1.21,CMM,33.675,9.795,5.353,4.541,3.316,5.318,3.85,3.944,7.93,6.606,NA,NA
6385,4/10/2018,1749,H3520,F,1.94,CMM,39.66,11.192,5.032,4.626,3.655,6.111,4.508,4.881,8.37,7.54,NA,NA
6471,5/24/2018,1770,H3520,F,2.13,CMM,39.754,10.901,4.635,4.666,3.72,6.173,4.636,4.995,8.71,7.106,NA,NA
6611,5/30/2019,1810,H3520,M,4.68,CMM,47.229,12.845,6.654,6.882,4.921,8.454,5.426,5.778,11.772,9.859,NA,NA
5457,7/3/2017,1532,H3525,M,0.37,CMM,25.373,8.216,5.952,3.596,2.537,4.072,2.875,3.008,5.42,4.794,NA,NA
5804,8/24/2017,1606,H3525,M,0.51,CMM,28.194,8.865,5.016,3.802,2.762,4.697,3.622,3.681,6.218,5.544,NA,NA
6283,12/7/2017,1723,H3525,M,1.44,CMM,38.138,11.283,5.83,4.658,3.393,5.989,5.097,5.708,9.226,8.262,NA,NA
6382,4/10/2018,1748,H3525,M,2.59,CMM,44.589,13.282,5.89,5.333,3.966,7.084,6.006,6.333,9.966,8.948,NA,NA
6472,5/24/2018,1770,H3525,M,3.03,CMM,47.682,13.674,5.623,5.294,4.328,8.481,6.376,6.417,11.534,10.02,NA,NA
5454,7/3/2017,1531,H3531,M,0.38,CMM,23.542,7.759,5.981,3.594,2.294,3.331,2.315,2.774,5.149,4.29,NA,NA
5830,9/1/2017,1613,H3531,M,0.48,CMM,26.722,8.838,4.889,3.641,2.309,4.046,3.309,3.572,5.868,5.427,NA,NA
6395,4/10/2018,1751,H3531,M,2.08,CMM,42.763,12.734,5.855,5.311,3.914,7.504,5.839,5.962,9.961,8.612,NA,NA
6481,6/5/2018,1772,H3531,M,2.92,CMM,43.242,12.534,5.09,6.363,4.197,7.366,5.45,5.502,10.942,10.019,NA,NA
6613,5/30/2019,1810,H3531,M,5.39,CMM,50.313,14.396,7.834,8.187,5.368,9.036,5.539,6.262,13.165,11.449,NA,NA
5455,7/3/2017,1531,H3533,M,0.39,CMM,25.482,8.034,5.584,3.79,2.394,3.587,2.507,2.831,5.293,4.657,NA,NA
5833,9/1/2017,1613,H3533,M,0.5,CMM,27.772,8.765,5.069,3.816,2.61,4.995,3.613,3.649,6.784,5.745,NA,NA
6282,12/7/2017,1723,H3533,M,1.41,CMM,37.554,11.184,5.276,5.045,3.48,6.227,4.476,5.14,8.96,7.748,NA,NA
6396,4/10/2018,1752,H3533,M,2.61,CMM,45.511,12.683,5.63,5.803,4.466,7.728,5.649,6.066,10.69,9.491,NA,NA
6484,6/5/2018,1773,H3533,M,3.39,CMM,46.174,12.072,5.695,6.826,4.536,6.865,5.735,6.182,11.413,9.866,NA,NA
5452,7/3/2017,1531,H3538,M,0.32,CMM,22.601,7.651,5.28,3.304,2.14,2.878,2.404,2.701,4.828,4.154,NA,NA
5898,9/7/2017,1624,H3538,M,0.43,CMM,26.813,8.733,4.36,3.197,2.218,4.061,2.795,3.024,5.554,5.397,NA,NA
6338,2/7/2018,1737,H3538,M,1.41,CMM,38.206,11.965,5.74,4.58,3.403,6.183,4.687,5.046,9.357,7.871,NA,NA
6391,4/10/2018,1750,H3538,M,1.99,CMM,40.273,12.662,5.805,5.447,3.856,6.975,5.126,5.786,10.338,8.925,NA,NA
6638,8/19/2019,1819,H3538,M,4.45,CMM,51.64,14.826,7.004,7.138,5.425,9.381,5.751,6.501,12.664,10.983,NA,NA
5453,7/3/2017,1531,H3539,M,0.3,CMM,22.965,7.822,5.399,3.248,1.929,3.005,2.263,2.489,4.693,4.062,NA,NA
5899,9/7/2017,1624,H3539,M,0.38,CMM,26.205,8.623,4.284,3.333,2.229,4.216,3.106,2.909,6.036,5.237,NA,NA
6336,2/7/2018,1736,H3539,M,1.25,CMM,35.716,11.394,5.631,4.571,3.069,6.388,4.211,4.656,8.885,7.927,NA,NA
6392,4/10/2018,1750,H3539,M,1.66,CMM,38.546,11.701,5.387,4.952,3.323,6.94,5.125,5.362,9.81,8.353,NA,NA
6488,6/18/2018,1775,H3539,M,2.66,CMM,43.499,12.885,5.606,5.473,4.104,7.245,5.63,6.127,10.31,8.779,NA,NA
6639,8/19/2019,1819,H3539,M,5.12,CMM,52.837,15.615,6.687,7.414,5.591,9.487,6.602,7.519,13.056,10.537,NA,NA
5451,7/3/2017,1531,H3541,M,0.33,CMM,23.403,7.554,5.403,3.206,2.237,3.408,2.256,2.488,4.934,4.27,NA,NA
5903,9/7/2017,1625,H3541,M,0.45,CMM,27.94,9.251,4.639,3.324,2.617,4.67,3.29,3.58,6.386,5.184,NA,NA
6337,2/7/2018,1736,H3541,M,1.98,CMM,41.054,11.909,6.542,5.504,3.702,6.76,4.468,4.995,9.752,9.022,NA,NA
6394,4/10/2018,1751,H3541,M,2.35,CMM,41.696,11.707,6.408,5.939,4.317,7.504,5.209,5.56,10.467,8.84,NA,NA
6494,6/18/2018,1777,H3541,M,3.42,CMM,46.937,13.315,5.955,6.04,4.374,8.538,6.245,6.775,11.137,9.355,NA,NA
6628,7/23/2019,1815,H3541,M,6.1,CMM,52.881,14.033,7.052,7.446,6.042,9.67,6.264,7.102,12.707,10.394,NA,NA
5545,7/13/2017,1555,H3542,F,0.44,CMM,24.528,7.834,4.353,3.463,2.297,3.441,2.086,2.292,5.387,4.98,NA,NA
5911,9/7/2017,1627,H3542,F,0.4,CMM,26.896,8.346,4.101,3.168,2.369,4.215,3.37,3.556,5.448,4.945,NA,NA
6348,2/8/2018,1739,H3542,F,1.56,CMM,36.741,10.074,4.805,4.376,3.394,5.418,4.22,4.305,7.365,6.277,NA,NA
6397,4/10/2018,1752,H3542,F,1.91,CMM,39.088,10.788,5.125,4.81,3.571,6.526,4.801,4.951,8.058,6.549,NA,NA
6491,6/18/2018,1776,H3542,F,2.07,CMM,38.734,10.63,4.687,5.177,3.768,5.686,4.017,4.524,9.08,8.241,NA,NA
6615,7/23/2019,1811,H3542,F,2.67,CMM,44.208,12.127,5.494,5.169,4.645,7.214,5.068,5.563,9.9,7.684,NA,NA
6625,7/23/2019,1814,H3545,M,3.95,CMM,49.618,13.848,5.751,6.199,4.752,8.417,6.245,6.94,10.93,8.47,AS - Remeasured Tibia,RM Set 1
5450,7/3/2017,1530,H3545,M,0.31,CMM,22.991,7.883,5.352,3.432,2.419,2.946,2.165,2.408,4.951,4.154,NA,NA
6340,2/7/2018,1737,H3545,M,1.96,CMM,40.874,11.88,6.665,5.201,3.418,6.688,4.748,4.94,9.77,8.019,NA,NA
6399,4/10/2018,1752,H3545,M,2.28,CMM,41.225,11.664,6.174,5.923,3.986,6.729,5.301,5.503,8.796,7.771,NA,NA
6492,6/18/2018,1776,H3545,M,2.96,CMM,44.57,12.906,5.783,5.685,4.267,7.863,5.407,5.731,10.296,8.51,NA,NA
6616,7/23/2019,1811,H3549,F,2.5,CMM,43.946,11.642,5.368,5.149,4.339,6.425,4.952,5.298,9.485,8.114,NA,NA
5591,7/20/2017,1565,H3551,M,0.3,CMM,23.076,7.442,4.191,3.169,2.179,3.48,2.298,2.572,4.908,4.467,NA,NA
6029,9/22/2017,1657,H3551,M,0.42,CMM,25.385,8.114,4.372,2.967,2.113,4.11,2.991,3.348,5.18,4.77,NA,NA
6347,2/8/2018,1739,H3551,M,1.95,CMM,40.763,11.519,5.63,5.167,3.857,7.083,5.56,5.221,9.393,8.339,NA,NA
6407,4/11/2018,1754,H3551,M,2.25,CMM,40.571,10.944,5.407,5.437,4.232,6.037,4.868,5.227,9.128,8.3,NA,NA
6511,7/3/2018,1782,H3551,M,4.23,CMM,47.956,12.244,6.002,6.582,4.7,8.715,6.167,6.375,11.599,11.177,NA,NA
6622,7/23/2019,1813,H3551,M,5.85,CMM,53.596,14.645,6.682,6.809,5.636,9.345,6.467,7.291,12.56,10.985,NA,NA
5590,7/20/2017,1565,H3556,M,0.3,CMM,23.696,7.378,4.319,3.199,2.138,3.16,2.298,2.588,4.768,4.339,NA,NA
6031,9/22/2017,1658,H3556,M,0.42,CMM,26.266,8.255,4.204,2.887,2.161,3.758,2.758,2.887,5.454,5.088,NA,NA
6343,2/7/2018,1738,H3556,M,1.37,CMM,36.288,10.906,5.817,4.49,3.289,5.742,4.145,4.842,8.472,7.398,NA,NA
6402,4/11/2018,1753,H3556,M,1.59,CMM,37.209,11.074,4.647,4.171,3.586,5.351,4.479,4.172,8.193,7.189,NA,NA
6510,7/3/2018,1782,H3556,F,2.87,CMM,40.817,12.123,5.54,5.421,4.32,7.042,5.323,5.725,9.596,8.106,NA,NA
6633,8/19/2019,1817,H3556,F,2.79,CMM,42.944,12.24,5.709,5.425,4.908,7.418,4.668,5.367,9.869,8.136,NA,NA
6398,4/10/2018,1752,H3557,M,2.25,CMM,43.742,13.042,5.536,5.663,3.974,7.727,5.826,6.207,10.295,9.232,AS - Remeasured Pelvic,RM Set 1
5592,7/20/2017,1565,H3557,M,0.31,CMM,23.596,7.862,4.52,3.134,1.999,3.031,2.125,2.443,4.969,4.292,NA,NA
5958,9/14/2017,1637,H3557,M,0.39,CMM,24.606,8.194,4.756,3.331,2.251,3.809,2.728,2.989,5.233,4.532,NA,NA
6325,2/7/2018,1733,H3557,M,1.74,CMM,39.458,12.045,6.591,5.637,3.827,6.51,4.933,5.567,9.736,8.479,NA,NA
6498,7/3/2018,1778,H3557,M,3.47,CMM,49.258,13.787,6.05,6.787,4.622,8.336,6.265,6.792,11.685,10.399,NA,NA
6618,7/23/2019,1812,H3557,M,4.7,CMM,53.513,15.14,7.291,7.54,5.762,9.58,6.514,6.827,13.524,11.934,NA,NA
6493,6/18/2018,1776,H3558,M,3,CMM,46.046,13.456,5.614,6.011,4.288,8.039,3.934,4.346,10.712,9.872,AS - Remeasured Ulna,RM Set 1
5544,7/13/2017,1555,H3562,F,0.33,CMM,22.634,7.343,4.221,3.012,2.017,3.158,2.458,2.674,4.651,4.402,NA,NA
5955,9/14/2017,1637,H3562,F,0.34,CMM,26.061,8.236,4.235,3.206,2.195,3.812,3.102,3.254,5.154,4.67,NA,NA
6393,4/10/2018,1751,H3562,F,1.34,CMM,35.173,10.374,4.797,4.043,3.164,5.648,4.28,4.504,8.04,6.58,NA,NA
6501,7/3/2018,1779,H3562,F,1.62,CMM,36.021,10.418,4.921,4.664,3.401,5.179,3.873,4.369,7.905,6.562,NA,NA
6621,7/23/2019,1813,H3562,F,1.99,CMM,39.716,10.991,5.11,5.163,4.144,5.428,3.636,4.044,8.848,7.604,NA,NA
5542,7/13/2017,1554,H3563,F,0.33,CMM,23.148,7.508,3.774,3.066,2.103,3.256,2.48,2.753,4.802,4.489,NA,NA
5957,9/14/2017,1637,H3563,F,0.33,CMM,24.427,7.825,4.502,3.288,2.383,3.877,2.513,2.878,5.417,5.206,NA,NA
6323,2/7/2018,1733,H3563,F,1.08,CMM,33.139,10.287,5.452,4.521,2.993,5.427,4.176,4.471,7.88,6.957,NA,NA
6390,4/10/2018,1750,H3563,F,1.26,CMM,33.644,10.36,4.683,4.149,3.046,5.589,4.403,4.52,7.587,6.973,NA,NA
6503,7/3/2018,1779,H3563,F,1.87,CMM,36.967,10.972,4.622,4.831,4.002,6.201,4.55,4.67,8.662,7.569,NA,NA
6614,7/23/2019,1811,H3563,F,2.25,CMM,41.218,11.847,5.12,5.563,4.562,7.078,4.064,4.826,8.959,7.52,NA,NA
5543,7/13/2017,1554,H3565,M,0.25,CMM,19.811,6.601,4.046,2.925,1.829,2.456,1.845,2.269,3.812,3.338,NA,NA
5956,9/14/2017,1637,H3565,M,0.3,CMM,24.321,8.12,4.189,3.363,2.101,3.481,2.591,2.666,4.783,4.56,NA,NA
5645,7/27/2017,1576,H3573,M,0.52,CMM,25.028,8.291,4.637,3.529,2.317,3.75,2.533,2.518,5.368,4.752,NA,NA
5643,7/27/2017,1576,H3576,F,0.46,CMM,24.768,7.981,4.298,3.363,2.293,3.431,2.439,3.228,5.329,4.828,NA,NA
5588,7/20/2017,1564,H3577,F,0.41,CMM,24.377,7.603,4.655,3.615,2.227,3.025,2.187,2.544,5.084,4.346,NA,NA
5589,7/20/2017,1564,H3578,F,0.33,CMM,23.795,7.904,4.053,3.531,2.403,3.036,2.476,2.814,4.808,4.367,NA,NA
5644,7/27/2017,1576,H3591,M,0.27,CMM,23.192,7.238,4.378,3.309,2.066,3.226,2.637,2.779,4.77,4.361,NA,NA
6032,9/22/2017,1658,H3591,M,0.42,CMM,25.482,8.554,4.106,2.902,2.137,3.853,2.78,2.783,5.255,4.303,NA,NA
6351,2/8/2018,1740,H3591,M,1.49,CMM,36.8,10.626,5.539,5.111,3.341,5.662,4.124,4.287,8.28,7.502,NA,NA
6405,4/11/2018,1754,H3591,M,1.98,CMM,41.362,11.947,5.438,5.222,3.658,6.132,5.19,5.389,9.427,8.22,NA,NA
6512,7/3/2018,1782,H3591,M,3.42,CMM,43.095,12.449,5.815,6.319,4.396,7.16,4.6,5.301,11.556,9.766,NA,NA
6641,8/19/2019,1820,H3591,M,4.64,CMM,56.254,15.415,5.79,7.033,5.785,9.77,7.247,7.845,14.072,11.246,NA,NA
5646,7/27/2017,1576,H3593,M,0.35,CMM,23.449,7.118,4.187,3.171,2.135,3.502,2.37,2.584,5.004,4.49,NA,NA
6333,2/7/2018,1735,H3593,M,1.76,CMM,39.138,11.791,6.34,4.982,4.297,6.563,4.955,5.276,9.258,8.55,NA,NA
6401,4/11/2018,1753,H3593,M,2.08,CMM,40.603,10.891,5.636,5.06,4.21,5.918,4.474,4.777,8.41,8.08,NA,NA
6536,7/18/2018,1788,H3593,M,3.8,CMM,46.177,12.566,5.829,5.934,4.976,7.96,5.724,6.381,9.926,9.063,NA,NA
6645,8/19/2019,1821,H3593,M,4.78,CMM,48.189,13.896,6.295,7.17,5.67,8.188,5.114,5.737,12.022,9.756,NA,NA
5541,7/13/2017,1554,H3600,F,0.32,CMM,21.118,6.822,4.32,2.948,2.028,2.242,1.914,2.248,4.094,4.082,NA,NA
6081,10/3/2017,1671,H3600,F,0.67,CMM,26.834,9.108,5.403,3.818,2.543,4.552,3.301,3.426,6.202,5.418,NA,NA
5540,7/13/2017,1554,H3604,M,0.29,CMM,21.497,7.202,4.262,2.996,1.922,3.185,2.368,2.531,4.162,4.149,NA,NA
6086,10/3/2017,1672,H3604,M,0.59,CMM,25.921,8.801,4.785,3.533,2.489,4.239,3.232,3.484,5.823,5.031,NA,NA
5539,7/13/2017,1553,H3607,F,0.11,CMM,18.792,6.476,1.832,2.233,1.582,2.988,2.042,2.079,4.21,3.519,AS - Remeasured Head Width,RM Set 1
5552,7/13/2017,1557,H3618,M,0.21,CMM,20.636,7.002,4.765,2.419,1.802,2.513,1.586,1.601,3.887,3.396,NA,NA
6082,10/3/2017,1671,H3618,M,0.48,CMM,27.051,9.249,4.656,3.366,2.46,3.875,3.032,3.475,6.179,5.251,NA,NA
6326,2/7/2018,1734,H3618,M,2,CMM,41.705,12.879,6.589,5.167,3.982,6.917,5.416,5.992,9.727,7.864,NA,NA
6540,7/18/2018,1790,H3618,M,4.95,CMM,51.248,14.4,7.031,7.369,5.729,8.323,6.586,7.255,12.666,10.697,NA,NA
6644,8/19/2019,1821,H3618,M,4.86,CMM,54.905,15.963,7.023,7.194,6.163,9.538,6.506,7.94,13.666,11.404,NA,NA
5538,7/13/2017,1553,H3628,F,0.3,CMM,20.326,6.973,4.373,2.92,1.951,2.994,2.118,2.242,4.457,3.922,NA,NA
6090,10/3/2017,1672,H3628,F,0.5,CMM,24.96,8.726,4.261,3.422,2.296,3.847,2.151,2.777,5.987,5.034,NA,NA
6339,2/7/2018,1737,H3628,F,0.82,CMM,31.101,10.154,5.066,3.875,2.891,4.8,3.305,3.775,7.804,6.821,NA,NA
6420,4/18/2018,1757,H3628,F,0.95,CMM,31.594,9.575,4.728,4.046,2.824,4.684,3.705,3.908,6.661,6.422,NA,NA
6535,7/18/2018,1788,H3628,F,1.45,CMM,34.677,10.456,5.069,4.862,3.284,5.421,3.852,4.355,8.263,7.592,NA,NA
6624,7/23/2019,1814,H3628,F,1.75,CMM,40.672,11.537,4.823,5.176,4.017,6.318,4.181,4.736,9.641,8.511,NA,NA
5576,7/20/2017,1562,H3636,M,0.15,CMM,19.681,6.656,3.966,2.693,1.982,3.42,2.389,2.643,4.275,3.768,NA,NA
5534,7/13/2017,1552,H3637,M,0.15,CMM,19.102,6.297,3.973,3.057,1.86,2.657,1.092,1.588,3.86,3.539,AS - Remeasured Humerus and Radius,RM Set 1
5587,7/20/2017,1564,H3638,F,0.31,CMM,21.222,7.126,4.209,2.386,1.949,2.724,1.985,2.058,4.213,3.887,NA,NA
6128,10/19/2017,1682,H3638,F,0.7,CMM,28.513,9.156,4.79,3.18,2.382,5.184,2.834,3.114,5.779,5.326,NA,NA
5532,7/13/2017,1552,H3639,M,0.28,CMM,20.083,6.79,3.699,2.559,1.718,2.897,1.651,2.006,3.866,3.516,NA,NA
5533,7/13/2017,1552,H3642,M,0.21,CMM,19.942,6.231,3.802,2.696,1.736,2.634,1.769,2.103,3.431,3.296,NA,NA
6077,10/3/2017,1671,H3642,F,0.43,CMM,25.038,8.635,4.176,3.713,2.454,4.109,2.887,3.331,6.046,5.143,NA,NA
6119,10/19/2017,1681,H3643,F,0.65,CMM,26.471,8.525,4.488,3.425,2.149,3.797,2.611,3.032,5.377,5.197,NA,NA
5536,7/13/2017,1553,H3646,F,0.19,CMM,18.995,6.534,2.809,2.484,1.827,2.841,1.682,2.019,3.878,3.977,NA,NA
6089,10/3/2017,1672,H3646,F,0.43,CMM,26.704,8.779,4.019,3.339,2.204,4.091,2.884,3.411,6.045,5.648,NA,NA
5584,7/20/2017,1563,H3649,F,0.26,CMM,20.91,6.67,4.315,3.058,2.182,3.401,1.431,2.083,4.422,3.738,NA,NA
6115,10/19/2017,1681,H3649,F,0.52,CMM,25.739,8.426,4.901,3.415,2.407,3.715,2.674,3.222,5.86,5.05,NA,NA
6423,4/18/2018,1757,H3649,F,1.36,CMM,37.064,10.798,4.832,4.679,3.377,5.233,4.584,4.735,7.603,6.862,NA,NA
6526,7/18/2018,1786,H3649,F,2.02,CMM,40.218,11.749,5.053,5.418,4.006,6.864,5.125,5.353,8.311,6.701,NA,NA
5586,7/20/2017,1564,H3650,F,0.21,CMM,19.125,6.619,4.07,3.134,1.91,2.159,1.566,2,4.043,3.357,NA,NA
6120,10/19/2017,1681,H3650,F,0.59,CMM,26.066,8.581,4.77,3.394,2.49,3.975,2.921,3.365,5.434,4.698,NA,NA
6344,2/7/2018,1738,H3650,F,1.28,CMM,39.064,12.025,5.997,4.7,3.481,6.652,5.115,5.744,10.114,8.753,NA,NA
6422,4/18/2018,1757,H3650,F,1.6,CMM,35.638,10.316,4.429,4.066,3.235,5.188,3.725,3.417,7.241,6.773,NA,NA
6541,7/18/2018,1790,H3650,F,2.12,CMM,38.268,10.329,4.982,5.197,4.014,6.116,3.773,4.131,8.549,7.751,NA,NA
6617,7/23/2019,1812,H3650,F,2.77,CMM,41.253,11.16,6.407,5.779,4.441,6.003,5.019,5.589,9.765,8.046,NA,NA
6126,10/19/2017,1682,H3652,M,0.59,CMM,27.773,8.813,5.028,3.465,2.473,4.264,3.25,3.768,6.577,5.619,NA,NA
6349,2/8/2018,1739,H3652,M,2.01,CMM,41.834,11.666,5.438,5.348,3.814,6.408,4.915,5.273,9.767,9.239,NA,NA
6416,4/18/2018,1756,H3652,M,2.46,CMM,43.399,11.985,5.492,5.832,4.244,7.098,3.975,4.538,9.167,9.377,NA,NA
6538,7/18/2018,1789,H3652,M,4.99,CMM,51.799,14.544,6.222,7.523,5.559,9.585,6.635,7.407,12.641,11.179,NA,NA
6632,8/19/2019,1817,H3652,M,5.13,CMM,56.156,16.698,5.859,6.84,5.587,10.41,7.46,8.295,12.872,10.716,NA,NA
5535,7/13/2017,1552,H3653,M,0.22,CMM,19.982,7.588,3.205,2.743,1.713,2.607,2.365,2.519,3.906,3.706,NA,NA
6083,10/3/2017,1671,H3653,M,0.45,CMM,25.097,8.472,4.417,3.302,2.332,3.869,2.474,2.804,5.821,4.972,NA,NA
6322,2/7/2018,1733,H3653,M,1.8,CMM,39.609,12.068,6.264,5.107,3.643,6.555,5.181,5.567,9.783,8.557,NA,NA
6413,4/18/2018,1755,H3653,M,2.49,CMM,44.059,12.868,5.58,5.747,4.282,6.503,5.73,5.781,10.071,9.131,NA,NA
6537,7/18/2018,1789,H3653,M,4.86,CMM,51.654,14.873,6.222,7.316,5.263,9.056,6.921,7.112,12.614,9.794,NA,NA
6635,8/19/2019,1818,H3653,M,5,CMM,54.97,15.875,6.09,7.52,5.428,9.807,6.395,7.532,13.497,11.899,NA,NA
5531,7/13/2017,1551,H3659,F,0.24,CMM,20.092,6.641,3.951,2.517,1.767,2.204,1.212,1.517,4.19,3.925,AS - Remeasured Radius and Ulna,RM Set 1
5583,7/20/2017,1563,H3660,F,0.2,CMM,20.062,6.656,4.429,3.113,1.965,2.655,1.844,2.19,4.31,3.853,NA,NA
6122,10/19/2017,1681,H3660,F,0.56,CMM,25.496,8.3,4.778,3.484,2.297,3.78,2.793,3.325,5.58,5.281,NA,NA
6117,10/19/2017,1681,H3661,F,0.5,CMM,25.671,8.542,4.641,3.495,2.148,4.254,2.589,2.724,5.694,5.363,NA,NA
6627,7/23/2019,1815,H3663,F,1.86,CMM,39.357,11.362,5.203,4.989,3.794,5.776,2.753,3.207,8.207,7.071,AS - Remeasured Radius and Ulna,RM Set 1
5585,7/20/2017,1564,H3663,M,0.2,CMM,19.497,6.481,4.004,2.996,2.061,2.658,1.87,2.184,3.956,3.416,NA,NA
6130,10/19/2017,1682,H3663,F,0.46,CMM,26.091,8.644,4.748,3.577,2.36,4.017,2.655,3.003,5.836,4.838,NA,NA
6350,2/8/2018,1740,H3663,F,0.97,CMM,32.465,9.615,4.015,3.83,2.791,4.764,4.004,3.919,5.942,5.273,NA,NA
6415,4/18/2018,1756,H3663,F,0.93,CMM,33.619,10.019,4.194,3.972,2.778,4.475,3.728,3.917,6.679,6.038,NA,NA
6523,7/18/2018,1785,H3663,F,1.34,CMM,34.202,9.536,4.438,4.604,3.257,6.049,4.106,4.36,7.841,7.02,NA,NA
5573,7/20/2017,1562,H3671,F,0.2,CMM,20.847,6.882,3.74,2.773,1.858,2.45,2.014,1.651,4.393,3.787,NA,NA
5634,7/27/2017,1574,H3672,F,0.25,CMM,21.006,7.093,4.072,2.946,1.824,2.56,1.967,2.2,4.232,3.661,NA,NA
5629,7/27/2017,1573,H3673,M,0.27,CMM,20.879,6.833,4.229,3.164,1.885,2.523,1.687,2.075,4.221,3.575,NA,NA
5647,7/27/2017,1576,H3674,M,0.36,CMM,21.955,7.29,4.411,3.232,2.079,2.226,1.493,1.836,4.437,3.85,NA,NA
5642,7/27/2017,1575,H3675,F,0.28,CMM,20.877,6.754,4.109,2.975,1.832,2.742,2.007,2.299,4.262,3.804,NA,NA
5575,7/20/2017,1562,H3676,M,0.24,CMM,20.809,6.922,4.358,2.946,2.016,3.017,2.349,2.526,4.244,3.78,NA,NA
5582,7/20/2017,1563,H3677,M,0.26,CMM,21.564,7.468,3.979,2.936,2.004,2.719,2.235,2.24,4.14,3.852,NA,NA
6116,10/19/2017,1681,H3677,M,0.62,CMM,26.867,8.904,4.656,3.411,2.399,3.881,3.151,3.829,5.664,5.197,NA,NA
5632,7/27/2017,1574,H3679,F,0.24,CMM,20.486,6.668,3.996,2.939,1.884,2.984,2.12,2.336,4.229,3.66,NA,NA
6432,4/24/2018,1760,H3683,M,2.83,CMM,45.45,12.908,5.435,6.162,4.364,7.432,5.446,5.913,11.236,9.352,Data for 5/16/2018,NA
5628,7/27/2017,1573,H3683,M,0.24,CMM,21.571,6.982,4.177,2.759,1.843,2.792,1.91,2.33,4.075,3.678,NA,NA
6127,10/19/2017,1682,H3683,M,0.59,CMM,27.111,8.638,5.116,3.596,2.576,4.552,3.421,3.824,6.102,5.347,NA,NA
6178,10/27/2017,1694,H3683,M,0.62,CMM,28.338,9.111,5.308,3.846,2.637,5.225,3.415,3.878,6.495,6.248,NA,NA
6328,2/7/2018,1734,H3683,M,2.01,CMM,40.619,11.95,6.499,4.934,3.72,7.162,5.028,5.518,9.23,8.106,NA,NA
6567,8/2/2018,1797,H3683,M,4.9,CMM,49.645,12.714,7.014,7.512,5.257,9.433,6.404,6.786,10.88,8.867,NA,NA
5574,7/20/2017,1562,H3684,M,0.21,CMM,19.925,6.482,4.018,3.15,1.945,2.508,2.252,2.114,4.183,3.744,NA,NA
6144,10/19/2017,1684,H3684,M,0.68,CMM,27.429,9.039,5.282,3.68,2.679,4.228,3.07,3.591,5.793,4.953,NA,NA
6176,10/27/2017,1694,H3684,M,0.66,CMM,27.698,9.04,5.601,4.021,2.711,4.052,2.649,3.378,6.759,6.325,NA,NA
5635,7/27/2017,1574,H3687,M,0.33,CMM,21.878,7.048,4.169,3.088,1.853,2.611,2.004,2.003,3.827,3.843,NA,NA
5580,7/20/2017,1563,H3688,F,0.27,CMM,21.292,7.133,4.314,3.012,2.059,3.038,2.409,2.468,4.267,3.912,NA,NA
6118,10/19/2017,1681,H3688,F,0.55,CMM,25.393,8.394,4.956,3.621,2.29,3.94,2.91,3.305,5.527,4.746,NA,NA
5648,7/27/2017,1576,H3689,F,0.17,CMM,18.296,6.16,3.881,2.413,1.786,2.937,1.81,2.1,3.637,3.209,NA,NA
6446,5/1/2018,1763,H3692,M,3.73,CMM,47.384,13.567,6.216,6.816,4.67,9.24,6.15,6.498,11.784,10.055,Data for 5/30/2018,NA
5636,7/27/2017,1574,H3692,M,0.24,CMM,21.89,7.007,4.048,2.806,1.864,3.1,2.201,2.307,4.633,4.197,NA,NA
6132,10/19/2017,1683,H3692,M,0.5,CMM,27.785,9.623,4.886,3.45,2.368,4.335,3.078,3.772,6.285,5.53,NA,NA
6345,2/7/2018,1738,H3692,M,1.68,CMM,34.459,9.954,5.595,4.552,3.145,5.278,3.613,3.654,7.375,6.567,NA,NA
6564,8/2/2018,1796,H3692,M,6.31,CMM,55.292,14.307,6.778,7.616,5.649,10.233,7.398,8.118,13.37,11.969,NA,NA
6630,8/19/2019,1816,H3692,M,5.77,CMM,53.912,15.073,6.941,8.238,5.953,10.848,7.005,7.99,14.035,10.844,NA,NA
5579,7/20/2017,1563,H3693,M,0.18,CMM,20.364,6.687,3.797,2.825,1.922,2.94,1.632,1.527,3.892,4.021,NA,NA
6121,10/19/2017,1681,H3693,M,0.58,CMM,27.366,9.136,4.467,3.487,2.355,3.917,3.059,3.441,5.63,5.27,NA,NA
6346,2/8/2018,1739,H3693,M,1.71,CMM,38.288,10.009,6.221,5.296,3.658,5.989,3.305,3.795,9.04,7.845,NA,NA
6419,4/18/2018,1757,H3693,M,2.44,CMM,41.357,12.309,5.58,6.066,4.196,6.736,5.739,5.824,8.805,9.826,NA,NA
6525,7/18/2018,1786,H3693,M,5.24,CMM,51.956,13.707,6.832,7.645,5.697,9.011,5.949,6.627,12.573,10.728,NA,NA
6643,8/19/2019,1820,H3693,M,5.34,CMM,53.609,14.183,7.61,8.158,6.063,10.09,5.823,6.75,13.129,11.079,NA,NA
6444,5/1/2018,1763,H3694,F,1.66,CMM,36.843,10.967,4.624,4.721,3.327,6.137,4.427,4.524,7.76,7.198,Data for 5/30/2018,NA
5626,7/27/2017,1573,H3694,F,0.26,CMM,20.978,6.664,4.116,3.149,2.075,2.791,2.044,2.128,4.223,4.172,NA,NA
6138,10/19/2017,1683,H3694,F,0.63,CMM,28.67,8.865,4.713,3.651,2.633,4.081,3.125,3.802,6.425,5.754,NA,NA
6175,10/27/2017,1694,H3694,F,0.64,CMM,29.304,8.958,4.623,3.747,2.456,4.439,3.828,4.164,6.386,5.376,NA,NA
6356,2/8/2018,1741,H3694,F,1.18,CMM,34.835,9.92,4.28,4.26,3.039,4.82,3.72,3.665,7.016,6.699,NA,NA
6565,8/2/2018,1796,H3694,F,2.14,CMM,42.798,11.803,5.344,5.012,3.941,6.025,3.665,4.603,9.236,8.263,NA,NA
6629,8/19/2019,1816,H3694,F,3.35,CMM,44.49,11.751,5.1,5.697,4.606,6.832,4.561,5.309,9.279,8.392,NA,NA
5627,7/27/2017,1573,H3695,F,0.21,CMM,19.967,6.616,3.986,2.727,1.794,2.473,1.707,1.887,4.042,4.024,NA,NA
6421,4/18/2018,1757,H3698,M,3.04,CMM,47.024,12.194,5.762,6.098,4.326,7.606,5.925,5.602,10.951,9.419,AS - Remeasured Femur,RM Set 1
5581,7/20/2017,1563,H3698,M,0.27,CMM,22.538,7.619,3.986,2.808,1.733,2.917,2.516,2.508,4.483,4.095,NA,NA
6124,10/19/2017,1682,H3698,M,0.58,CMM,28.414,9.235,4.644,3.326,2.25,4.344,3.196,3.672,6.165,5.749,NA,NA
6331,2/7/2018,1735,H3698,M,1.74,CMM,40.85,12.096,6.366,5.558,4.076,6.424,5.375,5.445,9.792,8.372,NA,NA
6539,7/18/2018,1789,H3698,M,4.59,CMM,50.335,13.375,6.536,7.211,5.019,8.758,6.216,6.365,12.202,10.718,NA,NA
6642,8/19/2019,1820,H3698,M,4.45,CMM,52.556,14.793,6.698,7.153,5.116,9.449,6.58,7.956,12.435,10.212,NA,NA
5578,7/20/2017,1562,H3699,F,0.19,CMM,18.552,6.442,3.905,3.21,2.094,2.616,1.652,1.9,3.541,3.43,AS - Remeasured Humerus,RM Set 1
6335,2/7/2018,1736,H3699,F,1.41,CMM,35.634,10.699,6.29,4.989,3.583,5.75,4.368,4.45,8.547,7.283,NA,NA
6450,5/1/2018,1764,H3700,M,2.37,CMM,42.38,12.692,5.746,5.962,4.218,6.925,4.723,5.053,10.651,9.374,Data for 5/30/2018,NA
5637,7/27/2017,1575,H3700,M,0.22,CMM,20.912,6.863,4.036,2.824,1.686,2.226,2.131,2.346,4.428,3.683,NA,NA
6142,10/19/2017,1684,H3700,M,0.38,CMM,24.566,8.557,4.714,3.163,2.26,3.592,2.664,2.674,5.478,4.718,NA,NA
6172,10/27/2017,1693,H3700,M,0.41,CMM,24.887,7.896,4.469,3.169,2.195,3.427,2.2,2.35,5.501,4.695,NA,NA
6324,2/7/2018,1733,H3700,M,1.24,CMM,35.325,10.727,6.286,4.523,3.107,5.846,3.654,4.6,8.247,7.4,NA,NA
6568,8/2/2018,1797,H3700,M,4.75,CMM,50.149,13.845,6.508,7.296,5.036,9.131,6.647,6.865,11.5,10.646,NA,NA
6634,8/19/2019,1817,H3700,M,4.48,CMM,53.565,14.956,7.088,7.639,5.558,9.499,6.536,7.596,12.638,10.836,NA,NA
6452,5/1/2018,1765,H3701,M,1.92,CMM,38.01,11.575,5.368,5.547,3.576,5.979,4.006,4.798,9.422,8.554,Data for 5/30/2018,NA
5633,7/27/2017,1574,H3701,M,0.29,CMM,21.886,7.323,4.199,2.91,1.771,2.749,2.047,2.303,4.488,3.981,NA,NA
6131,10/19/2017,1683,H3701,M,0.3,CMM,25.291,8.89,4.795,3.361,2.31,4.094,3.02,3.275,5.927,5.083,NA,NA
6179,10/27/2017,1694,H3701,M,0.47,CMM,25.922,8.692,4.593,3.327,2.26,3.955,3.034,3.635,5.885,5.423,NA,NA
6341,2/7/2018,1737,H3701,M,1.09,CMM,32.436,10.386,5.616,4.371,3.026,5.369,3.97,4.451,8.172,7.225,NA,NA
6559,8/2/2018,1795,H3701,M,3.55,CMM,45.922,13.062,6.388,6.587,4.729,7.753,5.185,6.009,11.03,9.491,NA,NA
6637,8/19/2019,1818,H3701,M,3.63,CMM,50.673,14.624,6.224,7.199,5.017,8.751,6.507,7.72,13.352,10.698,NA,NA
6620,7/23/2019,1813,H3702,F,2.74,CMM,43.372,12.124,5.902,5.533,4.288,6.32,2.215,3.247,9.307,8.212,AS - Remeasured Radius and Ulna,RM Set 1
5577,7/20/2017,1562,H3702,F,0.24,CMM,20.624,6.845,4.336,3.049,1.934,2.424,2.102,2.072,3.932,3.573,NA,NA
6129,10/19/2017,1682,H3702,F,0.52,CMM,25.494,8.768,5.11,3.476,2.382,3.897,2.965,3.565,5.981,5.078,NA,NA
6342,2/7/2018,1738,H3702,F,1.46,CMM,36.411,11.09,5.775,4.476,3.356,5.896,3.791,4.129,7.977,7.29,NA,NA
6418,4/18/2018,1756,H3702,F,1.47,CMM,36.336,10.762,4.939,4.697,3.575,5.167,3.794,3.94,7.099,6.87,NA,NA
6534,7/18/2018,1788,H3702,F,2.14,CMM,39.683,10.846,5.532,5.476,3.985,7.156,4.972,5.042,8.98,7.521,NA,NA
5638,7/27/2017,1575,H3704,M,0.29,CMM,21.508,6.786,4.218,3.186,1.783,2.911,2.305,2.196,4.28,4.052,NA,NA
5639,7/27/2017,1575,H3707,M,0.18,CMM,21.004,6.947,3.903,2.927,1.698,2.733,2.222,2.388,4.296,3.716,NA,NA
6626,7/23/2019,1815,H3708,F,2.52,CMM,44.046,12.407,5.206,5.594,4.404,5.038,2.946,3.277,10.453,8.36,"AS - Remeasured Humerus, Radius, and Ulna",RM Set 1
5640,7/27/2017,1575,H3708,F,0.21,CMM,22.408,7.117,4.165,2.785,1.867,3.469,2.013,2.238,4.467,3.95,NA,NA
6141,10/19/2017,1684,H3708,F,0.38,CMM,25.175,8.252,4.385,3.43,2.256,3.77,2.778,3.104,5.833,5.161,NA,NA
6173,10/27/2017,1693,H3708,F,0.44,CMM,26.622,8.697,4.499,3.312,2.137,3.779,2.698,2.968,5.808,5.342,NA,NA
6330,2/7/2018,1735,H3708,F,1.27,CMM,35.502,10.445,5.638,4.487,3.396,5.774,4.613,5.01,8.545,7.209,NA,NA
6569,8/2/2018,1797,H3708,F,1.89,CMM,39.924,11.838,5.282,5.097,4.187,6.673,4.752,5.294,8.777,7.555,NA,NA
5641,7/27/2017,1575,H3712,F,0.18,CMM,19.136,7.086,3.749,1.95,1.86,2.683,2.136,2.693,3.759,3.346,AS - Remeasured Pectoral,RM Set 1
6436,4/24/2018,1761,H3713,F,1.77,CMM,36.946,9.845,4.698,5.102,3.633,5.055,3.311,4.149,8.578,8.022,Data for 5/16/2018,NA
6135,10/19/2017,1683,H3713,F,0.71,CMM,28.056,9.154,5.03,3.553,2.864,4.281,3.336,3.897,6.22,5.533,NA,NA
6170,10/27/2017,1693,H3713,F,0.66,CMM,28.836,9.348,4.891,3.562,2.519,4.413,3.567,4.286,6.438,5.924,NA,NA
6334,2/7/2018,1736,H3713,F,1.37,CMM,35.681,10.07,5.48,4.243,3.302,5.87,4.644,4.942,7.954,7.652,NA,NA
6560,8/2/2018,1795,H3713,F,1.89,CMM,39.527,11.429,5.223,5.173,3.898,7.187,5.254,5.384,8.92,8.066,NA,NA
6623,7/23/2019,1814,H3713,F,2.83,CMM,42.506,11.74,5.487,5.446,4.5,7.924,4.644,5.246,9.471,8.525,NA,NA
5623,7/27/2017,1572,H3715,F,0.23,CMM,20.816,7.199,1.965,3.25,1.643,3.038,1.829,2.272,3.874,3.524,"AS - Remeasured Head Length, Head Width, Pectoral, Pelvic, Humerus, Radius, Ulna, Femur, and Tibia",RM Set 1
6424,4/24/2018,1758,H3715,F,1.45,CMM,35.893,11.431,4.059,4.848,3.56,6.23,4.396,5.019,8.426,7.037,Data for 5/16/2018,NA
6354,2/8/2018,1741,H3715,F,1.01,CMM,33.729,10.1,4.423,4.403,2.684,5.037,4.193,4.237,6.875,6.927,NA,NA
6570,8/30/2018,1798,H3715,F,2.11,CMM,40.435,11.873,5.433,4.695,3.982,6.906,4.563,4.745,8.95,7.65,NA,NA
5680,8/3/2017,1583,H3717,F,0.13,CMM,19.513,6.801,4.169,2.308,1.699,3.159,2.292,2.619,4.096,3.379,NA,NA
6451,5/1/2018,1765,H3719,F,2.22,CMM,39.033,11.585,5.224,5.006,3.634,7.038,4.909,4.953,8.13,7.675,Data for 5/30/2018,NA
5620,7/27/2017,1572,H3719,F,0.14,CMM,19.389,6.011,3.914,2.637,1.767,2.518,1.98,2.219,3.815,3.554,NA,NA
6140,10/19/2017,1684,H3719,F,0.57,CMM,27.721,9.09,5.052,3.501,2.39,5.196,3.223,3.67,6.38,5.55,NA,NA
6169,10/27/2017,1693,H3719,F,0.63,CMM,28.763,8.921,5.006,3.69,2.526,4.764,3.321,3.928,6.404,6.086,NA,NA
6327,2/7/2018,1734,H3719,F,1.59,CMM,36.659,10.73,5.751,4.848,3.268,5.989,4.725,5.197,8.055,7.069,NA,NA
6577,8/30/2018,1800,H3719,F,2.42,CMM,40.776,11.193,5.544,5.558,4.451,6.94,4.51,4.777,9.522,8.361,NA,NA
5621,7/27/2017,1572,H3720,M,0.18,CMM,18.705,6.085,3.632,2.689,1.636,2.517,1.922,2.084,4.028,3.406,NA,NA
5624,7/27/2017,1572,H3723,F,0.19,CMM,18.908,6.303,3.906,2.47,1.802,2.532,2.088,1.759,3.569,3.504,NA,NA
6640,8/19/2019,1819,H3724,M,5.94,CMM,55.994,15.96,6.556,8.049,5.671,9.386,6.876,7.897,14.473,12.126,AS - Remeasured Head Width,RM Set 1
6561,8/2/2018,1795,H3724,F,1.91,CMM,41.094,11.401,5.261,4.627,3.974,6.524,4.265,4.497,8.683,7.54,AS - Remeasured Tibia,RM Set 1
6454,5/1/2018,1765,H3724,F,1.88,CMM,38.463,10.705,4.52,5.06,3.466,5.876,4.133,4.357,8.567,8.06,Data for 5/30/2018,NA
5630,7/27/2017,1573,H3724,F,0.23,CMM,19.245,6.332,4.243,2.91,1.929,2.786,2.112,2.213,4.211,3.537,NA,NA
6139,10/19/2017,1684,H3724,F,0.54,CMM,27.184,8.792,4.611,3.224,2.382,3.862,3.32,3.708,5.856,5.494,NA,NA
6171,10/27/2017,1693,H3724,F,0.53,CMM,26.749,8.472,4.607,3.571,2.444,4.226,2.457,3.284,5.975,5.221,NA,NA
5625,7/27/2017,1572,H3726,M,0.19,CMM,19.233,6.307,3.93,2.545,1.541,2.709,2.106,2.275,3.633,3.643,NA,NA
5615,7/27/2017,1571,H3729,F,0.24,CMM,20.575,7.014,4.091,2.772,1.644,2.224,1.55,1.856,4.099,3.866,AS - Remeasured Humerus,RM Set 1
6329,2/7/2018,1734,H3729,F,1.4,CMM,35.459,9.92,5.383,4.44,3.361,6.407,4.184,4.491,7.903,7.147,NA,NA
5622,7/27/2017,1572,H3732,M,0.33,CMM,20.86,7.137,4.513,3.129,2.09,2.743,2.025,1.982,4.416,3.861,NA,NA
6434,4/24/2018,1760,H3733,F,1.54,CMM,37.835,11.122,4.397,4.69,3.284,5.908,3.874,4.131,8.343,7.375,Data for 5/16/2018,NA
5616,7/27/2017,1571,H3733,F,0.15,CMM,18.72,6.091,3.925,2.518,1.71,2.443,1.856,2.18,3.866,3.361,NA,NA
6358,2/8/2018,1741,H3733,F,1.35,CMM,34.254,9.802,4.424,4.342,3.537,5.268,3.63,3.79,6.669,6.464,NA,NA
6576,8/30/2018,1800,H3733,F,2.32,CMM,39.171,11.331,5.913,5.241,4.131,6.818,4.566,5.134,8.511,6.315,NA,NA
6619,7/23/2019,1812,H3733,F,2.82,CMM,42.58,11.821,5.413,5.175,4.019,6.22,4.922,5.515,8.907,7.799,NA,NA
6440,5/1/2018,1762,H3736,F,1.6,CMM,38.775,11.424,4.41,4.77,3.784,5.205,3.327,3.853,8.5,7.511,Data for 5/30/2018,NA
5617,7/27/2017,1571,H3736,F,0.22,CMM,19.361,6.084,4.167,2.576,1.718,2.823,1.804,1.964,3.91,3.639,NA,NA
6355,2/8/2018,1741,H3736,F,1.41,CMM,35.102,9.833,5.004,4.567,3.513,5.101,3.821,4.046,6.873,6.326,NA,NA
6579,8/30/2018,1800,H3736,F,2,CMM,38.542,11.117,5.798,5.2,4.21,6.509,4.578,4.698,8.877,7.84,NA,NA
5619,7/27/2017,1571,H3738,F,0.2,CMM,20.331,6.853,3.902,2.545,1.785,2.464,1.727,2.013,3.926,3.746,NA,NA
5618,7/27/2017,1571,H3741,F,0.18,CMM,19.168,6.487,3.643,2.746,1.774,2.676,1.842,2.281,4.047,3.688,NA,NA
5631,7/27/2017,1573,H3743,F,0.22,CMM,19.567,6.727,3.757,2.91,1.797,2.696,1.507,1.809,3.748,3.256,NA,NA
6651,8/23/2019,1823,H3744,F,2.21,CMM,42.083,12.309,5.069,5.198,4.144,6.754,4.384,5.112,9.62,8.109,JG remeasured SVL; Corrected mass from data sheet,Mass/SVL check
5678,8/3/2017,1582,H3744,F,0.29,CMM,20.969,7.283,4.657,3.176,1.839,2.786,1.792,2.26,4.451,3.506,NA,NA
6218,11/9/2017,1705,H3744,F,0.44,CMM,26.365,9.141,3.693,3.003,2.23,4.339,2.123,2.555,5.779,5.08,NA,NA
6312,2/6/2018,1730,H3744,F,1.06,CMM,33.209,10.031,5.126,4.134,3.424,5.524,4.048,4.295,7.541,6.652,NA,NA
6429,4/24/2018,1759,H3745,M,2.55,CMM,45.122,13.205,5.226,5.323,4.098,7.357,5.681,6.045,10.581,9.059,Data for 5/16/2018,NA
5671,8/3/2017,1581,H3745,M,0.19,CMM,20.148,6.617,4.331,3.014,1.891,2.703,2.064,2.227,4.343,3.422,NA,NA
6216,11/9/2017,1705,H3745,M,0.77,CMM,29.805,9.294,5.237,3.577,2.677,4.629,3.327,4.002,6.777,6.315,NA,NA
6315,2/6/2018,1731,H3745,M,2.11,CMM,40.368,11.694,6.402,5.269,3.601,6.901,4.973,5.25,9.428,8.093,NA,NA
6571,8/30/2018,1798,H3745,M,4.6,CMM,49.358,12.945,5.537,6.222,4.739,7.457,4.634,5.126,11.33,10.042,NA,NA
6646,8/19/2019,1821,H3745,M,4.79,CMM,49.484,13.717,7.195,6.893,5.259,8.497,6.144,6.932,11.803,9.46,NA,NA
5670,8/3/2017,1581,H3746,F,0.2,CMM,18.905,6.251,4.304,2.656,1.605,2.539,1.319,1.552,3.972,3.531,NA,NA
5677,8/3/2017,1582,H3749,F,0.26,CMM,21.776,7.15,5.101,3.008,1.914,2.986,1.975,2.241,4.54,3.905,NA,NA
5668,8/3/2017,1581,H3750,F,0.17,CMM,20.325,7.007,4.42,2.754,1.567,3.067,1.852,2.284,4.036,3.585,NA,NA
6438,4/24/2018,1761,H3752,M,2.32,CMM,43.524,13.45,5.315,5.728,3.809,7.685,5.888,6.378,10.949,9.762,Data for 5/16/2018,NA
5676,8/3/2017,1582,H3752,M,0.21,CMM,20.276,6.728,4.794,2.943,1.795,3.03,1.88,2.354,4.447,3.586,NA,NA
6219,11/9/2017,1705,H3752,M,0.64,CMM,27.698,8.828,5.378,3.565,2.386,4.138,3.39,4.051,6.393,5.348,NA,NA
6313,2/6/2018,1730,H3752,M,1.68,CMM,38.054,11.743,6.721,5.403,3.595,6.176,4.324,4.986,9.229,8.144,NA,NA
6572,8/30/2018,1798,H3752,M,4.21,CMM,49.838,14.074,6.587,6.224,4.9,8.78,6.656,6.945,11.961,10.638,NA,NA
6636,8/19/2019,1818,H3752,M,4.38,CMM,50.874,14.211,6.972,7.422,5.265,9.771,6.406,7.555,12.783,10.708,NA,NA
6449,5/1/2018,1764,H3753,M,2.75,CMM,42.451,12.713,6.026,5.779,4.246,7.368,3.624,4.548,10.321,8.904,Data for 5/30/2018,NA
5679,8/3/2017,1583,H3753,M,0.24,CMM,21.787,7.274,4.633,2.777,1.59,2.879,1.716,2.201,4.25,3.81,NA,NA
6321,2/6/2018,1732,H3753,M,1.4,CMM,34.528,10.82,5.998,4.492,3.017,5.362,4.033,4.502,8.667,7.555,NA,NA
6573,8/30/2018,1799,H3753,M,4.8,CMM,49.691,14.105,7.312,6.796,5.147,9.481,6.121,6.596,12.658,10.999,NA,NA
6647,8/23/2019,1822,H3753,M,4.68,CMM,51.862,14.443,6.518,7.038,4.972,9.4,5.232,5.689,12.864,11.247,NA,NA
6442,5/1/2018,1762,H3756,M,3.27,CMM,45.337,12.882,5.838,6.718,4.552,8.968,6.019,6.519,11.202,9.223,Data for 5/30/2018,NA
5669,8/3/2017,1581,H3756,M,0.23,CMM,20.438,6.885,5.202,3.163,1.747,2.362,1.829,2.074,4.672,3.605,NA,NA
6214,11/9/2017,1704,H3756,M,0.87,CMM,29.878,9.772,6.022,3.972,2.797,4.462,3.364,4.16,6.67,5.721,NA,NA
6578,8/30/2018,1800,H3756,M,5.66,CMM,52.474,14.869,7.862,7.851,5.699,9.537,7.13,7.44,13.532,10.32,NA,NA
6631,8/19/2019,1816,H3756,M,4.18,CMM,53.979,15.623,6.47,7.263,5.263,10.105,6.635,7.691,11.747,9.851,NA,NA
5675,8/3/2017,1582,H3757,F,0.15,CMM,21.22,7.491,4.578,2.955,1.508,2.997,2.225,2.587,3.934,3.574,JG remeasured SVL,Mass/SVL check
6217,11/9/2017,1705,H3757,F,0.73,CMM,28.926,8.902,4.839,3.721,2.456,4.532,3.574,4.036,6.276,6.146,NA,NA
6316,2/6/2018,1731,H3757,F,1.51,CMM,35.144,10.447,5.556,4.304,3.294,5.791,4.39,4.815,8.143,7.115,NA,NA
6656,8/23/2019,1824,H3757,F,3.36,CMM,44.387,12.15,5.931,5.689,4.93,7.47,5.522,5.957,9.296,7.809,NA,NA
5674,8/3/2017,1582,H3758,F,0.23,CMM,19.48,6.87,4.027,2.562,1.631,2.989,1.564,1.91,3.882,3.521,NA,NA
5667,8/3/2017,1581,H3759,F,0.23,CMM,20.689,6.952,4.805,3.325,1.867,2.941,1.632,1.962,4.349,3.539,NA,NA
5673,8/3/2017,1582,H3761,M,0.23,CMM,19.673,6.898,4.882,2.836,1.713,2.027,1.736,1.985,4.39,3.641,NA,NA
5672,8/3/2017,1581,H3763,F,0.19,CMM,19.801,7.003,4.332,2.644,1.864,2.739,1.681,2.027,3.907,3.482,NA,NA
5747,8/18/2017,1596,H3766,M,0.3,CMM,22.046,7.351,4.549,3.595,2.15,3.313,2.259,2.405,4.333,3.935,NA,NA
5885,9/7/2017,1622,H3766,M,0.33,CMM,23.951,8.01,4.399,3.279,2.067,3.433,2.149,2.204,4.648,4.19,NA,NA
6223,11/10/2017,1706,H3766,M,0.64,CMM,27.503,9.024,4.684,3.974,2.575,4.261,3.08,3.426,5.994,5.006,NA,NA
6317,2/6/2018,1731,H3766,M,1.87,CMM,39.419,11.6,6.251,5.877,4.018,6.856,4.88,5.175,10.089,8.11,NA,NA
6373,2/21/2018,1745,H3766,M,1.64,CMM,38.392,11.549,4.913,5.317,3.285,5.486,4.343,4.647,8.384,7.838,NA,NA
5698,8/11/2017,1587,H3770,F,0.23,CMM,19.678,NA,NA,NA,NA,NA,NA,NA,NA,NA,NA,NA
6439,4/24/2018,1761,H3772,F,1.8,CMM,37.077,10.273,4.847,4.862,3.362,6.635,4.508,4.995,8.373,7.572,Data for 5/16/2018,NA
6207,11/9/2017,1703,H3772,F,0.69,CMM,28.53,8.926,4.749,3.554,2.379,4.438,3.253,4.106,6.612,5.669,NA,NA
6320,2/6/2018,1732,H3772,F,1.45,CMM,35.346,10.119,5.425,4.201,3.383,5.774,4.474,4.549,7.683,6.636,NA,NA
5746,8/18/2017,1596,H3774,F,0.27,CMM,21.442,7.042,3.822,3.333,2.136,2.955,2.289,2.433,4.178,3.749,NA,NA
5873,9/7/2017,1621,H3774,F,0.27,CMM,22.256,7.443,3.537,2.578,2.185,3.349,2.791,3.01,4.492,4.155,NA,NA
6220,11/10/2017,1706,H3774,F,0.75,CMM,27.836,8.603,5.108,4.022,2.619,4.347,3.474,3.636,6.313,5.831,NA,NA
6372,2/21/2018,1745,H3774,F,1.56,CMM,35.697,9.903,4.676,4.803,3.609,5.643,3.917,3.641,7.153,6.889,NA,NA
6544,7/25/2018,1791,H3774,F,2.98,CMM,41.876,12.086,5.215,5.63,4.376,7.184,5.058,5.208,9.026,8.071,NA,NA
6585,9/26/2018,1802,H3774,F,2.96,CMM,43.654,12.52,5.902,5.934,4.475,7.792,5.586,6.041,9.997,8.555,NA,NA
6653,8/23/2019,1824,H3774,F,3.5,CMM,43.423,11.452,5.495,6.231,4.695,7.34,4.748,5.375,10.183,8.678,NA,NA
6441,5/1/2018,1762,H3777,M,1.56,CMM,36.936,11.689,4.41,5.011,3.504,6.236,4.772,5.208,9.141,8.33,Data for 5/30/2018,NA
6311,2/6/2018,1730,H3777,M,0.85,CMM,30.913,10.013,5.25,4.063,2.801,4.9,3.571,4.457,8.023,6.582,NA,NA
6587,9/26/2018,1803,H3777,M,3.82,CMM,47.003,13.126,6.642,7.254,5.175,8.754,6.362,6.532,12.427,10.369,NA,NA
6648,8/23/2019,1822,H3777,M,4.43,CMM,51.309,14.886,7.046,7.409,5.619,9.528,7.101,7.915,13.366,11.014,NA,NA
5704,8/11/2017,1588,H3777,M,0.21,CMM,19.701,6.599,4.443,3.011,1.664,2.952,1.717,2.058,4.303,3.764,very light/unclear ,NA
5736,8/18/2017,1594,H3780,M,0.2,CMM,20.54,7.144,4.276,3.15,1.859,3.154,2.314,2.378,3.949,3.724,NA,NA
5881,9/7/2017,1622,H3780,M,0.22,CMM,21.315,7.079,4.076,3.11,2.093,3.002,1.949,2.136,4.347,3.883,NA,NA
5708,8/11/2017,1588,H3781,F,0.22,CMM,19.688,6.666,4.035,3.016,1.698,3.196,2.106,2.425,3.781,3.476,very light/unclear ,NA
5742,8/18/2017,1595,H3782,M,0.31,CMM,21.106,6.838,4.225,3.624,1.979,2.861,1.545,1.866,4.259,3.758,NA,NA
5889,9/7/2017,1623,H3782,M,0.31,CMM,23.676,7.77,4.448,3.251,2.066,3.501,2.524,2.971,4.706,4.324,NA,NA
5703,8/11/2017,1588,H3783,F,0.29,CMM,20.334,6.591,4.575,2.933,1.775,2.979,2.043,2.292,3.92,3.555,very light/unclear ,NA
5706,8/11/2017,1588,H3785,M,0.28,CMM,21.352,7.34,4.746,2.999,1.642,2.889,1.989,2.128,4.397,3.787,very light/unclear ,NA
5882,9/7/2017,1622,H3786,F,0.29,CMM,23.067,7.403,4.112,3.247,2.001,3.11,2.504,2.653,4.58,3.978,NA,NA
5735,8/18/2017,1594,H3789,F,0.27,CMM,21.279,6.853,4.017,3.126,1.869,2.943,2.174,2.391,4.331,3.86,NA,NA
5745,8/18/2017,1596,H3790,F,0.23,CMM,21.013,6.836,4.024,2.863,1.799,3.347,2.189,2.349,4.239,3.775,NA,NA
5884,9/7/2017,1622,H3790,F,0.28,CMM,22.23,7.388,4.234,3.118,1.907,2.893,1.899,2.05,4.321,3.946,NA,NA
5744,8/18/2017,1596,H3791,M,0.3,CMM,27.583,8.934,4.748,3.712,2.724,4.316,3.193,3.475,6.003,5.208,JG remeasured SVL,Mass/SVL check
5871,9/7/2017,1621,H3791,M,0.31,CMM,22.943,7.627,3.757,3.156,2.313,3.57,2.624,2.59,4.701,4.19,NA,NA
6425,4/24/2018,1758,H3793,F,1.9,CMM,39.329,11.642,5.096,4.543,3.648,6.562,4.818,5.093,7.875,7.132,Data for 5/16/2018 AS - Remeasured Tibia,RM Set 1
5697,8/11/2017,1587,H3793,F,0.28,CMM,20.367,NA,NA,NA,NA,NA,NA,NA,NA,NA,NA,NA
5876,9/7/2017,1621,H3793,F,0.31,CMM,23.097,7.416,3.641,2.973,2.235,3.023,2.135,2.263,4.459,4.277,NA,NA
6209,11/9/2017,1703,H3793,F,0.73,CMM,28.349,9.536,5.317,3.793,2.428,3.971,3.134,3.476,6.577,5.778,NA,NA
6371,2/21/2018,1745,H3793,F,1.6,CMM,36.467,10.115,4.908,4.489,3.195,5.213,4.186,3.947,7.26,6.775,NA,NA
6366,2/21/2018,1743,H3794,F,1.28,CMM,37.815,10.53,4.634,4.644,3.413,5.151,3.789,3.982,7.532,7.189,JG remeasured SVL; Corrected mass from data sheet,Mass/SVL check
5741,8/18/2017,1595,H3794,F,0.26,CMM,20.726,6.563,4.191,2.91,1.843,2.789,2.284,2.379,4.336,3.621,NA,NA
5883,9/7/2017,1622,H3794,F,0.25,CMM,22.442,7.082,4.287,3.445,2.123,3.185,2.541,2.733,4.934,4.365,NA,NA
6226,11/10/2017,1706,H3794,F,0.79,CMM,28.046,8.465,5.527,3.928,2.662,4.512,2.803,2.852,6.608,5.964,NA,NA
6547,7/25/2018,1792,H3794,F,2.73,CMM,42.427,11.35,5.542,5.594,4.367,7.074,4.711,5.185,9.845,8.473,NA,NA
6586,9/26/2018,1803,H3794,F,2.94,CMM,44.714,11.935,5.738,5.877,4.285,6.583,5.034,5.607,9.542,8.525,NA,NA
6649,8/23/2019,1822,H3794,F,3.85,CMM,47.919,13.195,6.214,6.037,4.349,7.198,5.287,6.176,10.574,9.601,NA,NA
5740,8/18/2017,1595,H3795,F,0.15,CMM,17.948,5.962,3.69,2.334,1.676,2.909,1.817,2.062,3.787,3.165,NA,NA
5701,8/11/2017,1587,H3798,F,0.31,CMM,21.596,NA,NA,NA,NA,NA,NA,NA,NA,NA,NA,NA
5877,9/7/2017,1621,H3798,F,0.33,CMM,24.779,8.053,3.487,3.093,2.259,3.051,NA,2.492,4.672,4.425,NA,NA
5734,8/18/2017,1594,H3799,F,0.27,CMM,20.888,6.674,4.101,3.291,1.888,3.054,1.941,2.316,3.973,3.786,NA,NA
5880,9/7/2017,1622,H3799,M,0.28,CMM,22.467,7.28,3.95,2.974,1.839,3.425,2.337,2.503,4.225,4.129,NA,NA
5739,8/18/2017,1595,H3801,M,0.32,CMM,21.927,7.332,3.999,3.774,2.128,2.952,2.214,2.543,4.252,3.852,NA,NA
5872,9/7/2017,1621,H3801,M,0.34,CMM,24.527,8.139,3.595,3.139,2.178,3.376,2.398,2.469,4.609,4.186,NA,NA
6447,5/1/2018,1763,H3803,M,2.65,CMM,44.687,13.092,5.946,5.989,4.302,7.747,5.724,6.094,10.549,8.801,Data for 5/30/2018,NA
5699,8/11/2017,1587,H3803,M,0.28,CMM,20.288,NA,NA,NA,NA,NA,NA,NA,NA,NA,NA,NA
5878,9/7/2017,1621,H3803,M,0.3,CMM,23.895,7.711,3.734,2.848,2.045,2.996,2.503,2.482,4.531,3.966,NA,NA
6210,11/9/2017,1704,H3803,M,0.76,CMM,29.452,9.136,5.128,3.778,2.695,5.205,3.248,3.568,6.38,6.005,NA,NA
6319,2/6/2018,1732,H3803,M,2.17,CMM,41.555,12.107,6.679,5.331,3.58,6.828,5.319,5.738,9.672,8.295,NA,NA
6583,9/26/2018,1802,H3803,M,2.56,CMM,48.007,13.002,6.414,6.593,5.389,8.479,6.315,7.219,11.16,9.235,NA,NA
6588,9/26/2018,1803,H3806,F,2.07,CMM,37.936,10.685,5.273,4.889,3.962,5.848,2.676,3.069,8.308,6.894,AS - Remeasured Radius and Ulna,RM Set 1
6654,8/23/2019,1824,H3806,F,2.37,CMM,39.89,10.866,5.525,5.267,4.211,6.71,4.375,5.16,8.165,7.019,AS - Remeasured Tibia,RM Set 1
6445,5/1/2018,1763,H3806,F,1.63,CMM,36.548,10.689,4.422,4.561,3.7,5.643,3.431,4.101,8.418,7.39,Data for 5/30/2018,NA
5702,8/11/2017,1587,H3806,F,0.24,CMM,19.253,NA,NA,NA,NA,NA,NA,NA,NA,NA,NA,NA
5874,9/7/2017,1621,H3806,F,0.24,CMM,22.22,7.249,3.672,2.863,1.936,3.157,2.314,2.572,4.401,3.774,NA,NA
6208,11/9/2017,1703,H3806,F,0.59,CMM,26.705,8.529,4.511,3.175,2.294,4.185,2.945,3.27,5.615,5.21,NA,NA
6310,2/6/2018,1730,H3806,F,1.31,CMM,34.542,10.321,5.318,4.369,3.171,5.563,4.221,4.483,7.975,6.129,NA,NA
6427,4/24/2018,1758,H3808,F,1.16,CMM,34.474,11.056,5.054,4.236,3.139,6.14,4.172,4.468,8.583,6.552,Data for 5/16/2018,NA
6212,11/9/2017,1704,H3808,F,0.55,CMM,26.322,9.096,4.331,3.394,2.27,4.205,2.793,3.722,6.04,5.116,NA,NA
6370,2/21/2018,1744,H3808,F,1.03,CMM,33.079,10.204,4.224,4.361,3.004,5.169,3.831,3.835,7.034,6.703,NA,NA
6659,8/23/2019,1825,H3808,F,2.82,CMM,42.594,12.065,5.473,5.365,4.322,6.679,4.87,5.349,9.952,8.309,NA,NA
5707,8/11/2017,1588,H3809,M,0.22,CMM,19.737,6.465,4.094,2.34,1.588,2.668,1.954,2.091,4.452,3.924,AS - Remeasured Pectoral,RM Set 1
5743,8/18/2017,1595,H3810,F,0.25,CMM,20.811,6.799,4.082,2.964,2.072,2.888,2.044,2.287,4.444,4.218,NA,NA
5875,9/7/2017,1621,H3810,F,0.34,CMM,22.845,7.677,3.547,2.842,1.993,3.423,2.549,2.798,4.987,4.62,NA,NA
5738,8/18/2017,1595,H3811,F,0.27,CMM,21.643,7.484,4.24,3.212,2.077,2.959,1.794,2.022,4.053,3.858,NA,NA
5886,9/7/2017,1622,H3811,F,0.3,CMM,23.444,7.852,4.273,3.078,2.011,3.66,2.437,2.595,4.748,4.31,NA,NA
6221,11/10/2017,1706,H3811,F,0.63,CMM,27.384,8.855,5.319,3.734,2.671,3.385,3.244,4.015,6.332,5.622,NA,NA
6367,2/21/2018,1744,H3811,F,1.39,CMM,35.487,10.935,4.335,4.477,3.455,5.275,4.115,4.392,7.263,6.832,NA,NA
6552,7/25/2018,1793,H3811,F,1.73,CMM,42.132,11.878,5.156,4.8,4.114,5.907,4.933,5.156,8.989,7.651,NA,NA
6595,9/26/2018,1805,H3811,F,1.74,CMM,39.203,11.595,4.96,4.848,3.764,5.685,3.9,4.668,8.628,7.519,NA,NA
6431,4/24/2018,1759,H3812,F,1.7,CMM,37.59,11.528,4.825,5.052,4.097,6.818,4.439,4.905,8.917,7.667,Data for 5/16/2018,NA
5700,8/11/2017,1587,H3812,F,0.29,CMM,21.158,NA,NA,NA,NA,NA,NA,NA,NA,NA,NA,NA
5879,9/7/2017,1622,H3812,F,0.27,CMM,24.666,7.815,4.225,3.194,1.975,3.261,2.392,2.631,4.928,4.48,NA,NA
6211,11/9/2017,1704,H3812,F,0.73,CMM,28.512,9.038,4.842,3.624,2.615,4.512,3.423,3.98,6.264,5.698,NA,NA
6314,2/6/2018,1731,H3812,F,1.4,CMM,36.266,10.851,5.631,4.197,3.408,6.202,4.554,5.105,8.329,7.069,NA,NA
6584,9/26/2018,1802,H3812,F,2.62,CMM,42.958,12.123,5.402,5.718,4.656,6.339,4.83,5.305,9.309,8.543,NA,NA
6650,8/23/2019,1823,H3812,F,3.4,CMM,45.713,12.412,6.515,5.719,4.504,6.747,4.571,5.359,9.302,8.612,NA,NA
5793,8/24/2017,1605,H3814,M,0.24,CMM,19.907,6.371,3.968,2.957,1.841,2.869,1.7,1.965,3.783,3.496,NA,NA
6033,9/22/2017,1658,H3814,M,0.37,CMM,22.962,7.02,4.235,2.682,1.985,3.625,2.214,2.48,4.976,4.786,NA,NA
6258,11/16/2017,1716,H3814,M,0.91,CMM,30.976,9.665,4.938,3.947,2.865,4.567,3.056,4.015,6.85,6.043,NA,NA
6369,2/21/2018,1744,H3814,M,2.12,CMM,42.534,11.421,5.11,5.48,3.908,6.232,4.218,4.046,8.508,8.038,NA,NA
6545,7/25/2018,1791,H3814,M,4.13,CMM,48.88,12.979,5.97,6.633,4.848,8.459,6.081,6.456,11.536,10.727,NA,NA
6590,9/26/2018,1804,H3814,M,4.54,CMM,48.837,13.462,6.003,6.56,4.904,7.551,4.627,5.863,12.267,10.07,NA,NA
6657,8/23/2019,1825,H3814,M,5.41,CMM,56.057,15.32,6.702,6.497,5.409,8.294,6.815,7.764,11.513,9.892,NA,NA
5796,8/24/2017,1605,H3815,F,0.26,CMM,22.442,7.392,4.109,3.029,1.793,3.057,1.91,2.401,3.884,4.107,NA,NA
5946,9/14/2017,1635,H3815,F,0.41,CMM,22.894,7.72,4.502,3.268,2.067,3.305,2.506,2.612,4.952,4.451,NA,NA
5802,8/24/2017,1606,H3816,M,0.28,CMM,23.401,7.709,4.1,3.365,2.01,2.938,2.158,2.417,4.592,4.035,NA,NA
5941,9/14/2017,1635,H3816,M,0.37,CMM,24.782,7.871,4.529,3.335,2.102,3.435,2.175,2.276,4.908,4.549,NA,NA
5733,8/18/2017,1594,H3817,F,0.14,CMM,21.03,6.686,3.802,2.437,1.82,2.831,2.286,2.588,3.408,3.455,JG remeasured SVL,Mass/SVL check
5795,8/24/2017,1605,H3818,F,0.21,CMM,21.207,6.529,3.818,2.949,1.777,2.432,2.05,2.007,3.645,3.577,NA,NA
5947,9/14/2017,1635,H3818,F,0.34,CMM,23.793,7.553,4.106,3.317,2.022,3.717,2.079,2.323,4.58,4.208,NA,NA
6249,11/16/2017,1713,H3818,F,0.84,CMM,29.36,8.414,5.068,4.094,2.685,4.509,3.12,3.438,6.433,5.794,NA,NA
6365,2/21/2018,1743,H3818,F,1.76,CMM,37.68,10.249,4.752,4.59,3.544,4.514,3.562,3.832,6.835,7.26,NA,NA
6546,7/25/2018,1791,H3818,F,2.14,CMM,40.365,10.909,4.956,5.409,4.36,6.927,5.075,5.265,8.061,7.028,NA,NA
6581,9/26/2018,1801,H3818,F,2.61,CMM,40.957,11.662,5.229,5.653,4.23,6.913,4.706,5.473,9.297,7.295,NA,NA
6658,8/23/2019,1825,H3818,F,3.38,CMM,43.496,11.822,5.627,5.619,4.439,7.203,4.635,5.49,9.426,8.19,NA,NA
5801,8/24/2017,1606,H3820,F,0.23,CMM,19.933,6.376,4.019,2.878,1.893,2.933,1.996,2.284,4.135,3.926,NA,NA
5942,9/14/2017,1635,H3820,F,0.39,CMM,22.181,7.152,3.945,3.035,1.821,3.056,2.379,2.636,4.457,4.203,NA,NA
5800,8/24/2017,1606,H3821,M,0.26,CMM,21.063,6.966,4.158,2.966,1.849,2.909,2.227,2.618,4.713,4.329,NA,NA
5943,9/14/2017,1635,H3821,M,0.41,CMM,22.526,7.401,4.316,3.347,2.084,3.449,2.515,2.685,4.773,4.477,NA,NA
5799,8/24/2017,1606,H3823,F,0.24,CMM,21.902,6.962,4.383,3.105,1.914,3.16,2.249,2.382,3.72,3.649,NA,NA
5944,9/14/2017,1635,H3823,F,0.38,CMM,21.659,6.739,4.259,3.178,2.088,3.072,2.005,2.059,4.83,4.252,NA,NA
6593,9/26/2018,1805,H3826,F,2.53,CMM,40.416,11.241,5.273,5.337,3.874,6.388,2.648,3.483,9.649,8.252,AS - Remeasured Radius,RM Set 1
5792,8/24/2017,1605,H3826,F,0.17,CMM,19.713,6.559,3.841,2.621,1.798,2.958,1.867,2.222,4.074,3.681,NA,NA
6026,9/22/2017,1657,H3826,F,0.42,CMM,23.067,7.387,3.887,2.832,1.949,3.336,2.27,2.595,5.44,5.211,NA,NA
6260,11/16/2017,1716,H3826,F,0.85,CMM,28.013,8.959,4.608,3.947,2.509,4.376,2.77,3.131,6.876,6.018,NA,NA
6377,2/21/2018,1746,H3826,F,1.57,CMM,34.913,10.51,4.866,3.904,3.143,6.096,4.42,4.624,8.425,7.638,NA,NA
6553,7/25/2018,1793,H3826,F,2.16,CMM,39.067,10.596,5.075,5.118,3.9,6.633,4.179,4.585,9.068,8.606,NA,NA
6652,8/23/2019,1823,H3826,F,3.07,CMM,41.556,11.143,5.542,5.565,4.374,7.109,4.397,4.718,10.269,8.641,NA,NA
6548,7/25/2018,1792,H3829,F,1.74,CMM,36.47,10.286,4.955,4.749,3.766,6.796,4.556,4.814,9.051,8.005,AS - Remeasured Head Length,RM Set 1
5949,9/14/2017,1636,H3829,F,0.36,CMM,23.181,7.094,4.541,3.201,2.237,3.81,2.506,2.878,5.148,4.497,NA,NA
6257,11/16/2017,1716,H3829,F,0.72,CMM,28.142,9.002,4.847,4.24,2.475,4.103,2.67,3.291,6.86,5.85,NA,NA
6374,2/21/2018,1745,H3829,F,1.32,CMM,34.903,9.968,4.687,4.418,3.03,5.245,4.297,4.44,6.55,6.448,NA,NA
5794,8/24/2017,1605,H3830,M,0.22,CMM,20.933,6.768,4.019,2.857,1.802,2.534,2.015,2.105,4.046,3.769,NA,NA
5948,9/14/2017,1636,H3830,M,0.32,CMM,23.295,7.597,4.093,2.947,1.885,3.459,2.305,2.291,4.746,4.363,NA,NA
6259,11/16/2017,1716,H3830,M,0.83,CMM,29.688,9.6,4.842,3.728,2.505,4.681,3.823,4.076,6.626,5.778,NA,NA
6368,2/21/2018,1744,H3830,M,1.29,CMM,35.314,10.95,4.551,4.394,3.164,5.111,4.461,4.438,7.724,7.031,NA,NA
5798,8/24/2017,1606,H3832,F,0.24,CMM,21.561,7.458,4.138,2.937,1.83,2.397,1.97,2.247,3.698,3.569,AS - Remeasured Head Length,RM Set 1
5945,9/14/2017,1635,H3832,F,0.38,CMM,23.62,7.962,4.279,3.171,2.01,3.183,2.43,2.731,4.778,4.272,NA,NA
5737,8/18/2017,1594,H3833,M,0.3,CMM,22.091,7.163,4.426,3.584,2.025,3.194,2.354,2.363,4.628,4.049,NA,NA
5888,9/7/2017,1623,H3833,M,0.3,CMM,24.136,7.712,4.376,3.309,2.002,3.58,2.668,2.828,5.007,4.557,NA,NA
5732,8/18/2017,1594,H3834,F,0.26,CMM,21.736,6.918,4.007,3.243,1.74,2.788,2.427,2.306,4.098,3.754,NA,NA
5939,9/14/2017,1635,H3834,F,0.38,CMM,23.347,7.396,4.331,3.309,1.997,3.505,2.524,2.553,4.684,4.534,NA,NA
5731,8/18/2017,1594,H3835,M,0.27,CMM,20.521,6.987,4.36,3.391,2.058,3.006,1.939,2.272,4.343,3.782,AS - Remeasured Pectoral,RM Set 1
5940,9/14/2017,1635,H3835,M,0.33,CMM,23.836,7.507,4.687,3.234,2.112,3.68,2.594,2.826,4.811,4.605,NA,NA
5791,8/24/2017,1605,H3836,M,0.22,CMM,20.587,6.819,4.342,3.251,1.822,2.655,2.032,2.439,4.202,3.72,NA,NA
5797,8/24/2017,1605,H3837,M,0.16,CMM,19.327,NA,NA,NA,NA,NA,NA,NA,NA,NA,Not there,RM Set 1
5835,9/1/2017,1613,H3839,F,0.31,CMM,21.757,7.029,4.313,3.118,1.838,2.841,2.265,2.373,4.274,3.829,NA,NA
5789,8/24/2017,1604,H3840,F,0.21,CMM,18.979,6.603,3.84,2.58,2.161,2.921,1.974,2.35,3.774,3.914,NA,NA
5839,9/1/2017,1614,H3841,M,0.3,CMM,21.927,7.303,4.124,3.047,1.898,2.81,2.279,2.517,4.2,4.149,NA,NA
5784,8/24/2017,1604,H3843,F,0.16,CMM,18.651,6.278,3.663,2.599,1.957,2.308,1.869,1.863,3.908,3.438,NA,NA
6030,9/22/2017,1658,H3843,F,0.36,CMM,22.907,7.96,3.582,2.959,2.083,3.496,2.251,2.373,5.197,4.468,NA,NA
6285,12/7/2017,1723,H3843,F,0.8,CMM,31.427,9.822,4.995,3.782,3.061,4.638,3.678,4.139,6.726,5.98,NA,NA
6380,3/1/2018,1747,H3843,F,1.59,CMM,35.096,10.414,4.889,4.672,3.663,5.601,3.792,4.219,7.901,6.726,NA,NA
6549,7/25/2018,1792,H3843,F,2.31,CMM,43.188,11.507,4.618,5.185,4.014,6.851,4.647,5.191,8.973,8.827,NA,NA
6599,10/31/2018,1806,H3843,F,2.71,CMM,44.279,12.177,5.205,5.086,4.332,7.594,4.444,6.006,9.185,8.391,NA,NA
6655,8/23/2019,1824,H3843,F,3.42,CMM,43.457,11.224,5.676,5.81,4.758,7.12,4.236,5.081,10.153,8.516,NA,NA
5788,8/24/2017,1604,H3844,M,0.24,CMM,20.531,6.803,4.167,3.151,1.834,3.013,1.807,2.186,4.11,3.804,NA,NA
5834,9/1/2017,1613,H3845,M,0.3,CMM,20.352,6.776,4.187,2.957,1.827,2.519,2.039,2.35,3.957,3.622,NA,NA
5901,9/7/2017,1625,H3845,M,0.37,CMM,27.786,8.861,4.48,3.584,2.615,4.205,3.216,3.377,5.815,5.344,NA,NA
6027,9/22/2017,1657,H3845,M,0.38,CMM,23.21,7.801,3.143,2.925,1.842,2.693,1.986,1.92,4.922,4.138,NA,NA
5787,8/24/2017,1604,H3846,F,0.23,CMM,20.637,6.693,3.951,2.905,1.788,2.384,1.989,2.168,3.955,3.828,NA,NA
5841,9/1/2017,1614,H3848,M,0.24,CMM,20.082,6.623,4.283,2.963,1.842,2.747,1.946,2.121,3.948,3.311,NA,NA
5786,8/24/2017,1604,H3849,M,0.14,CMM,20.347,6.808,3.807,2.79,2.018,2.825,2.019,2.718,3.906,3.433,NA,NA
6600,10/31/2018,1807,H3855,M,4.38,CMM,51.422,14.115,6.538,7.418,5.352,9.123,6.828,7.058,11.794,9.586,AS - Remeasured Tibia,RM Set 1
5832,9/1/2017,1613,H3855,M,0.34,CMM,22.035,7.561,4.3,3.099,1.949,2.935,2.385,2.484,4.069,3.643,NA,NA
6028,9/22/2017,1657,H3855,M,0.4,CMM,24.403,8.193,4.014,3.176,2.059,3.267,2.533,2.498,5.175,4.889,NA,NA
6378,3/1/2018,1747,H3855,M,1.93,CMM,41.521,12.738,5.677,5.09,3.582,6.768,5.137,5.342,9.67,8.465,NA,NA
6468,5/24/2018,1769,H3855,M,2.87,CMM,45.956,13.402,5.529,6.724,4.166,7.329,5.36,5.664,10.702,9.678,NA,NA
6660,10/11/2019,1826,H3855,M,5.89,CMM,54.945,15.924,7.274,8.156,5.75,9.141,6.939,7.891,12.944,11.157,NA,NA
5790,8/24/2017,1605,H3858,M,0.11,CMM,18.965,6.592,3.717,2.453,1.603,2.39,1.997,2.256,3.793,3.547,NA,NA
5783,8/24/2017,1604,H3860,F,0.18,CMM,19.625,6.267,3.882,3.181,2.294,2.974,1.983,2.263,3.905,3.551,NA,NA
5785,8/24/2017,1604,H3862,M,0.23,CMM,20.205,6.683,4.074,3.112,1.929,2.671,2.029,2.222,4.186,3.979,NA,NA
5782,8/24/2017,1604,H3863,M,0.18,CMM,19.535,6.58,4.152,2.991,1.729,2.147,1.415,1.761,3.82,3.171,NA,NA
5894,9/7/2017,1623,H3865,M,0.25,CMM,21.475,6.856,4.29,3.16,1.826,3.09,2.045,1.927,4.493,3.964,NA,NA
5895,9/7/2017,1623,H3866,M,0.2,CMM,19.401,6.41,4.027,2.528,1.818,2.292,1.507,1.751,4.267,3.747,NA,NA
5893,9/7/2017,1623,H3867,M,0.28,CMM,21.307,6.935,3.953,2.996,1.956,2.806,2.28,2.369,4.23,3.786,NA,NA
5836,9/1/2017,1613,H3868,M,0.26,CMM,19.464,6.55,4.118,2.945,1.956,2.817,1.736,2.268,3.907,3.323,NA,NA
5891,9/7/2017,1623,H3869,NA,NA,CMM,NA,NA,NA,NA,NA,NA,NA,NA,NA,NA,Not there,NA
5890,9/7/2017,1623,H3870,F,0.28,CMM,21.239,6.887,3.806,3.023,1.781,2.686,2.224,2.26,3.788,3.669,NA,NA
5905,9/7/2017,1625,H3871,F,0.2,CMM,21.104,6.874,3.686,2.749,1.745,2.367,2.128,2.443,3.857,3.789,NA,NA
5842,9/1/2017,1614,H3872,M,0.29,CMM,21.072,7.129,3.856,2.846,1.732,2.821,2.281,2.661,4.185,4.068,NA,NA
5838,9/1/2017,1614,H3873,F,0.26,CMM,19.779,6.656,4.055,2.727,1.864,2.468,1.72,2.024,3.848,3.444,NA,NA
5892,9/7/2017,1623,H3874,M,0.26,CMM,20.796,6.396,4.136,2.847,1.883,2.031,1.503,1.736,4.194,3.706,AS - Remeasured Ulna,RM Set 1
5831,9/1/2017,1613,H3875,M,0.3,CMM,21.043,7.274,4.066,3.293,1.708,2.586,2.071,2.29,3.968,3.666,NA,NA
5910,9/7/2017,1626,H3876,M,0.26,CMM,21.966,7.402,4.261,2.819,1.696,2.945,2.263,2.417,4.432,4.57,NA,NA
5952,9/14/2017,1636,H3879,F,0.23,CMM,20.345,6.656,3.995,2.991,1.806,3.231,2.119,2.357,4.25,3.815,NA,NA
6078,10/3/2017,1671,H3879,F,0.44,CMM,23.999,8.217,3.449,3.099,2.222,3.576,2.819,2.943,4.946,4.573,NA,NA
5950,9/14/2017,1636,H3881,F,0.16,CMM,20.169,6.747,3.839,2.595,1.708,3.412,2.039,2.358,4.14,3.669,NA,NA
6087,10/3/2017,1672,H3881,F,0.4,CMM,23.951,7.857,4.328,3.287,1.973,3.375,2.465,2.906,5.24,4.611,NA,NA
5951,9/14/2017,1636,H3883,F,0.35,CMM,21.186,6.825,4.482,3.153,1.907,3.07,2.013,2.238,4.467,3.843,NA,NA
6085,10/3/2017,1672,H3883,F,0.51,CMM,24.498,8.293,4.274,3.344,2.225,3.574,2.431,2.865,5.516,4.622,NA,NA
6281,12/7/2017,1722,H3885,M,1.01,CMM,33.727,10.458,5.233,4.343,3.093,5.361,3.89,4.363,7.885,7.376,NA,NA
5953,9/14/2017,1636,H3886,M,0.29,CMM,21.186,6.983,4.276,3.184,1.855,2.927,2.131,2.121,4.055,3.713,NA,NA
6079,10/3/2017,1671,H3886,M,0.56,CMM,25.503,8.367,4.522,3.577,2.073,3.337,2.616,3.005,5.263,4.739,NA,NA
5954,9/14/2017,1636,H3888,F,0.26,CMM,20.334,6.897,4.018,2.693,1.856,2.765,1.774,2.118,4.203,3.777,NA,NA
5887,9/7/2017,1623,H3891,F,0.23,CMM,19.373,6.565,4.136,2.831,1.807,2.701,1.776,1.962,3.723,3.664,NA,NA
6080,10/3/2017,1671,H3891,F,0.43,CMM,24.049,8.015,4.767,3.205,2.136,3.437,2.4,3.022,5.301,4.998,NA,NA
6125,10/19/2017,1682,H3896,F,0.35,CMM,23.02,7.965,4.25,3.287,2.05,3.231,2.608,2.75,5.041,4.385,NA,NA
6500,7/3/2018,1778,H3896,F,1.63,CMM,38.205,11.405,5.042,4.989,3.828,6.236,4.202,4.584,8.608,8.005,NA,NA
6602,10/31/2018,1807,H3896,F,1.41,CMM,38.477,11.187,5.032,5.305,4.049,6.467,4.63,5.034,8.817,8.088,NA,NA
6662,10/11/2019,1827,H3896,F,1.88,CMM,41.692,11.783,5.937,5.534,4.6,6.398,5.125,5.401,9.302,7.7,NA,NA
6025,9/22/2017,1657,H3897,M,0.23,CMM,20.647,7.452,3.892,2.731,1.751,2.885,1.742,2.004,4.403,3.833,NA,NA
6145,10/19/2017,1684,H3897,M,0.41,CMM,24.298,8.344,4.168,3.157,2.041,3.488,2.657,2.856,5.205,4.582,NA,NA
6297,1/6/2018,1726,H3897,M,0.66,CMM,27.646,9.445,4.847,3.667,2.673,4.533,3.099,3.504,6.218,5.669,NA,NA
6403,4/11/2018,1753,H3897,M,1.5,CMM,36.927,11.079,5.122,4.673,3.342,5.83,4.602,5.058,8.212,7.484,NA,NA
6516,7/3/2018,1783,H3897,M,3.38,CMM,45.349,13.563,5.799,6.537,4.593,8.037,5.993,6.099,10.349,9.21,NA,NA
6596,10/31/2018,1806,H3897,M,4.23,CMM,49.085,14.335,6.818,7.251,5.433,8.618,6.501,6.668,12.205,11.107,NA,NA
6661,10/11/2019,1826,H3897,M,4.07,CMM,52.613,15.438,6.974,6.783,5.251,9.651,6.167,7.603,12.464,10.985,NA,NA
6035,9/22/2017,1658,H3900,F,0.24,CMM,19.266,7.473,2.873,2.717,1.792,2.285,1.751,2.231,3.975,3.222,NA,NA
6136,10/19/2017,1683,H3900,F,0.45,CMM,24.007,7.843,4.452,3.302,2.366,3.413,2.652,2.816,5.434,4.871,NA,NA
6177,10/27/2017,1694,H3900,F,0.55,CMM,25.856,8.135,4.367,3.389,2.374,3.519,3.12,3.624,5.24,4.849,NA,NA
6290,1/6/2018,1725,H3900,F,0.99,CMM,30.204,9.529,5.235,3.894,3.109,5.388,3.755,3.899,6.848,5.649,NA,NA
6400,4/11/2018,1753,H3900,F,1.46,CMM,34.609,9.224,4.295,4.019,3.619,4.84,3.552,3.713,6.937,5.818,NA,NA
6509,7/3/2018,1781,H3900,F,1.58,CMM,35.391,10.246,4.48,4.553,3.753,5.782,3.975,4.621,7.797,6.092,NA,NA
6606,10/31/2018,1808,H3900,F,1.64,CMM,36.692,10.49,4.835,4.739,4.01,5.945,4.229,4.698,8.252,6.953,NA,NA
6664,10/11/2019,1827,H3900,F,2.21,CMM,40.663,11.446,5.018,4.855,3.993,6.571,4.808,5.41,8.075,8.07,NA,NA
6034,9/22/2017,1658,H3904,M,0.3,CMM,21.287,7.631,3.537,2.999,1.733,2.725,2.261,2.365,4.361,3.424,AS - Remeasured Head Length,RM Set 1
6289,1/6/2018,1725,H3904,M,1.09,CMM,32.257,10.319,5.822,4.525,3.505,4.625,2.204,2.925,7.941,6.854,AS - Remeasured Radius,RM Set 1
6133,10/19/2017,1683,H3904,M,0.3,CMM,22.358,7.389,4.061,2.978,1.875,2.722,1.112,1.425,4.753,3.978,AS - Remeasured Radius and Ulna,RM Set 1
6174,10/27/2017,1693,H3904,M,0.39,CMM,22.448,7.916,3.782,3.461,2.117,3.081,2.261,2.492,5.043,4.317,NA,NA
6404,4/11/2018,1753,H3904,M,2.68,CMM,43.703,11.811,5.777,6.421,4.164,6.684,4.017,4.474,9.564,8.679,NA,NA
6517,7/3/2018,1783,H3904,M,4.28,CMM,48.383,13.2,6.532,7.399,4.873,9.635,6.267,6.33,11.183,9.091,NA,NA
6607,10/31/2018,1808,H3904,M,4.91,CMM,50.087,13.929,7.654,7.913,5.788,8.648,5.606,6.214,12.732,10.598,NA,NA
6666,10/11/2019,1828,H3904,M,5.49,CMM,54.861,15.586,6.322,7.658,5.993,8.921,7.002,8.051,12.785,10.926,NA,NA
6088,10/3/2017,1672,H3919,M,0.27,CMM,20.984,7.624,3.799,3.013,1.853,3.195,2.094,2.344,4.411,3.664,NA,NA
6408,4/11/2018,1754,H3920,F,1.86,CMM,37.853,10.278,5.024,4.866,3.61,5.819,4.902,4.82,8.012,6.824,AS - Remeasured Femur,RM Set 1
6296,1/6/2018,1726,H3920,F,0.93,CMM,31.771,9.151,5.261,4.015,2.889,5.62,3.755,4.357,7.119,6.111,NA,NA
6506,7/3/2018,1780,H3920,F,2.81,CMM,43.268,11.932,5.145,5.558,4.441,7.254,5.334,5.746,9.537,7.68,NA,NA
6598,10/31/2018,1806,H3920,F,2.99,CMM,43.96,11.609,5.446,6.039,4.67,7.135,4.856,5.417,9.95,8.36,NA,NA
6663,10/11/2019,1827,H3920,F,3.34,CMM,46.259,12.395,6.515,6.027,5.113,7.949,4.904,5.832,10.723,9.099,NA,NA
6076,10/3/2017,1671,H3929,F,0.28,CMM,20.74,7.079,3.228,2.69,1.855,2.808,1.862,2.016,4.152,3.624,NA,NA
6123,10/19/2017,1682,H3948,F,0.24,CMM,19.919,6.71,3.316,3.219,1.657,2.511,1.548,1.621,4.208,3.537,NA,NA
6181,10/27/2017,1694,H3948,F,0.3,CMM,21.203,7.521,4.046,2.677,1.964,3.232,2.37,2.925,4.765,4.173,NA,NA
6228,11/10/2017,1706,H3948,F,0.35,CMM,23.737,7.693,3.951,3.401,2.422,3.303,2.42,3.059,4.631,4.306,NA,NA
6307,2/6/2018,1729,H3948,F,0.9,CMM,30.076,9.777,4.811,4.122,2.908,5.193,4.012,4.547,6.245,5.188,NA,NA
6410,4/18/2018,1755,H3948,F,0.98,CMM,31.377,8.421,4.645,4.306,3.039,4.321,3.106,3.163,6.397,6.113,NA,NA
6542,7/18/2018,1790,H3948,F,1.27,CMM,34.237,9.75,4.543,4.533,3.469,5.675,4.212,4.309,7.587,6.381,NA,NA
6603,10/31/2018,1807,H3948,F,1.62,CMM,35.962,10.186,4.848,5.049,3.81,6.188,4.511,4.909,8.776,7.413,NA,NA
6665,10/11/2019,1828,H3948,F,1.86,CMM,39.714,10.48,4.97,5.338,4.071,5.833,4.316,5.025,8.89,7.694,NA,NA
6417,4/18/2018,1756,H3951,F,1.9,CMM,37.468,10.824,5.205,4.721,3.761,5.479,4.567,4.627,7.355,7.241,*2 with same ID number??,NA
6227,11/10/2017,1706,H3951,F,0.44,CMM,24.152,7.805,4.425,3.11,2.415,3.756,2.82,3.343,5.321,3.921,NA,NA
6318,2/6/2018,1732,H3951,F,1.25,CMM,32.809,9.653,5.949,4.28,2.893,4.982,3.398,3.801,7.204,5.566,NA,NA
6531,7/18/2018,1787,H3951,F,2.48,CMM,43.687,12.437,5.113,5.458,4.001,7.09,5.584,5.696,8.809,7.646,NA,NA
6604,10/31/2018,1808,H3951,F,2.54,CMM,42.38,11.882,5.524,6.184,4.459,7.306,5.145,5.554,8.388,6.861,NA,NA
6667,10/11/2019,1828,H3951,F,3.4,CMM,48.767,13.207,6.065,5.953,5.049,7.947,5.878,6.176,10.089,8.14,NA,NA
6574,8/30/2018,1799,H3953,F,2.6,CMM,42.75,11.824,5.788,5.84,3.865,6.034,4.96,5.479,9.728,8.602,NA,NA
6134,10/19/2017,1683,H3954,F,0.24,CMM,19.555,7.137,3.874,2.375,1.864,2.674,1.877,2.311,4.152,3.588,NA,NA
6137,10/19/2017,1683,H3956,M,0.24,CMM,19.959,6.827,3.97,2.762,1.821,2.508,1.809,2.195,4.079,3.438,NA,NA
6180,10/27/2017,1694,H3956,M,0.36,CMM,22.624,7.708,3.356,3.012,1.867,3.103,2.049,2.31,4.485,4.034,NA,NA
6414,4/18/2018,1756,H3956,M,2.27,CMM,43.48,11.955,5.24,5.486,3.957,6.008,4.714,4.921,9.411,8.596,NA,NA
6520,7/18/2018,1784,H3956,M,3.87,CMM,46.284,12.113,6.354,6.698,4.891,8.875,5.845,5.907,10.75,9.136,NA,NA
6601,10/31/2018,1807,H3956,M,4.29,CMM,47.663,12.759,6.515,6.816,5.112,9.211,6.432,7.034,10.977,8.594,NA,NA
6443,5/1/2018,1762,H3958,M,3.07,CMM,44.187,12.943,5.097,5.9,3.936,7.958,5.881,6.281,9.369,8.967,Data for 5/30/2018,NA
6222,11/10/2017,1706,H3958,M,0.37,CMM,22.67,7.687,3.716,2.853,1.891,3.089,2.026,2.286,4.51,4.241,NA,NA
6309,2/6/2018,1729,H3958,M,1.4,CMM,34.929,11.163,5.686,4.678,3.093,5.805,4.325,5.301,8.013,6.533,NA,NA
6575,8/30/2018,1799,H3958,M,4.66,CMM,47.714,12.785,6.606,6.858,4.786,7.681,6.109,6.482,12.004,9.802,NA,NA
6435,4/24/2018,1760,H3959,F,2.06,CMM,39.62,11.473,4.715,4.946,3.652,6.432,4.989,5.3,8.639,7.867,Data for 5/16/2018,NA
6215,11/9/2017,1705,H3959,F,0.4,CMM,23.764,7.514,3.88,3.314,2.091,3.624,3.024,3.344,5.125,4.606,NA,NA
6308,2/6/2018,1729,H3959,F,1.26,CMM,33.231,10.559,5.101,4.834,2.986,4.9,3.786,4.337,7.106,6.476,NA,NA
6582,9/26/2018,1802,H3963,M,2.56,CMM,41.045,11.082,5.488,5.611,4.479,7.445,5.042,5.567,9.506,8.123,NA,NA
6306,2/6/2018,1729,H3964,F,0.89,CMM,31.005,9.978,5.326,4.254,3.2,4.907,2.229,2.744,6.652,6.136,AS - Remeasured Radius,RM Set 1
6433,4/24/2018,1760,H3964,F,1.39,CMM,35.694,11.218,4.447,4.559,3.488,5.919,2.654,3.244,8.134,6.697,Data for 5/16/2018,NA
6225,11/10/2017,1706,H3964,F,0.22,CMM,20.462,6.823,4.031,3.02,1.92,3.649,2.303,2.347,4.439,3.665,NA,NA
6592,9/26/2018,1804,H3964,F,1.87,CMM,39.837,11.719,5.358,5.033,4.154,6.496,4.45,5.079,8.662,7.316,NA,NA
6428,4/24/2018,1759,H3965,M,1.9,CMM,37.91,10.997,4.898,4.766,3.554,6.138,4.019,4.246,8.454,6.881,Data for 5/16/2018,NA
6363,2/21/2018,1743,H3965,M,1.22,CMM,33.324,9.843,4.56,4.658,3.002,4.978,3.933,4.237,5.952,5.726,NA,NA
6437,4/24/2018,1761,H3966,M,2.19,CMM,41.719,12.276,4.905,5.393,3.778,6.912,5.002,5.65,9.552,7.446,Data for 5/16/2018 AS - Remeasured Radius and Ulna,RM Set 1
6224,11/10/2017,1706,H3966,M,0.34,CMM,22.145,7.391,3.696,2.736,1.959,2.721,2.024,2.261,4.324,3.629,NA,NA
6305,2/6/2018,1729,H3966,M,1.21,CMM,33.327,10.265,5.711,4.584,3.508,5.282,4.26,4.435,7.874,6.727,NA,NA
6594,9/26/2018,1805,H3966,M,4.49,CMM,48.635,13.398,6.417,7.259,5.23,9.247,6.003,6.717,11.173,9.587,NA,NA
6267,11/30/2017,1718,H3968,M,0.27,CMM,22.134,7.329,3.885,3.267,1.988,3.125,2.043,2.846,4.57,4.182,NA,NA
6292,1/6/2018,1725,H3968,M,0.68,CMM,28.165,9.311,4.619,4.064,2.736,4.416,2.746,3.454,6.734,5.469,NA,NA
6361,2/21/2018,1742,H3968,M,1.15,CMM,34.8,10.431,4.723,4.749,3.14,4.728,2.949,3.145,6.93,6.741,NA,NA
6266,11/30/2017,1718,H3969,M,0.32,CMM,22.751,7.534,3.942,3.075,2.002,3.08,2.846,2.9,4.836,4.483,NA,NA
6293,1/6/2018,1725,H3969,M,0.84,CMM,30.038,9.713,5.44,3.415,2.734,4.474,3.479,4.305,6.299,5.711,NA,NA
6362,2/21/2018,1742,H3969,M,1.24,CMM,35.643,10.372,4.765,4.533,3.142,5.151,4.444,4.612,7.364,7.182,NA,NA
6379,3/1/2018,1747,H3969,M,1.42,CMM,35.47,10.735,5.156,5.127,3.294,5.915,3.655,3.936,8.595,7.407,NA,NA
6554,7/25/2018,1793,H3969,M,4.71,CMM,48.247,12.788,8.182,6.708,5.125,8.939,6.327,6.569,12.428,9.931,NA,NA
6591,9/26/2018,1804,H3969,M,4.81,CMM,50.569,14.285,6.624,7.104,5.176,9.142,6.623,7.684,12.385,11.496,NA,NA
6268,11/30/2017,1718,H3971,F,0.2,CMM,20.395,7.368,3.649,3.195,1.76,3.054,2.094,2.563,4.333,3.585,NA,NA
6291,1/6/2018,1725,H3971,F,0.52,CMM,26.471,8.179,4.973,3.881,2.362,4.2,2.615,2.97,5.576,5.084,NA,NA
6360,2/21/2018,1742,H3971,F,0.81,CMM,30.317,9.067,4.212,3.957,2.607,4.251,3.681,3.726,5.539,5.39,NA,NA
6557,7/25/2018,1794,H3971,F,2.05,CMM,39.579,11.227,4.867,4.905,3.687,6.451,5.208,5.349,8.319,7.278,NA,NA
6589,9/26/2018,1803,H3971,F,2.12,CMM,40.193,11.61,5.275,4.56,4.036,6.9,4.912,5.522,8.9,7.687,NA,NA
6298,1/6/2018,1726,H3972,F,0.7,CMM,29.198,9.603,5.633,3.842,2.754,4.451,3.654,3.983,6.669,6.028,NA,NA
6550,7/25/2018,1792,H3972,F,1.94,CMM,37.922,11.117,4.67,5.068,4.059,5.342,4.442,5.125,8.522,7.214,NA,NA
6294,1/6/2018,1726,H3976,F,0.58,CMM,27.726,8.686,4.636,3.976,2.573,4.314,2.923,3.84,5.998,5.194,NA,NA
6409,4/11/2018,1754,H3976,F,1.22,CMM,33.652,10.143,5,4.606,3.311,4.952,4.317,4.324,7.164,6.307,NA,NA
6485,6/5/2018,1774,H3976,F,1.65,CMM,36.316,10.695,4.68,5.27,3.753,5.957,4.574,5.248,8.468,7.297,NA,NA
6597,10/31/2018,1806,H3976,F,2.02,CMM,39.03,10.733,5.138,5.669,4.267,6.76,4.593,4.757,9.902,8.394,NA,NA
6295,1/6/2018,1726,H3978,M,0.57,CMM,25.083,8.405,4.432,3.711,2.218,3.497,2.86,3.282,6.017,4.678,NA,NA
6406,4/11/2018,1754,H3978,M,1.82,CMM,37.507,10.166,4.974,5.024,3.642,6.198,4.331,4.196,7.786,6.723,NA,NA
6476,5/24/2018,1771,H3978,M,2.57,CMM,42.976,12.652,5.996,6.155,4.005,7.756,5.701,6.314,9.743,8.863,NA,NA
6605,10/31/2018,1808,H3978,M,4.87,CMM,48.282,13.659,7.538,7.419,5.149,8.814,6.107,7.219,11.686,10.213,NA,NA
6304,2/6/2018,1729,H3986,M,1.7,CMM,37.483,10.877,6.044,5.014,3.523,6.352,4.478,4.981,8.068,6.084,NA,NA
5095,2/13/2017,1421,H529,M,6.14,CMM,60.034,NA,NA,NA,NA,NA,NA,NA,NA,NA,NA,NA
5093,2/13/2017,1420,H530,M,5.05,CMM,51.872,NA,NA,NA,NA,NA,NA,NA,NA,NA,NA,NA
5090,2/13/2017,1419,H531,M,5.21,CMM,51.78,NA,NA,NA,NA,NA,NA,NA,NA,NA,NA,NA
5092,2/13/2017,1420,H532,F,1.8,CMM,38.436,NA,NA,NA,NA,NA,NA,NA,NA,NA,NA,NA
5096,2/13/2017,1422,H533,F,2.38,CMM,44.085,NA,NA,NA,NA,NA,NA,NA,NA,NA,NA,NA
5094,2/13/2017,1421,H535,M,4.43,CMM,55.783,NA,NA,NA,NA,NA,NA,NA,NA,NA,NA,NA
5091,2/13/2017,1419,H536,M,4.98,CMM,54.205,NA,NA,NA,NA,NA,NA,NA,NA,NA,NA,NA
5089,2/13/2017,1418,H540,F,1.9,CMM,41.474,NA,NA,NA,NA,NA,NA,NA,NA,NA,NA,NA
5088,2/13/2017,1418,H541,F,1.92,CMM,42.042,NA,NA,NA,NA,NA,NA,NA,NA,NA,NA,NA
6332,2/7/2018,1735,H5562,F,1.18,CMM,34.476,10.191,5.345,4.05,3.071,5.702,4.333,4.554,7.23,6.695,NA,NA
5098,2/14/2017,1423,H589,F,1.89,CMM,39.052,NA,NA,NA,NA,NA,NA,NA,NA,NA,NA,NA
5104,2/14/2017,1425,H590,F,2.29,CMM,43.133,NA,NA,NA,NA,NA,NA,NA,NA,NA,NA,NA
5100,2/14/2017,1424,H592,M,5.06,CMM,53.999,NA,NA,NA,NA,NA,NA,NA,NA,NA,NA,NA
5101,2/14/2017,1424,H599,F,1.82,CMM,40.138,NA,NA,NA,NA,NA,NA,NA,NA,NA,NA,NA
5103,2/14/2017,1425,H600,F,1.87,CMM,39.872,NA,NA,NA,NA,NA,NA,NA,NA,NA,NA,NA
5102,2/14/2017,1425,H604,M,5.18,CMM,52.813,NA,NA,NA,NA,NA,NA,NA,NA,NA,NA,NA
5097,2/14/2017,1423,H616,F,1.74,CMM,40.512,NA,NA,NA,NA,NA,NA,NA,NA,NA,NA,NA
5099,2/14/2017,1423,H620,F,1.63,CMM,40.092,NA,NA,NA,NA,NA,NA,NA,NA,NA,NA,NA
